family,atom,expected_safe,fedfence_safe,correct,presence_safe,nowild_safe,exactenv_safe,findings,ms
action_multi,0,False,False,True,True,True,True,unsupported-allow-statement-field,1.546
action_multi,1,False,False,True,True,True,True,unsupported-allow-statement-field,0.876
action_multi,2,False,False,True,True,True,True,unsupported-allow-statement-field,0.817
action_multi,3,False,False,True,True,True,True,unsupported-allow-statement-field,0.955
action_multi,4,False,False,True,True,True,True,unsupported-allow-statement-field,0.956
action_multi,5,False,False,True,True,True,True,unsupported-allow-statement-field,0.974
action_multi,6,False,False,True,True,True,True,unsupported-allow-statement-field,0.961
action_multi,7,False,False,True,True,True,True,unsupported-allow-statement-field,0.684
action_multi,8,False,False,True,True,True,True,unsupported-allow-statement-field,0.917
action_multi,9,False,False,True,True,True,True,unsupported-allow-statement-field,0.967
action_multi,10,False,False,True,True,True,True,unsupported-allow-statement-field,1.027
action_multi,11,False,False,True,True,True,True,unsupported-allow-statement-field,0.87
action_multi,12,False,False,True,True,True,True,unsupported-allow-statement-field,0.967
action_multi,13,False,False,True,True,True,True,unsupported-allow-statement-field,1.0
action_multi,14,False,False,True,True,True,True,unsupported-allow-statement-field,0.73
action_multi,15,False,False,True,True,True,True,unsupported-allow-statement-field,0.958
action_multi,16,False,False,True,True,True,True,unsupported-allow-statement-field,0.782
action_multi,17,False,False,True,True,True,True,unsupported-allow-statement-field,0.705
action_multi,18,False,False,True,True,True,True,unsupported-allow-statement-field,1.182
action_multi,19,False,False,True,True,True,True,unsupported-allow-statement-field,0.758
action_multi,20,False,False,True,True,True,True,unsupported-allow-statement-field,0.693
action_multi,21,False,False,True,True,True,True,unsupported-allow-statement-field,0.697
action_multi,22,False,False,True,True,True,True,unsupported-allow-statement-field,0.67
action_multi,23,False,False,True,True,True,True,unsupported-allow-statement-field,0.689
action_multi,24,False,False,True,True,True,True,unsupported-allow-statement-field,0.706
action_multi,25,False,False,True,True,True,True,unsupported-allow-statement-field,0.7
action_multi,26,False,False,True,True,True,True,unsupported-allow-statement-field,0.673
action_multi,27,False,False,True,True,True,True,unsupported-allow-statement-field,0.692
action_multi,28,False,False,True,True,True,True,unsupported-allow-statement-field,0.863
action_multi,29,False,False,True,True,True,True,unsupported-allow-statement-field,0.946
action_multi,30,False,False,True,True,True,True,unsupported-allow-statement-field,0.669
action_multi,31,False,False,True,True,True,True,unsupported-allow-statement-field,0.67
action_multi,32,False,False,True,True,True,True,unsupported-allow-statement-field,0.962
action_multi,33,False,False,True,True,True,True,unsupported-allow-statement-field,0.933
action_multi,34,False,False,True,True,True,True,unsupported-allow-statement-field,0.972
action_multi,35,False,False,True,True,True,True,unsupported-allow-statement-field,0.877
action_multi,36,False,False,True,True,True,True,unsupported-allow-statement-field,1.03
action_multi,37,False,False,True,True,True,True,unsupported-allow-statement-field,1.057
action_multi,38,False,False,True,True,True,True,unsupported-allow-statement-field,0.897
action_multi,39,False,False,True,True,True,True,unsupported-allow-statement-field,0.713
action_multi,40,False,False,True,True,True,True,unsupported-allow-statement-field,0.89
action_multi,41,False,False,True,True,True,True,unsupported-allow-statement-field,1.104
action_multi,42,False,False,True,True,True,True,unsupported-allow-statement-field,1.004
action_multi,43,False,False,True,True,True,True,unsupported-allow-statement-field,0.906
action_multi,44,False,False,True,True,True,True,unsupported-allow-statement-field,0.764
action_multi,45,False,False,True,True,True,True,unsupported-allow-statement-field,0.676
action_multi,46,False,False,True,True,True,True,unsupported-allow-statement-field,0.706
action_multi,47,False,False,True,True,True,True,unsupported-allow-statement-field,0.828
action_multi,48,False,False,True,True,True,True,unsupported-allow-statement-field,0.834
action_multi,49,False,False,True,True,True,True,unsupported-allow-statement-field,0.772
action_multi,50,False,False,True,True,True,True,unsupported-allow-statement-field,0.658
action_multi,51,False,False,True,True,True,True,unsupported-allow-statement-field,0.868
action_multi,52,False,False,True,True,True,True,unsupported-allow-statement-field,0.727
action_multi,53,False,False,True,True,True,True,unsupported-allow-statement-field,0.666
action_multi,54,False,False,True,True,True,True,unsupported-allow-statement-field,0.73
action_multi,55,False,False,True,True,True,True,unsupported-allow-statement-field,0.663
action_multi,56,False,False,True,True,True,True,unsupported-allow-statement-field,0.685
action_multi,57,False,False,True,True,True,True,unsupported-allow-statement-field,0.695
action_multi,58,False,False,True,True,True,True,unsupported-allow-statement-field,0.659
action_multi,59,False,False,True,True,True,True,unsupported-allow-statement-field,0.699
action_multi,60,False,False,True,True,True,True,unsupported-allow-statement-field,0.654
action_multi,61,False,False,True,True,True,True,unsupported-allow-statement-field,0.665
action_multi,62,False,False,True,True,True,True,unsupported-allow-statement-field,0.657
action_multi,63,False,False,True,True,True,True,unsupported-allow-statement-field,0.779
action_wild,0,False,False,True,True,False,False,unsupported-allow-statement-field,0.78
action_wild,1,False,False,True,True,False,False,unsupported-allow-statement-field,0.666
action_wild,2,False,False,True,True,False,False,unsupported-allow-statement-field,0.653
action_wild,3,False,False,True,True,False,False,unsupported-allow-statement-field,0.651
action_wild,4,False,False,True,True,False,False,unsupported-allow-statement-field,0.651
action_wild,5,False,False,True,True,False,False,unsupported-allow-statement-field,0.979
action_wild,6,False,False,True,True,False,False,unsupported-allow-statement-field,0.967
action_wild,7,False,False,True,True,False,False,unsupported-allow-statement-field,0.945
action_wild,8,False,False,True,True,False,False,unsupported-allow-statement-field,0.75
action_wild,9,False,False,True,True,False,False,unsupported-allow-statement-field,0.766
action_wild,10,False,False,True,True,False,False,unsupported-allow-statement-field,0.988
action_wild,11,False,False,True,True,False,False,unsupported-allow-statement-field,0.837
action_wild,12,False,False,True,True,False,False,unsupported-allow-statement-field,0.697
action_wild,13,False,False,True,True,False,False,unsupported-allow-statement-field,0.674
action_wild,14,False,False,True,True,False,False,unsupported-allow-statement-field,0.696
action_wild,15,False,False,True,True,False,False,unsupported-allow-statement-field,0.679
action_wild,16,False,False,True,True,False,False,unsupported-allow-statement-field,0.669
action_wild,17,False,False,True,True,False,False,unsupported-allow-statement-field,0.672
action_wild,18,False,False,True,True,False,False,unsupported-allow-statement-field,0.67
action_wild,19,False,False,True,True,False,False,unsupported-allow-statement-field,0.665
action_wild,20,False,False,True,True,False,False,unsupported-allow-statement-field,0.657
action_wild,21,False,False,True,True,False,False,unsupported-allow-statement-field,2.937
action_wild,22,False,False,True,True,False,False,unsupported-allow-statement-field,0.98
action_wild,23,False,False,True,True,False,False,unsupported-allow-statement-field,0.815
action_wild,24,False,False,True,True,False,False,unsupported-allow-statement-field,0.831
action_wild,25,False,False,True,True,False,False,unsupported-allow-statement-field,0.747
action_wild,26,False,False,True,True,False,False,unsupported-allow-statement-field,0.976
action_wild,27,False,False,True,True,False,False,unsupported-allow-statement-field,0.939
action_wild,28,False,False,True,True,False,False,unsupported-allow-statement-field,0.678
action_wild,29,False,False,True,True,False,False,unsupported-allow-statement-field,0.672
action_wild,30,False,False,True,True,False,False,unsupported-allow-statement-field,0.679
action_wild,31,False,False,True,True,False,False,unsupported-allow-statement-field,0.741
action_wild,32,False,False,True,True,False,False,unsupported-allow-statement-field,0.668
action_wild,33,False,False,True,True,False,False,unsupported-allow-statement-field,0.648
action_wild,34,False,False,True,True,False,False,unsupported-allow-statement-field,0.668
action_wild,35,False,False,True,True,False,False,unsupported-allow-statement-field,0.679
action_wild,36,False,False,True,True,False,False,unsupported-allow-statement-field,0.694
action_wild,37,False,False,True,True,False,False,unsupported-allow-statement-field,0.844
action_wild,38,False,False,True,True,False,False,unsupported-allow-statement-field,0.798
action_wild,39,False,False,True,True,False,False,unsupported-allow-statement-field,0.707
action_wild,40,False,False,True,True,False,False,unsupported-allow-statement-field,0.672
action_wild,41,False,False,True,True,False,False,unsupported-allow-statement-field,0.671
action_wild,42,False,False,True,True,False,False,unsupported-allow-statement-field,0.696
action_wild,43,False,False,True,True,False,False,unsupported-allow-statement-field,0.773
action_wild,44,False,False,True,True,False,False,unsupported-allow-statement-field,0.686
action_wild,45,False,False,True,True,False,False,unsupported-allow-statement-field,0.684
action_wild,46,False,False,True,True,False,False,unsupported-allow-statement-field,0.678
action_wild,47,False,False,True,True,False,False,unsupported-allow-statement-field,0.68
action_wild,48,False,False,True,True,False,False,unsupported-allow-statement-field,0.68
action_wild,49,False,False,True,True,False,False,unsupported-allow-statement-field,0.833
action_wild,50,False,False,True,True,False,False,unsupported-allow-statement-field,0.679
action_wild,51,False,False,True,True,False,False,unsupported-allow-statement-field,0.663
action_wild,52,False,False,True,True,False,False,unsupported-allow-statement-field,0.702
action_wild,53,False,False,True,True,False,False,unsupported-allow-statement-field,0.773
action_wild,54,False,False,True,True,False,False,unsupported-allow-statement-field,0.806
action_wild,55,False,False,True,True,False,False,unsupported-allow-statement-field,0.679
action_wild,56,False,False,True,True,False,False,unsupported-allow-statement-field,0.721
action_wild,57,False,False,True,True,False,False,unsupported-allow-statement-field,0.688
action_wild,58,False,False,True,True,False,False,unsupported-allow-statement-field,0.733
action_wild,59,False,False,True,True,False,False,unsupported-allow-statement-field,0.912
action_wild,60,False,False,True,True,False,False,unsupported-allow-statement-field,0.892
action_wild,61,False,False,True,True,False,False,unsupported-allow-statement-field,0.806
action_wild,62,False,False,True,True,False,False,unsupported-allow-statement-field,0.842
action_wild,63,False,False,True,True,False,False,unsupported-allow-statement-field,0.896
arnequals_question,0,True,True,True,True,False,False,,3.409
arnequals_question,1,True,True,True,True,False,False,,4.04
arnequals_question,2,True,True,True,True,False,False,,3.642
arnequals_question,3,True,True,True,True,False,False,,3.804
arnequals_question,4,True,True,True,True,False,False,,3.353
arnequals_question,5,True,True,True,True,False,False,,2.953
arnequals_question,6,True,True,True,True,False,False,,2.967
arnequals_question,7,True,True,True,True,False,False,,3.744
arnequals_question,8,True,True,True,True,False,False,,3.752
arnequals_question,9,True,True,True,True,False,False,,3.635
arnequals_question,10,True,True,True,True,False,False,,3.007
arnequals_question,11,True,True,True,True,False,False,,3.085
arnequals_question,12,True,True,True,True,False,False,,3.705
arnequals_question,13,True,True,True,True,False,False,,4.043
arnequals_question,14,True,True,True,True,False,False,,4.284
arnequals_question,15,True,True,True,True,False,False,,3.786
arnequals_question,16,True,True,True,True,False,False,,3.916
arnequals_question,17,True,True,True,True,False,False,,2.982
arnequals_question,18,True,True,True,True,False,False,,2.957
arnequals_question,19,True,True,True,True,False,False,,2.933
arnequals_question,20,True,True,True,True,False,False,,2.939
arnequals_question,21,True,True,True,True,False,False,,3.083
arnequals_question,22,True,True,True,True,False,False,,3.701
arnequals_question,23,True,True,True,True,False,False,,3.507
arnequals_question,24,True,True,True,True,False,False,,3.375
arnequals_question,25,True,True,True,True,False,False,,3.71
arnequals_question,26,True,True,True,True,False,False,,3.03
arnequals_question,27,True,True,True,True,False,False,,3.051
arnequals_question,28,True,True,True,True,False,False,,3.41
arnequals_question,29,True,True,True,True,False,False,,4.072
arnequals_question,30,True,True,True,True,False,False,,3.305
arnequals_question,31,True,True,True,True,False,False,,3.179
arnequals_question,32,True,True,True,True,False,False,,3.433
arnequals_question,33,True,True,True,True,False,False,,3.215
arnequals_question,34,True,True,True,True,False,False,,3.029
arnequals_question,35,True,True,True,True,False,False,,3.066
arnequals_question,36,True,True,True,True,False,False,,3.006
arnequals_question,37,True,True,True,True,False,False,,3.021
arnequals_question,38,True,True,True,True,False,False,,3.069
arnequals_question,39,True,True,True,True,False,False,,3.016
arnequals_question,40,True,True,True,True,False,False,,2.951
arnequals_question,41,True,True,True,True,False,False,,2.996
arnequals_question,42,True,True,True,True,False,False,,3.0
arnequals_question,43,True,True,True,True,False,False,,3.044
arnequals_question,44,True,True,True,True,False,False,,2.883
arnequals_question,45,True,True,True,True,False,False,,3.022
arnequals_question,46,True,True,True,True,False,False,,2.958
arnequals_question,47,True,True,True,True,False,False,,2.993
arnequals_question,48,True,True,True,True,False,False,,3.01
arnequals_question,49,True,True,True,True,False,False,,2.956
arnequals_question,50,True,True,True,True,False,False,,2.847
arnequals_question,51,True,True,True,True,False,False,,3.11
arnequals_question,52,True,True,True,True,False,False,,3.078
arnequals_question,53,True,True,True,True,False,False,,2.974
arnequals_question,54,True,True,True,True,False,False,,2.943
arnequals_question,55,True,True,True,True,False,False,,2.958
arnequals_question,56,True,True,True,True,False,False,,3.058
arnequals_question,57,True,True,True,True,False,False,,3.037
arnequals_question,58,True,True,True,True,False,False,,3.061
arnequals_question,59,True,True,True,True,False,False,,3.201
arnequals_question,60,True,True,True,True,False,False,,2.951
arnequals_question,61,True,True,True,True,False,False,,3.032
arnequals_question,62,True,True,True,True,False,False,,3.028
arnequals_question,63,True,True,True,True,False,False,,3.015
arnlike,0,True,True,True,True,True,True,,4.845
arnlike,1,True,True,True,True,True,True,,4.874
arnlike,2,True,True,True,True,True,True,,4.916
arnlike,3,True,True,True,True,True,True,,5.024
arnlike,4,True,True,True,True,True,True,,5.018
arnlike,5,True,True,True,True,True,True,,4.943
arnlike,6,True,True,True,True,True,True,,5.259
arnlike,7,True,True,True,True,True,True,,4.972
arnlike,8,True,True,True,True,True,True,,4.946
arnlike,9,True,True,True,True,True,True,,5.106
arnlike,10,True,True,True,True,True,True,,4.93
arnlike,11,True,True,True,True,True,True,,4.895
arnlike,12,True,True,True,True,True,True,,5.244
arnlike,13,True,True,True,True,True,True,,4.918
arnlike,14,True,True,True,True,True,True,,4.951
arnlike,15,True,True,True,True,True,True,,4.982
arnlike,16,True,True,True,True,True,True,,4.996
arnlike,17,True,True,True,True,True,True,,4.956
arnlike,18,True,True,True,True,True,True,,5.01
arnlike,19,True,True,True,True,True,True,,5.103
arnlike,20,True,True,True,True,True,True,,4.794
arnlike,21,True,True,True,True,True,True,,4.965
arnlike,22,True,True,True,True,True,True,,4.806
arnlike,23,True,True,True,True,True,True,,4.904
arnlike,24,True,True,True,True,True,True,,5.035
arnlike,25,True,True,True,True,True,True,,5.032
arnlike,26,True,True,True,True,True,True,,5.109
arnlike,27,True,True,True,True,True,True,,5.0
arnlike,28,True,True,True,True,True,True,,5.06
arnlike,29,True,True,True,True,True,True,,5.003
arnlike,30,True,True,True,True,True,True,,4.954
arnlike,31,True,True,True,True,True,True,,5.021
arnlike,32,True,True,True,True,True,True,,5.094
arnlike,33,True,True,True,True,True,True,,4.912
arnlike,34,True,True,True,True,True,True,,5.236
arnlike,35,True,True,True,True,True,True,,5.103
arnlike,36,True,True,True,True,True,True,,5.16
arnlike,37,True,True,True,True,True,True,,5.061
arnlike,38,True,True,True,True,True,True,,5.083
arnlike,39,True,True,True,True,True,True,,5.048
arnlike,40,True,True,True,True,True,True,,4.927
arnlike,41,True,True,True,True,True,True,,5.085
arnlike,42,True,True,True,True,True,True,,5.157
arnlike,43,True,True,True,True,True,True,,5.509
arnlike,44,True,True,True,True,True,True,,5.098
arnlike,45,True,True,True,True,True,True,,5.124
arnlike,46,True,True,True,True,True,True,,5.22
arnlike,47,True,True,True,True,True,True,,5.065
arnlike,48,True,True,True,True,True,True,,5.165
arnlike,49,True,True,True,True,True,True,,5.138
arnlike,50,True,True,True,True,True,True,,4.978
arnlike,51,True,True,True,True,True,True,,5.107
arnlike,52,True,True,True,True,True,True,,5.063
arnlike,53,True,True,True,True,True,True,,5.014
arnlike,54,True,True,True,True,True,True,,5.101
arnlike,55,True,True,True,True,True,True,,4.931
arnlike,56,True,True,True,True,True,True,,5.18
arnlike,57,True,True,True,True,True,True,,4.961
arnlike,58,True,True,True,True,True,True,,5.108
arnlike,59,True,True,True,True,True,True,,4.995
arnlike,60,True,True,True,True,True,True,,4.777
arnlike,61,True,True,True,True,True,True,,5.069
arnlike,62,True,True,True,True,True,True,,5.034
arnlike,63,True,True,True,True,True,True,,4.975
aud_list_broad,0,False,False,True,True,True,True,audience-overgrant,4.169
aud_list_broad,1,False,False,True,True,True,True,audience-overgrant,4.322
aud_list_broad,2,False,False,True,True,True,True,audience-overgrant,4.323
aud_list_broad,3,False,False,True,True,True,True,audience-overgrant,4.317
aud_list_broad,4,False,False,True,True,True,True,audience-overgrant,4.382
aud_list_broad,5,False,False,True,True,True,True,audience-overgrant,4.278
aud_list_broad,6,False,False,True,True,True,True,audience-overgrant,4.274
aud_list_broad,7,False,False,True,True,True,True,audience-overgrant,4.278
aud_list_broad,8,False,False,True,True,True,True,audience-overgrant,4.317
aud_list_broad,9,False,False,True,True,True,True,audience-overgrant,4.31
aud_list_broad,10,False,False,True,True,True,True,audience-overgrant,4.26
aud_list_broad,11,False,False,True,True,True,True,audience-overgrant,4.324
aud_list_broad,12,False,False,True,True,True,True,audience-overgrant,4.588
aud_list_broad,13,False,False,True,True,True,True,audience-overgrant,4.346
aud_list_broad,14,False,False,True,True,True,True,audience-overgrant,4.393
aud_list_broad,15,False,False,True,True,True,True,audience-overgrant,4.293
aud_list_broad,16,False,False,True,True,True,True,audience-overgrant,4.305
aud_list_broad,17,False,False,True,True,True,True,audience-overgrant,4.313
aud_list_broad,18,False,False,True,True,True,True,audience-overgrant,4.383
aud_list_broad,19,False,False,True,True,True,True,audience-overgrant,4.272
aud_list_broad,20,False,False,True,True,True,True,audience-overgrant,4.177
aud_list_broad,21,False,False,True,True,True,True,audience-overgrant,4.338
aud_list_broad,22,False,False,True,True,True,True,audience-overgrant,4.218
aud_list_broad,23,False,False,True,True,True,True,audience-overgrant,4.334
aud_list_broad,24,False,False,True,True,True,True,audience-overgrant,4.316
aud_list_broad,25,False,False,True,True,True,True,audience-overgrant,4.346
aud_list_broad,26,False,False,True,True,True,True,audience-overgrant,4.429
aud_list_broad,27,False,False,True,True,True,True,audience-overgrant,4.377
aud_list_broad,28,False,False,True,True,True,True,audience-overgrant,4.437
aud_list_broad,29,False,False,True,True,True,True,audience-overgrant,4.312
aud_list_broad,30,False,False,True,True,True,True,audience-overgrant,4.213
aud_list_broad,31,False,False,True,True,True,True,audience-overgrant,4.473
aud_list_broad,32,False,False,True,True,True,True,audience-overgrant,4.357
aud_list_broad,33,False,False,True,True,True,True,audience-overgrant,4.183
aud_list_broad,34,False,False,True,True,True,True,audience-overgrant,4.276
aud_list_broad,35,False,False,True,True,True,True,audience-overgrant,4.532
aud_list_broad,36,False,False,True,True,True,True,audience-overgrant,4.373
aud_list_broad,37,False,False,True,True,True,True,audience-overgrant,4.372
aud_list_broad,38,False,False,True,True,True,True,audience-overgrant,4.351
aud_list_broad,39,False,False,True,True,True,True,audience-overgrant,4.358
aud_list_broad,40,False,False,True,True,True,True,audience-overgrant,4.183
aud_list_broad,41,False,False,True,True,True,True,audience-overgrant,4.334
aud_list_broad,42,False,False,True,True,True,True,audience-overgrant,4.394
aud_list_broad,43,False,False,True,True,True,True,audience-overgrant,4.443
aud_list_broad,44,False,False,True,True,True,True,audience-overgrant,4.314
aud_list_broad,45,False,False,True,True,True,True,audience-overgrant,4.527
aud_list_broad,46,False,False,True,True,True,True,audience-overgrant,4.435
aud_list_broad,47,False,False,True,True,True,True,audience-overgrant,4.334
aud_list_broad,48,False,False,True,True,True,True,audience-overgrant,4.687
aud_list_broad,49,False,False,True,True,True,True,audience-overgrant,4.387
aud_list_broad,50,False,False,True,True,True,True,audience-overgrant,4.135
aud_list_broad,51,False,False,True,True,True,True,audience-overgrant,4.306
aud_list_broad,52,False,False,True,True,True,True,audience-overgrant,4.329
aud_list_broad,53,False,False,True,True,True,True,audience-overgrant,4.299
aud_list_broad,54,False,False,True,True,True,True,audience-overgrant,4.431
aud_list_broad,55,False,False,True,True,True,True,audience-overgrant,4.185
aud_list_broad,56,False,False,True,True,True,True,audience-overgrant,4.315
aud_list_broad,57,False,False,True,True,True,True,audience-overgrant,4.388
aud_list_broad,58,False,False,True,True,True,True,audience-overgrant,4.415
aud_list_broad,59,False,False,True,True,True,True,audience-overgrant,4.376
aud_list_broad,60,False,False,True,True,True,True,audience-overgrant,4.214
aud_list_broad,61,False,False,True,True,True,True,audience-overgrant,4.529
aud_list_broad,62,False,False,True,True,True,True,audience-overgrant,4.386
aud_list_broad,63,False,False,True,True,True,True,audience-overgrant,4.379
audwild,0,False,False,True,True,False,False,audience-overgrant,2.804
audwild,1,False,False,True,True,False,False,audience-overgrant,2.893
audwild,2,False,False,True,True,False,False,audience-overgrant,2.856
audwild,3,False,False,True,True,False,False,audience-overgrant,2.899
audwild,4,False,False,True,True,False,False,audience-overgrant,2.865
audwild,5,False,False,True,True,False,False,audience-overgrant,2.936
audwild,6,False,False,True,True,False,False,audience-overgrant,2.869
audwild,7,False,False,True,True,False,False,audience-overgrant,2.925
audwild,8,False,False,True,True,False,False,audience-overgrant,2.917
audwild,9,False,False,True,True,False,False,audience-overgrant,2.888
audwild,10,False,False,True,True,False,False,audience-overgrant,2.891
audwild,11,False,False,True,True,False,False,audience-overgrant,2.911
audwild,12,False,False,True,True,False,False,audience-overgrant,3.06
audwild,13,False,False,True,True,False,False,audience-overgrant,2.984
audwild,14,False,False,True,True,False,False,audience-overgrant,2.933
audwild,15,False,False,True,True,False,False,audience-overgrant,2.989
audwild,16,False,False,True,True,False,False,audience-overgrant,2.972
audwild,17,False,False,True,True,False,False,audience-overgrant,2.994
audwild,18,False,False,True,True,False,False,audience-overgrant,2.939
audwild,19,False,False,True,True,False,False,audience-overgrant,3.043
audwild,20,False,False,True,True,False,False,audience-overgrant,2.864
audwild,21,False,False,True,True,False,False,audience-overgrant,2.964
audwild,22,False,False,True,True,False,False,audience-overgrant,2.894
audwild,23,False,False,True,True,False,False,audience-overgrant,3.022
audwild,24,False,False,True,True,False,False,audience-overgrant,3.044
audwild,25,False,False,True,True,False,False,audience-overgrant,2.964
audwild,26,False,False,True,True,False,False,audience-overgrant,2.899
audwild,27,False,False,True,True,False,False,audience-overgrant,2.933
audwild,28,False,False,True,True,False,False,audience-overgrant,2.903
audwild,29,False,False,True,True,False,False,audience-overgrant,2.924
audwild,30,False,False,True,True,False,False,audience-overgrant,3.069
audwild,31,False,False,True,True,False,False,audience-overgrant,3.046
audwild,32,False,False,True,True,False,False,audience-overgrant,3.102
audwild,33,False,False,True,True,False,False,audience-overgrant,2.968
audwild,34,False,False,True,True,False,False,audience-overgrant,2.978
audwild,35,False,False,True,True,False,False,audience-overgrant,3.004
audwild,36,False,False,True,True,False,False,audience-overgrant,2.944
audwild,37,False,False,True,True,False,False,audience-overgrant,2.968
audwild,38,False,False,True,True,False,False,audience-overgrant,2.962
audwild,39,False,False,True,True,False,False,audience-overgrant,3.015
audwild,40,False,False,True,True,False,False,audience-overgrant,2.92
audwild,41,False,False,True,True,False,False,audience-overgrant,3.105
audwild,42,False,False,True,True,False,False,audience-overgrant,2.975
audwild,43,False,False,True,True,False,False,audience-overgrant,3.011
audwild,44,False,False,True,True,False,False,audience-overgrant,3.174
audwild,45,False,False,True,True,False,False,audience-overgrant,2.942
audwild,46,False,False,True,True,False,False,audience-overgrant,2.975
audwild,47,False,False,True,True,False,False,audience-overgrant,3.025
audwild,48,False,False,True,True,False,False,audience-overgrant,3.021
audwild,49,False,False,True,True,False,False,audience-overgrant,2.996
audwild,50,False,False,True,True,False,False,audience-overgrant,2.844
audwild,51,False,False,True,True,False,False,audience-overgrant,2.955
audwild,52,False,False,True,True,False,False,audience-overgrant,2.997
audwild,53,False,False,True,True,False,False,audience-overgrant,2.935
audwild,54,False,False,True,True,False,False,audience-overgrant,2.89
audwild,55,False,False,True,True,False,False,audience-overgrant,2.821
audwild,56,False,False,True,True,False,False,audience-overgrant,2.922
audwild,57,False,False,True,True,False,False,audience-overgrant,2.991
audwild,58,False,False,True,True,False,False,audience-overgrant,2.928
audwild,59,False,False,True,True,False,False,audience-overgrant,2.907
audwild,60,False,False,True,True,False,False,audience-overgrant,2.816
audwild,61,False,False,True,True,False,False,audience-overgrant,2.893
audwild,62,False,False,True,True,False,False,audience-overgrant,2.884
audwild,63,False,False,True,True,False,False,audience-overgrant,3.04
broad_deny,0,False,False,True,True,False,False,subject-overgrant,4.302
broad_deny,1,False,False,True,True,False,False,subject-overgrant,4.41
broad_deny,2,False,False,True,True,False,False,subject-overgrant,4.44
broad_deny,3,False,False,True,True,False,False,subject-overgrant,4.536
broad_deny,4,False,False,True,True,False,False,subject-overgrant,4.483
broad_deny,5,False,False,True,True,False,False,subject-overgrant,4.504
broad_deny,6,False,False,True,True,False,False,subject-overgrant,4.515
broad_deny,7,False,False,True,True,False,False,subject-overgrant,4.54
broad_deny,8,False,False,True,True,False,False,subject-overgrant,4.462
broad_deny,9,False,False,True,True,False,False,subject-overgrant,4.402
broad_deny,10,False,False,True,True,False,False,subject-overgrant,4.466
broad_deny,11,False,False,True,True,False,False,subject-overgrant,4.447
broad_deny,12,False,False,True,True,False,False,subject-overgrant,4.594
broad_deny,13,False,False,True,True,False,False,subject-overgrant,4.503
broad_deny,14,False,False,True,True,False,False,subject-overgrant,4.737
broad_deny,15,False,False,True,True,False,False,subject-overgrant,4.562
broad_deny,16,False,False,True,True,False,False,subject-overgrant,4.553
broad_deny,17,False,False,True,True,False,False,subject-overgrant,4.569
broad_deny,18,False,False,True,True,False,False,subject-overgrant,4.553
broad_deny,19,False,False,True,True,False,False,subject-overgrant,4.66
broad_deny,20,False,False,True,True,False,False,subject-overgrant,4.499
broad_deny,21,False,False,True,True,False,False,subject-overgrant,4.597
broad_deny,22,False,False,True,True,False,False,subject-overgrant,4.693
broad_deny,23,False,False,True,True,False,False,subject-overgrant,4.604
broad_deny,24,False,False,True,True,False,False,subject-overgrant,4.542
broad_deny,25,False,False,True,True,False,False,subject-overgrant,4.621
broad_deny,26,False,False,True,True,False,False,subject-overgrant,4.628
broad_deny,27,False,False,True,True,False,False,subject-overgrant,4.629
broad_deny,28,False,False,True,True,False,False,subject-overgrant,4.688
broad_deny,29,False,False,True,True,False,False,subject-overgrant,4.642
broad_deny,30,False,False,True,True,False,False,subject-overgrant,4.567
broad_deny,31,False,False,True,True,False,False,subject-overgrant,4.623
broad_deny,32,False,False,True,True,False,False,subject-overgrant,4.711
broad_deny,33,False,False,True,True,False,False,subject-overgrant,4.444
broad_deny,34,False,False,True,True,False,False,subject-overgrant,4.693
broad_deny,35,False,False,True,True,False,False,subject-overgrant,4.589
broad_deny,36,False,False,True,True,False,False,subject-overgrant,4.604
broad_deny,37,False,False,True,True,False,False,subject-overgrant,4.589
broad_deny,38,False,False,True,True,False,False,subject-overgrant,4.57
broad_deny,39,False,False,True,True,False,False,subject-overgrant,4.644
broad_deny,40,False,False,True,True,False,False,subject-overgrant,4.568
broad_deny,41,False,False,True,True,False,False,subject-overgrant,4.653
broad_deny,42,False,False,True,True,False,False,subject-overgrant,4.606
broad_deny,43,False,False,True,True,False,False,subject-overgrant,4.572
broad_deny,44,False,False,True,True,False,False,subject-overgrant,4.441
broad_deny,45,False,False,True,True,False,False,subject-overgrant,4.59
broad_deny,46,False,False,True,True,False,False,subject-overgrant,4.647
broad_deny,47,False,False,True,True,False,False,subject-overgrant,4.618
broad_deny,48,False,False,True,True,False,False,subject-overgrant,4.597
broad_deny,49,False,False,True,True,False,False,subject-overgrant,4.62
broad_deny,50,False,False,True,True,False,False,subject-overgrant,4.453
broad_deny,51,False,False,True,True,False,False,subject-overgrant,4.564
broad_deny,52,False,False,True,True,False,False,subject-overgrant,4.58
broad_deny,53,False,False,True,True,False,False,subject-overgrant,4.9
broad_deny,54,False,False,True,True,False,False,subject-overgrant,4.473
broad_deny,55,False,False,True,True,False,False,subject-overgrant,4.41
broad_deny,56,False,False,True,True,False,False,subject-overgrant,4.57
broad_deny,57,False,False,True,True,False,False,subject-overgrant,4.614
broad_deny,58,False,False,True,True,False,False,subject-overgrant,4.66
broad_deny,59,False,False,True,True,False,False,subject-overgrant,4.583
broad_deny,60,False,False,True,True,False,False,subject-overgrant,4.504
broad_deny,61,False,False,True,True,False,False,subject-overgrant,4.708
broad_deny,62,False,False,True,True,False,False,subject-overgrant,4.764
broad_deny,63,False,False,True,True,False,False,subject-overgrant,4.66
condition_not_mapping,0,False,False,True,False,False,False,unsupported-allow-condition;missing-sub;missing-aud;subject-overgrant;audience-overgrant,6.86
condition_not_mapping,1,False,False,True,False,False,False,unsupported-allow-condition;missing-sub;missing-aud;subject-overgrant;audience-overgrant,7.018
condition_not_mapping,2,False,False,True,False,False,False,unsupported-allow-condition;missing-sub;missing-aud;subject-overgrant;audience-overgrant,6.973
condition_not_mapping,3,False,False,True,False,False,False,unsupported-allow-condition;missing-sub;missing-aud;subject-overgrant;audience-overgrant,6.973
condition_not_mapping,4,False,False,True,False,False,False,unsupported-allow-condition;missing-sub;missing-aud;subject-overgrant;audience-overgrant,6.972
condition_not_mapping,5,False,False,True,False,False,False,unsupported-allow-condition;missing-sub;missing-aud;subject-overgrant;audience-overgrant,6.903
condition_not_mapping,6,False,False,True,False,False,False,unsupported-allow-condition;missing-sub;missing-aud;subject-overgrant;audience-overgrant,6.961
condition_not_mapping,7,False,False,True,False,False,False,unsupported-allow-condition;missing-sub;missing-aud;subject-overgrant;audience-overgrant,7.033
condition_not_mapping,8,False,False,True,False,False,False,unsupported-allow-condition;missing-sub;missing-aud;subject-overgrant;audience-overgrant,6.982
condition_not_mapping,9,False,False,True,False,False,False,unsupported-allow-condition;missing-sub;missing-aud;subject-overgrant;audience-overgrant,6.876
condition_not_mapping,10,False,False,True,False,False,False,unsupported-allow-condition;missing-sub;missing-aud;subject-overgrant;audience-overgrant,6.94
condition_not_mapping,11,False,False,True,False,False,False,unsupported-allow-condition;missing-sub;missing-aud;subject-overgrant;audience-overgrant,6.981
condition_not_mapping,12,False,False,True,False,False,False,unsupported-allow-condition;missing-sub;missing-aud;subject-overgrant;audience-overgrant,7.216
condition_not_mapping,13,False,False,True,False,False,False,unsupported-allow-condition;missing-sub;missing-aud;subject-overgrant;audience-overgrant,7.194
condition_not_mapping,14,False,False,True,False,False,False,unsupported-allow-condition;missing-sub;missing-aud;subject-overgrant;audience-overgrant,7.045
condition_not_mapping,15,False,False,True,False,False,False,unsupported-allow-condition;missing-sub;missing-aud;subject-overgrant;audience-overgrant,7.087
condition_not_mapping,16,False,False,True,False,False,False,unsupported-allow-condition;missing-sub;missing-aud;subject-overgrant;audience-overgrant,7.063
condition_not_mapping,17,False,False,True,False,False,False,unsupported-allow-condition;missing-sub;missing-aud;subject-overgrant;audience-overgrant,7.148
condition_not_mapping,18,False,False,True,False,False,False,unsupported-allow-condition;missing-sub;missing-aud;subject-overgrant;audience-overgrant,7.155
condition_not_mapping,19,False,False,True,False,False,False,unsupported-allow-condition;missing-sub;missing-aud;subject-overgrant;audience-overgrant,7.184
condition_not_mapping,20,False,False,True,False,False,False,unsupported-allow-condition;missing-sub;missing-aud;subject-overgrant;audience-overgrant,7.09
condition_not_mapping,21,False,False,True,False,False,False,unsupported-allow-condition;missing-sub;missing-aud;subject-overgrant;audience-overgrant,7.132
condition_not_mapping,22,False,False,True,False,False,False,unsupported-allow-condition;missing-sub;missing-aud;subject-overgrant;audience-overgrant,6.833
condition_not_mapping,23,False,False,True,False,False,False,unsupported-allow-condition;missing-sub;missing-aud;subject-overgrant;audience-overgrant,7.051
condition_not_mapping,24,False,False,True,False,False,False,unsupported-allow-condition;missing-sub;missing-aud;subject-overgrant;audience-overgrant,7.118
condition_not_mapping,25,False,False,True,False,False,False,unsupported-allow-condition;missing-sub;missing-aud;subject-overgrant;audience-overgrant,7.106
condition_not_mapping,26,False,False,True,False,False,False,unsupported-allow-condition;missing-sub;missing-aud;subject-overgrant;audience-overgrant,7.194
condition_not_mapping,27,False,False,True,False,False,False,unsupported-allow-condition;missing-sub;missing-aud;subject-overgrant;audience-overgrant,7.138
condition_not_mapping,28,False,False,True,False,False,False,unsupported-allow-condition;missing-sub;missing-aud;subject-overgrant;audience-overgrant,7.189
condition_not_mapping,29,False,False,True,False,False,False,unsupported-allow-condition;missing-sub;missing-aud;subject-overgrant;audience-overgrant,7.126
condition_not_mapping,30,False,False,True,False,False,False,unsupported-allow-condition;missing-sub;missing-aud;subject-overgrant;audience-overgrant,6.944
condition_not_mapping,31,False,False,True,False,False,False,unsupported-allow-condition;missing-sub;missing-aud;subject-overgrant;audience-overgrant,7.227
condition_not_mapping,32,False,False,True,False,False,False,unsupported-allow-condition;missing-sub;missing-aud;subject-overgrant;audience-overgrant,7.069
condition_not_mapping,33,False,False,True,False,False,False,unsupported-allow-condition;missing-sub;missing-aud;subject-overgrant;audience-overgrant,6.863
condition_not_mapping,34,False,False,True,False,False,False,unsupported-allow-condition;missing-sub;missing-aud;subject-overgrant;audience-overgrant,7.092
condition_not_mapping,35,False,False,True,False,False,False,unsupported-allow-condition;missing-sub;missing-aud;subject-overgrant;audience-overgrant,9.931
condition_not_mapping,36,False,False,True,False,False,False,unsupported-allow-condition;missing-sub;missing-aud;subject-overgrant;audience-overgrant,10.527
condition_not_mapping,37,False,False,True,False,False,False,unsupported-allow-condition;missing-sub;missing-aud;subject-overgrant;audience-overgrant,7.803
condition_not_mapping,38,False,False,True,False,False,False,unsupported-allow-condition;missing-sub;missing-aud;subject-overgrant;audience-overgrant,7.104
condition_not_mapping,39,False,False,True,False,False,False,unsupported-allow-condition;missing-sub;missing-aud;subject-overgrant;audience-overgrant,7.033
condition_not_mapping,40,False,False,True,False,False,False,unsupported-allow-condition;missing-sub;missing-aud;subject-overgrant;audience-overgrant,6.869
condition_not_mapping,41,False,False,True,False,False,False,unsupported-allow-condition;missing-sub;missing-aud;subject-overgrant;audience-overgrant,7.113
condition_not_mapping,42,False,False,True,False,False,False,unsupported-allow-condition;missing-sub;missing-aud;subject-overgrant;audience-overgrant,7.025
condition_not_mapping,43,False,False,True,False,False,False,unsupported-allow-condition;missing-sub;missing-aud;subject-overgrant;audience-overgrant,6.975
condition_not_mapping,44,False,False,True,False,False,False,unsupported-allow-condition;missing-sub;missing-aud;subject-overgrant;audience-overgrant,6.892
condition_not_mapping,45,False,False,True,False,False,False,unsupported-allow-condition;missing-sub;missing-aud;subject-overgrant;audience-overgrant,7.104
condition_not_mapping,46,False,False,True,False,False,False,unsupported-allow-condition;missing-sub;missing-aud;subject-overgrant;audience-overgrant,7.134
condition_not_mapping,47,False,False,True,False,False,False,unsupported-allow-condition;missing-sub;missing-aud;subject-overgrant;audience-overgrant,7.122
condition_not_mapping,48,False,False,True,False,False,False,unsupported-allow-condition;missing-sub;missing-aud;subject-overgrant;audience-overgrant,7.118
condition_not_mapping,49,False,False,True,False,False,False,unsupported-allow-condition;missing-sub;missing-aud;subject-overgrant;audience-overgrant,7.189
condition_not_mapping,50,False,False,True,False,False,False,unsupported-allow-condition;missing-sub;missing-aud;subject-overgrant;audience-overgrant,6.936
condition_not_mapping,51,False,False,True,False,False,False,unsupported-allow-condition;missing-sub;missing-aud;subject-overgrant;audience-overgrant,7.154
condition_not_mapping,52,False,False,True,False,False,False,unsupported-allow-condition;missing-sub;missing-aud;subject-overgrant;audience-overgrant,7.384
condition_not_mapping,53,False,False,True,False,False,False,unsupported-allow-condition;missing-sub;missing-aud;subject-overgrant;audience-overgrant,7.241
condition_not_mapping,54,False,False,True,False,False,False,unsupported-allow-condition;missing-sub;missing-aud;subject-overgrant;audience-overgrant,7.097
condition_not_mapping,55,False,False,True,False,False,False,unsupported-allow-condition;missing-sub;missing-aud;subject-overgrant;audience-overgrant,6.772
condition_not_mapping,56,False,False,True,False,False,False,unsupported-allow-condition;missing-sub;missing-aud;subject-overgrant;audience-overgrant,7.023
condition_not_mapping,57,False,False,True,False,False,False,unsupported-allow-condition;missing-sub;missing-aud;subject-overgrant;audience-overgrant,7.008
condition_not_mapping,58,False,False,True,False,False,False,unsupported-allow-condition;missing-sub;missing-aud;subject-overgrant;audience-overgrant,6.999
condition_not_mapping,59,False,False,True,False,False,False,unsupported-allow-condition;missing-sub;missing-aud;subject-overgrant;audience-overgrant,6.99
condition_not_mapping,60,False,False,True,False,False,False,unsupported-allow-condition;missing-sub;missing-aud;subject-overgrant;audience-overgrant,6.924
condition_not_mapping,61,False,False,True,False,False,False,unsupported-allow-condition;missing-sub;missing-aud;subject-overgrant;audience-overgrant,7.168
condition_not_mapping,62,False,False,True,False,False,False,unsupported-allow-condition;missing-sub;missing-aud;subject-overgrant;audience-overgrant,7.098
condition_not_mapping,63,False,False,True,False,False,False,unsupported-allow-condition;missing-sub;missing-aud;subject-overgrant;audience-overgrant,7.192
env_cross,0,False,False,True,True,True,True,unprotected-environment,2.639
env_cross,1,False,False,True,True,True,True,unprotected-environment,2.729
env_cross,2,False,False,True,True,True,True,unprotected-environment,2.664
env_cross,3,False,False,True,True,True,True,unprotected-environment,2.665
env_cross,4,False,False,True,True,True,True,unprotected-environment,2.669
env_cross,5,False,False,True,True,True,True,unprotected-environment,2.698
env_cross,6,False,False,True,True,True,True,unprotected-environment,2.797
env_cross,7,False,False,True,True,True,True,unprotected-environment,2.649
env_cross,8,False,False,True,True,True,True,unprotected-environment,2.657
env_cross,9,False,False,True,True,True,True,unprotected-environment,2.656
env_cross,10,False,False,True,True,True,True,unprotected-environment,2.776
env_cross,11,False,False,True,True,True,True,unprotected-environment,2.656
env_cross,12,False,False,True,True,True,True,unprotected-environment,2.779
env_cross,13,False,False,True,True,True,True,unprotected-environment,2.783
env_cross,14,False,False,True,True,True,True,unprotected-environment,2.723
env_cross,15,False,False,True,True,True,True,unprotected-environment,2.756
env_cross,16,False,False,True,True,True,True,unprotected-environment,2.765
env_cross,17,False,False,True,True,True,True,unprotected-environment,2.745
env_cross,18,False,False,True,True,True,True,unprotected-environment,2.74
env_cross,19,False,False,True,True,True,True,unprotected-environment,2.71
env_cross,20,False,False,True,True,True,True,unprotected-environment,2.628
env_cross,21,False,False,True,True,True,True,unprotected-environment,2.782
env_cross,22,False,False,True,True,True,True,unprotected-environment,2.628
env_cross,23,False,False,True,True,True,True,unprotected-environment,2.649
env_cross,24,False,False,True,True,True,True,unprotected-environment,2.671
env_cross,25,False,False,True,True,True,True,unprotected-environment,2.662
env_cross,26,False,False,True,True,True,True,unprotected-environment,2.745
env_cross,27,False,False,True,True,True,True,unprotected-environment,2.684
env_cross,28,False,False,True,True,True,True,unprotected-environment,2.779
env_cross,29,False,False,True,True,True,True,unprotected-environment,2.687
env_cross,30,False,False,True,True,True,True,unprotected-environment,2.592
env_cross,31,False,False,True,True,True,True,unprotected-environment,2.734
env_cross,32,False,False,True,True,True,True,unprotected-environment,2.707
env_cross,33,False,False,True,True,True,True,unprotected-environment,2.597
env_cross,34,False,False,True,True,True,True,unprotected-environment,2.66
env_cross,35,False,False,True,True,True,True,unprotected-environment,2.666
env_cross,36,False,False,True,True,True,True,unprotected-environment,2.788
env_cross,37,False,False,True,True,True,True,unprotected-environment,2.726
env_cross,38,False,False,True,True,True,True,unprotected-environment,2.733
env_cross,39,False,False,True,True,True,True,unprotected-environment,2.721
env_cross,40,False,False,True,True,True,True,unprotected-environment,2.638
env_cross,41,False,False,True,True,True,True,unprotected-environment,2.732
env_cross,42,False,False,True,True,True,True,unprotected-environment,2.858
env_cross,43,False,False,True,True,True,True,unprotected-environment,2.8
env_cross,44,False,False,True,True,True,True,unprotected-environment,2.724
env_cross,45,False,False,True,True,True,True,unprotected-environment,3.504
env_cross,46,False,False,True,True,True,True,unprotected-environment,2.795
env_cross,47,False,False,True,True,True,True,unprotected-environment,2.73
env_cross,48,False,False,True,True,True,True,unprotected-environment,2.759
env_cross,49,False,False,True,True,True,True,unprotected-environment,2.741
env_cross,50,False,False,True,True,True,True,unprotected-environment,2.687
env_cross,51,False,False,True,True,True,True,unprotected-environment,2.852
env_cross,52,False,False,True,True,True,True,unprotected-environment,2.786
env_cross,53,False,False,True,True,True,True,unprotected-environment,2.756
env_cross,54,False,False,True,True,True,True,unprotected-environment,2.736
env_cross,55,False,False,True,True,True,True,unprotected-environment,2.717
env_cross,56,False,False,True,True,True,True,unprotected-environment,2.765
env_cross,57,False,False,True,True,True,True,unprotected-environment,2.785
env_cross,58,False,False,True,True,True,True,unprotected-environment,2.744
env_cross,59,False,False,True,True,True,True,unprotected-environment,2.766
env_cross,60,False,False,True,True,True,True,unprotected-environment,2.621
env_cross,61,False,False,True,True,True,True,unprotected-environment,2.779
env_cross,62,False,False,True,True,True,True,unprotected-environment,2.767
env_cross,63,False,False,True,True,True,True,unprotected-environment,2.707
env_safe,0,True,True,True,True,True,True,,2.621
env_safe,1,True,True,True,True,True,True,,2.64
env_safe,2,True,True,True,True,True,True,,2.572
env_safe,3,True,True,True,True,True,True,,2.605
env_safe,4,True,True,True,True,True,True,,2.655
env_safe,5,True,True,True,True,True,True,,2.665
env_safe,6,True,True,True,True,True,True,,2.731
env_safe,7,True,True,True,True,True,True,,2.725
env_safe,8,True,True,True,True,True,True,,2.732
env_safe,9,True,True,True,True,True,True,,2.684
env_safe,10,True,True,True,True,True,True,,2.687
env_safe,11,True,True,True,True,True,True,,2.747
env_safe,12,True,True,True,True,True,True,,2.928
env_safe,13,True,True,True,True,True,True,,2.817
env_safe,14,True,True,True,True,True,True,,2.836
env_safe,15,True,True,True,True,True,True,,2.792
env_safe,16,True,True,True,True,True,True,,2.834
env_safe,17,True,True,True,True,True,True,,2.854
env_safe,18,True,True,True,True,True,True,,2.797
env_safe,19,True,True,True,True,True,True,,2.773
env_safe,20,True,True,True,True,True,True,,2.643
env_safe,21,True,True,True,True,True,True,,2.754
env_safe,22,True,True,True,True,True,True,,2.665
env_safe,23,True,True,True,True,True,True,,2.786
env_safe,24,True,True,True,True,True,True,,2.797
env_safe,25,True,True,True,True,True,True,,2.708
env_safe,26,True,True,True,True,True,True,,2.802
env_safe,27,True,True,True,True,True,True,,2.76
env_safe,28,True,True,True,True,True,True,,2.794
env_safe,29,True,True,True,True,True,True,,2.729
env_safe,30,True,True,True,True,True,True,,2.646
env_safe,31,True,True,True,True,True,True,,2.755
env_safe,32,True,True,True,True,True,True,,2.749
env_safe,33,True,True,True,True,True,True,,2.706
env_safe,34,True,True,True,True,True,True,,2.911
env_safe,35,True,True,True,True,True,True,,2.753
env_safe,36,True,True,True,True,True,True,,2.771
env_safe,37,True,True,True,True,True,True,,2.792
env_safe,38,True,True,True,True,True,True,,2.77
env_safe,39,True,True,True,True,True,True,,2.709
env_safe,40,True,True,True,True,True,True,,2.686
env_safe,41,True,True,True,True,True,True,,2.74
env_safe,42,True,True,True,True,True,True,,2.756
env_safe,43,True,True,True,True,True,True,,2.777
env_safe,44,True,True,True,True,True,True,,2.679
env_safe,45,True,True,True,True,True,True,,2.777
env_safe,46,True,True,True,True,True,True,,2.764
env_safe,47,True,True,True,True,True,True,,2.732
env_safe,48,True,True,True,True,True,True,,2.749
env_safe,49,True,True,True,True,True,True,,2.702
env_safe,50,True,True,True,True,True,True,,2.661
env_safe,51,True,True,True,True,True,True,,2.724
env_safe,52,True,True,True,True,True,True,,2.744
env_safe,53,True,True,True,True,True,True,,2.803
env_safe,54,True,True,True,True,True,True,,2.738
env_safe,55,True,True,True,True,True,True,,2.694
env_safe,56,True,True,True,True,True,True,,2.834
env_safe,57,True,True,True,True,True,True,,2.709
env_safe,58,True,True,True,True,True,True,,2.754
env_safe,59,True,True,True,True,True,True,,2.792
env_safe,60,True,True,True,True,True,True,,2.702
env_safe,61,True,True,True,True,True,True,,2.763
env_safe,62,True,True,True,True,True,True,,2.782
env_safe,63,True,True,True,True,True,True,,2.803
env_wildcard,0,False,False,True,True,False,True,subject-overgrant;unprotected-environment,4.178
env_wildcard,1,False,False,True,True,False,True,subject-overgrant;unprotected-environment,4.278
env_wildcard,2,False,False,True,True,False,True,subject-overgrant;unprotected-environment,4.258
env_wildcard,3,False,False,True,True,False,True,subject-overgrant;unprotected-environment,4.298
env_wildcard,4,False,False,True,True,False,True,subject-overgrant;unprotected-environment,4.327
env_wildcard,5,False,False,True,True,False,True,subject-overgrant;unprotected-environment,4.32
env_wildcard,6,False,False,True,True,False,True,subject-overgrant;unprotected-environment,4.402
env_wildcard,7,False,False,True,True,False,True,subject-overgrant;unprotected-environment,4.29
env_wildcard,8,False,False,True,True,False,True,subject-overgrant;unprotected-environment,4.286
env_wildcard,9,False,False,True,True,False,True,subject-overgrant;unprotected-environment,4.291
env_wildcard,10,False,False,True,True,False,True,subject-overgrant;unprotected-environment,4.459
env_wildcard,11,False,False,True,True,False,True,subject-overgrant;unprotected-environment,4.345
env_wildcard,12,False,False,True,True,False,True,subject-overgrant;unprotected-environment,4.466
env_wildcard,13,False,False,True,True,False,True,subject-overgrant;unprotected-environment,4.407
env_wildcard,14,False,False,True,True,False,True,subject-overgrant;unprotected-environment,4.579
env_wildcard,15,False,False,True,True,False,True,subject-overgrant;unprotected-environment,4.376
env_wildcard,16,False,False,True,True,False,True,subject-overgrant;unprotected-environment,4.551
env_wildcard,17,False,False,True,True,False,True,subject-overgrant;unprotected-environment,4.53
env_wildcard,18,False,False,True,True,False,True,subject-overgrant;unprotected-environment,4.364
env_wildcard,19,False,False,True,True,False,True,subject-overgrant;unprotected-environment,4.337
env_wildcard,20,False,False,True,True,False,True,subject-overgrant;unprotected-environment,4.208
env_wildcard,21,False,False,True,True,False,True,subject-overgrant;unprotected-environment,4.396
env_wildcard,22,False,False,True,True,False,True,subject-overgrant;unprotected-environment,4.284
env_wildcard,23,False,False,True,True,False,True,subject-overgrant;unprotected-environment,4.391
env_wildcard,24,False,False,True,True,False,True,subject-overgrant;unprotected-environment,4.453
env_wildcard,25,False,False,True,True,False,True,subject-overgrant;unprotected-environment,4.385
env_wildcard,26,False,False,True,True,False,True,subject-overgrant;unprotected-environment,4.391
env_wildcard,27,False,False,True,True,False,True,subject-overgrant;unprotected-environment,4.429
env_wildcard,28,False,False,True,True,False,True,subject-overgrant;unprotected-environment,4.384
env_wildcard,29,False,False,True,True,False,True,subject-overgrant;unprotected-environment,4.336
env_wildcard,30,False,False,True,True,False,True,subject-overgrant;unprotected-environment,4.297
env_wildcard,31,False,False,True,True,False,True,subject-overgrant;unprotected-environment,4.41
env_wildcard,32,False,False,True,True,False,True,subject-overgrant;unprotected-environment,4.448
env_wildcard,33,False,False,True,True,False,True,subject-overgrant;unprotected-environment,4.337
env_wildcard,34,False,False,True,True,False,True,subject-overgrant;unprotected-environment,4.432
env_wildcard,35,False,False,True,True,False,True,subject-overgrant;unprotected-environment,4.52
env_wildcard,36,False,False,True,True,False,True,subject-overgrant;unprotected-environment,4.689
env_wildcard,37,False,False,True,True,False,True,subject-overgrant;unprotected-environment,4.466
env_wildcard,38,False,False,True,True,False,True,subject-overgrant;unprotected-environment,4.441
env_wildcard,39,False,False,True,True,False,True,subject-overgrant;unprotected-environment,4.514
env_wildcard,40,False,False,True,True,False,True,subject-overgrant;unprotected-environment,4.504
env_wildcard,41,False,False,True,True,False,True,subject-overgrant;unprotected-environment,4.434
env_wildcard,42,False,False,True,True,False,True,subject-overgrant;unprotected-environment,4.462
env_wildcard,43,False,False,True,True,False,True,subject-overgrant;unprotected-environment,4.44
env_wildcard,44,False,False,True,True,False,True,subject-overgrant;unprotected-environment,4.31
env_wildcard,45,False,False,True,True,False,True,subject-overgrant;unprotected-environment,4.475
env_wildcard,46,False,False,True,True,False,True,subject-overgrant;unprotected-environment,4.535
env_wildcard,47,False,False,True,True,False,True,subject-overgrant;unprotected-environment,4.396
env_wildcard,48,False,False,True,True,False,True,subject-overgrant;unprotected-environment,4.5
env_wildcard,49,False,False,True,True,False,True,subject-overgrant;unprotected-environment,4.498
env_wildcard,50,False,False,True,True,False,True,subject-overgrant;unprotected-environment,4.352
env_wildcard,51,False,False,True,True,False,True,subject-overgrant;unprotected-environment,4.469
env_wildcard,52,False,False,True,True,False,True,subject-overgrant;unprotected-environment,4.458
env_wildcard,53,False,False,True,True,False,True,subject-overgrant;unprotected-environment,4.376
env_wildcard,54,False,False,True,True,False,True,subject-overgrant;unprotected-environment,4.366
env_wildcard,55,False,False,True,True,False,True,subject-overgrant;unprotected-environment,4.231
env_wildcard,56,False,False,True,True,False,True,subject-overgrant;unprotected-environment,4.368
env_wildcard,57,False,False,True,True,False,True,subject-overgrant;unprotected-environment,4.345
env_wildcard,58,False,False,True,True,False,True,subject-overgrant;unprotected-environment,4.469
env_wildcard,59,False,False,True,True,False,True,subject-overgrant;unprotected-environment,4.354
env_wildcard,60,False,False,True,True,False,True,subject-overgrant;unprotected-environment,4.233
env_wildcard,61,False,False,True,True,False,True,subject-overgrant;unprotected-environment,4.485
env_wildcard,62,False,False,True,True,False,True,subject-overgrant;unprotected-environment,4.497
env_wildcard,63,False,False,True,True,False,True,subject-overgrant;unprotected-environment,4.507
exact,0,True,True,True,True,True,True,,2.729
exact,1,True,True,True,True,True,True,,2.785
exact,2,True,True,True,True,True,True,,2.748
exact,3,True,True,True,True,True,True,,2.793
exact,4,True,True,True,True,True,True,,2.728
exact,5,True,True,True,True,True,True,,2.752
exact,6,True,True,True,True,True,True,,2.749
exact,7,True,True,True,True,True,True,,2.689
exact,8,True,True,True,True,True,True,,2.783
exact,9,True,True,True,True,True,True,,2.756
exact,10,True,True,True,True,True,True,,2.785
exact,11,True,True,True,True,True,True,,2.719
exact,12,True,True,True,True,True,True,,2.85
exact,13,True,True,True,True,True,True,,2.819
exact,14,True,True,True,True,True,True,,2.806
exact,15,True,True,True,True,True,True,,2.843
exact,16,True,True,True,True,True,True,,2.839
exact,17,True,True,True,True,True,True,,2.911
exact,18,True,True,True,True,True,True,,2.842
exact,19,True,True,True,True,True,True,,2.828
exact,20,True,True,True,True,True,True,,2.755
exact,21,True,True,True,True,True,True,,2.822
exact,22,True,True,True,True,True,True,,2.735
exact,23,True,True,True,True,True,True,,2.818
exact,24,True,True,True,True,True,True,,2.835
exact,25,True,True,True,True,True,True,,2.802
exact,26,True,True,True,True,True,True,,2.879
exact,27,True,True,True,True,True,True,,2.839
exact,28,True,True,True,True,True,True,,2.805
exact,29,True,True,True,True,True,True,,2.805
exact,30,True,True,True,True,True,True,,2.796
exact,31,True,True,True,True,True,True,,2.828
exact,32,True,True,True,True,True,True,,2.847
exact,33,True,True,True,True,True,True,,2.765
exact,34,True,True,True,True,True,True,,2.801
exact,35,True,True,True,True,True,True,,2.748
exact,36,True,True,True,True,True,True,,2.771
exact,37,True,True,True,True,True,True,,2.751
exact,38,True,True,True,True,True,True,,2.752
exact,39,True,True,True,True,True,True,,2.883
exact,40,True,True,True,True,True,True,,2.714
exact,41,True,True,True,True,True,True,,2.796
exact,42,True,True,True,True,True,True,,2.785
exact,43,True,True,True,True,True,True,,2.76
exact,44,True,True,True,True,True,True,,2.7
exact,45,True,True,True,True,True,True,,2.738
exact,46,True,True,True,True,True,True,,2.773
exact,47,True,True,True,True,True,True,,2.777
exact,48,True,True,True,True,True,True,,2.766
exact,49,True,True,True,True,True,True,,2.755
exact,50,True,True,True,True,True,True,,2.761
exact,51,True,True,True,True,True,True,,2.748
exact,52,True,True,True,True,True,True,,2.758
exact,53,True,True,True,True,True,True,,2.787
exact,54,True,True,True,True,True,True,,2.75
exact,55,True,True,True,True,True,True,,2.668
exact,56,True,True,True,True,True,True,,2.842
exact,57,True,True,True,True,True,True,,2.831
exact,58,True,True,True,True,True,True,,2.965
exact,59,True,True,True,True,True,True,,2.827
exact,60,True,True,True,True,True,True,,2.739
exact,61,True,True,True,True,True,True,,2.927
exact,62,True,True,True,True,True,True,,2.796
exact,63,True,True,True,True,True,True,,2.847
exact_tag_safe,0,True,True,True,True,True,True,,2.817
exact_tag_safe,1,True,True,True,True,True,True,,2.733
exact_tag_safe,2,True,True,True,True,True,True,,2.855
exact_tag_safe,3,True,True,True,True,True,True,,2.853
exact_tag_safe,4,True,True,True,True,True,True,,2.888
exact_tag_safe,5,True,True,True,True,True,True,,2.912
exact_tag_safe,6,True,True,True,True,True,True,,2.881
exact_tag_safe,7,True,True,True,True,True,True,,2.815
exact_tag_safe,8,True,True,True,True,True,True,,2.821
exact_tag_safe,9,True,True,True,True,True,True,,2.802
exact_tag_safe,10,True,True,True,True,True,True,,2.76
exact_tag_safe,11,True,True,True,True,True,True,,2.712
exact_tag_safe,12,True,True,True,True,True,True,,2.774
exact_tag_safe,13,True,True,True,True,True,True,,2.788
exact_tag_safe,14,True,True,True,True,True,True,,2.802
exact_tag_safe,15,True,True,True,True,True,True,,2.833
exact_tag_safe,16,True,True,True,True,True,True,,2.902
exact_tag_safe,17,True,True,True,True,True,True,,2.848
exact_tag_safe,18,True,True,True,True,True,True,,2.858
exact_tag_safe,19,True,True,True,True,True,True,,2.927
exact_tag_safe,20,True,True,True,True,True,True,,2.885
exact_tag_safe,21,True,True,True,True,True,True,,2.925
exact_tag_safe,22,True,True,True,True,True,True,,2.879
exact_tag_safe,23,True,True,True,True,True,True,,3.32
exact_tag_safe,24,True,True,True,True,True,True,,3.327
exact_tag_safe,25,True,True,True,True,True,True,,3.046
exact_tag_safe,26,True,True,True,True,True,True,,3.089
exact_tag_safe,27,True,True,True,True,True,True,,3.041
exact_tag_safe,28,True,True,True,True,True,True,,3.075
exact_tag_safe,29,True,True,True,True,True,True,,3.044
exact_tag_safe,30,True,True,True,True,True,True,,2.909
exact_tag_safe,31,True,True,True,True,True,True,,2.921
exact_tag_safe,32,True,True,True,True,True,True,,2.998
exact_tag_safe,33,True,True,True,True,True,True,,2.9
exact_tag_safe,34,True,True,True,True,True,True,,2.969
exact_tag_safe,35,True,True,True,True,True,True,,3.073
exact_tag_safe,36,True,True,True,True,True,True,,3.019
exact_tag_safe,37,True,True,True,True,True,True,,3.061
exact_tag_safe,38,True,True,True,True,True,True,,3.21
exact_tag_safe,39,True,True,True,True,True,True,,3.018
exact_tag_safe,40,True,True,True,True,True,True,,2.972
exact_tag_safe,41,True,True,True,True,True,True,,2.942
exact_tag_safe,42,True,True,True,True,True,True,,3.033
exact_tag_safe,43,True,True,True,True,True,True,,3.036
exact_tag_safe,44,True,True,True,True,True,True,,2.987
exact_tag_safe,45,True,True,True,True,True,True,,3.064
exact_tag_safe,46,True,True,True,True,True,True,,3.075
exact_tag_safe,47,True,True,True,True,True,True,,3.065
exact_tag_safe,48,True,True,True,True,True,True,,3.054
exact_tag_safe,49,True,True,True,True,True,True,,3.045
exact_tag_safe,50,True,True,True,True,True,True,,2.982
exact_tag_safe,51,True,True,True,True,True,True,,2.961
exact_tag_safe,52,True,True,True,True,True,True,,3.23
exact_tag_safe,53,True,True,True,True,True,True,,3.023
exact_tag_safe,54,True,True,True,True,True,True,,3.047
exact_tag_safe,55,True,True,True,True,True,True,,2.944
exact_tag_safe,56,True,True,True,True,True,True,,3.064
exact_tag_safe,57,True,True,True,True,True,True,,3.056
exact_tag_safe,58,True,True,True,True,True,True,,3.055
exact_tag_safe,59,True,True,True,True,True,True,,3.022
exact_tag_safe,60,True,True,True,True,True,True,,3.048
exact_tag_safe,61,True,True,True,True,True,True,,2.951
exact_tag_safe,62,True,True,True,True,True,True,,3.041
exact_tag_safe,63,True,True,True,True,True,True,,3.05
forall,0,False,False,True,True,False,False,unsupported-allow-condition;missing-sub;missing-aud;subject-overgrant;audience-overgrant,6.908
forall,1,False,False,True,True,False,False,unsupported-allow-condition;missing-sub;missing-aud;subject-overgrant;audience-overgrant,7.173
forall,2,False,False,True,True,False,False,unsupported-allow-condition;missing-sub;missing-aud;subject-overgrant;audience-overgrant,7.531
forall,3,False,False,True,True,False,False,unsupported-allow-condition;missing-sub;missing-aud;subject-overgrant;audience-overgrant,7.422
forall,4,False,False,True,True,False,False,unsupported-allow-condition;missing-sub;missing-aud;subject-overgrant;audience-overgrant,7.084
forall,5,False,False,True,True,False,False,unsupported-allow-condition;missing-sub;missing-aud;subject-overgrant;audience-overgrant,7.161
forall,6,False,False,True,True,False,False,unsupported-allow-condition;missing-sub;missing-aud;subject-overgrant;audience-overgrant,7.098
forall,7,False,False,True,True,False,False,unsupported-allow-condition;missing-sub;missing-aud;subject-overgrant;audience-overgrant,7.194
forall,8,False,False,True,True,False,False,unsupported-allow-condition;missing-sub;missing-aud;subject-overgrant;audience-overgrant,7.238
forall,9,False,False,True,True,False,False,unsupported-allow-condition;missing-sub;missing-aud;subject-overgrant;audience-overgrant,6.785
forall,10,False,False,True,True,False,False,unsupported-allow-condition;missing-sub;missing-aud;subject-overgrant;audience-overgrant,7.177
forall,11,False,False,True,True,False,False,unsupported-allow-condition;missing-sub;missing-aud;subject-overgrant;audience-overgrant,6.982
forall,12,False,False,True,True,False,False,unsupported-allow-condition;missing-sub;missing-aud;subject-overgrant;audience-overgrant,7.536
forall,13,False,False,True,True,False,False,unsupported-allow-condition;missing-sub;missing-aud;subject-overgrant;audience-overgrant,7.398
forall,14,False,False,True,True,False,False,unsupported-allow-condition;missing-sub;missing-aud;subject-overgrant;audience-overgrant,7.466
forall,15,False,False,True,True,False,False,unsupported-allow-condition;missing-sub;missing-aud;subject-overgrant;audience-overgrant,7.384
forall,16,False,False,True,True,False,False,unsupported-allow-condition;missing-sub;missing-aud;subject-overgrant;audience-overgrant,7.429
forall,17,False,False,True,True,False,False,unsupported-allow-condition;missing-sub;missing-aud;subject-overgrant;audience-overgrant,7.302
forall,18,False,False,True,True,False,False,unsupported-allow-condition;missing-sub;missing-aud;subject-overgrant;audience-overgrant,7.552
forall,19,False,False,True,True,False,False,unsupported-allow-condition;missing-sub;missing-aud;subject-overgrant;audience-overgrant,7.231
forall,20,False,False,True,True,False,False,unsupported-allow-condition;missing-sub;missing-aud;subject-overgrant;audience-overgrant,7.005
forall,21,False,False,True,True,False,False,unsupported-allow-condition;missing-sub;missing-aud;subject-overgrant;audience-overgrant,7.196
forall,22,False,False,True,True,False,False,unsupported-allow-condition;missing-sub;missing-aud;subject-overgrant;audience-overgrant,6.93
forall,23,False,False,True,True,False,False,unsupported-allow-condition;missing-sub;missing-aud;subject-overgrant;audience-overgrant,7.2
forall,24,False,False,True,True,False,False,unsupported-allow-condition;missing-sub;missing-aud;subject-overgrant;audience-overgrant,7.225
forall,25,False,False,True,True,False,False,unsupported-allow-condition;missing-sub;missing-aud;subject-overgrant;audience-overgrant,7.168
forall,26,False,False,True,True,False,False,unsupported-allow-condition;missing-sub;missing-aud;subject-overgrant;audience-overgrant,7.206
forall,27,False,False,True,True,False,False,unsupported-allow-condition;missing-sub;missing-aud;subject-overgrant;audience-overgrant,7.21
forall,28,False,False,True,True,False,False,unsupported-allow-condition;missing-sub;missing-aud;subject-overgrant;audience-overgrant,7.1
forall,29,False,False,True,True,False,False,unsupported-allow-condition;missing-sub;missing-aud;subject-overgrant;audience-overgrant,7.144
forall,30,False,False,True,True,False,False,unsupported-allow-condition;missing-sub;missing-aud;subject-overgrant;audience-overgrant,7.003
forall,31,False,False,True,True,False,False,unsupported-allow-condition;missing-sub;missing-aud;subject-overgrant;audience-overgrant,7.139
forall,32,False,False,True,True,False,False,unsupported-allow-condition;missing-sub;missing-aud;subject-overgrant;audience-overgrant,7.213
forall,33,False,False,True,True,False,False,unsupported-allow-condition;missing-sub;missing-aud;subject-overgrant;audience-overgrant,6.983
forall,34,False,False,True,True,False,False,unsupported-allow-condition;missing-sub;missing-aud;subject-overgrant;audience-overgrant,7.255
forall,35,False,False,True,True,False,False,unsupported-allow-condition;missing-sub;missing-aud;subject-overgrant;audience-overgrant,7.238
forall,36,False,False,True,True,False,False,unsupported-allow-condition;missing-sub;missing-aud;subject-overgrant;audience-overgrant,7.176
forall,37,False,False,True,True,False,False,unsupported-allow-condition;missing-sub;missing-aud;subject-overgrant;audience-overgrant,7.285
forall,38,False,False,True,True,False,False,unsupported-allow-condition;missing-sub;missing-aud;subject-overgrant;audience-overgrant,7.132
forall,39,False,False,True,True,False,False,unsupported-allow-condition;missing-sub;missing-aud;subject-overgrant;audience-overgrant,7.136
forall,40,False,False,True,True,False,False,unsupported-allow-condition;missing-sub;missing-aud;subject-overgrant;audience-overgrant,7.21
forall,41,False,False,True,True,False,False,unsupported-allow-condition;missing-sub;missing-aud;subject-overgrant;audience-overgrant,7.177
forall,42,False,False,True,True,False,False,unsupported-allow-condition;missing-sub;missing-aud;subject-overgrant;audience-overgrant,7.258
forall,43,False,False,True,True,False,False,unsupported-allow-condition;missing-sub;missing-aud;subject-overgrant;audience-overgrant,7.412
forall,44,False,False,True,True,False,False,unsupported-allow-condition;missing-sub;missing-aud;subject-overgrant;audience-overgrant,7.157
forall,45,False,False,True,True,False,False,unsupported-allow-condition;missing-sub;missing-aud;subject-overgrant;audience-overgrant,7.421
forall,46,False,False,True,True,False,False,unsupported-allow-condition;missing-sub;missing-aud;subject-overgrant;audience-overgrant,7.415
forall,47,False,False,True,True,False,False,unsupported-allow-condition;missing-sub;missing-aud;subject-overgrant;audience-overgrant,7.298
forall,48,False,False,True,True,False,False,unsupported-allow-condition;missing-sub;missing-aud;subject-overgrant;audience-overgrant,7.278
forall,49,False,False,True,True,False,False,unsupported-allow-condition;missing-sub;missing-aud;subject-overgrant;audience-overgrant,7.17
forall,50,False,False,True,True,False,False,unsupported-allow-condition;missing-sub;missing-aud;subject-overgrant;audience-overgrant,7.049
forall,51,False,False,True,True,False,False,unsupported-allow-condition;missing-sub;missing-aud;subject-overgrant;audience-overgrant,7.206
forall,52,False,False,True,True,False,False,unsupported-allow-condition;missing-sub;missing-aud;subject-overgrant;audience-overgrant,7.462
forall,53,False,False,True,True,False,False,unsupported-allow-condition;missing-sub;missing-aud;subject-overgrant;audience-overgrant,7.444
forall,54,False,False,True,True,False,False,unsupported-allow-condition;missing-sub;missing-aud;subject-overgrant;audience-overgrant,7.418
forall,55,False,False,True,True,False,False,unsupported-allow-condition;missing-sub;missing-aud;subject-overgrant;audience-overgrant,6.993
forall,56,False,False,True,True,False,False,unsupported-allow-condition;missing-sub;missing-aud;subject-overgrant;audience-overgrant,31.822
forall,57,False,False,True,True,False,False,unsupported-allow-condition;missing-sub;missing-aud;subject-overgrant;audience-overgrant,7.313
forall,58,False,False,True,True,False,False,unsupported-allow-condition;missing-sub;missing-aud;subject-overgrant;audience-overgrant,7.27
forall,59,False,False,True,True,False,False,unsupported-allow-condition;missing-sub;missing-aud;subject-overgrant;audience-overgrant,7.265
forall,60,False,False,True,True,False,False,unsupported-allow-condition;missing-sub;missing-aud;subject-overgrant;audience-overgrant,7.22
forall,61,False,False,True,True,False,False,unsupported-allow-condition;missing-sub;missing-aud;subject-overgrant;audience-overgrant,7.263
forall,62,False,False,True,True,False,False,unsupported-allow-condition;missing-sub;missing-aud;subject-overgrant;audience-overgrant,7.377
forall,63,False,False,True,True,False,False,unsupported-allow-condition;missing-sub;missing-aud;subject-overgrant;audience-overgrant,7.316
forany,0,False,False,True,True,True,True,unsupported-allow-condition;missing-sub;missing-aud;subject-overgrant;audience-overgrant,6.954
forany,1,False,False,True,True,True,True,unsupported-allow-condition;missing-sub;missing-aud;subject-overgrant;audience-overgrant,7.09
forany,2,False,False,True,True,True,True,unsupported-allow-condition;missing-sub;missing-aud;subject-overgrant;audience-overgrant,7.262
forany,3,False,False,True,True,True,True,unsupported-allow-condition;missing-sub;missing-aud;subject-overgrant;audience-overgrant,7.069
forany,4,False,False,True,True,True,True,unsupported-allow-condition;missing-sub;missing-aud;subject-overgrant;audience-overgrant,7.08
forany,5,False,False,True,True,True,True,unsupported-allow-condition;missing-sub;missing-aud;subject-overgrant;audience-overgrant,7.019
forany,6,False,False,True,True,True,True,unsupported-allow-condition;missing-sub;missing-aud;subject-overgrant;audience-overgrant,7.202
forany,7,False,False,True,True,True,True,unsupported-allow-condition;missing-sub;missing-aud;subject-overgrant;audience-overgrant,7.103
forany,8,False,False,True,True,True,True,unsupported-allow-condition;missing-sub;missing-aud;subject-overgrant;audience-overgrant,6.978
forany,9,False,False,True,True,True,True,unsupported-allow-condition;missing-sub;missing-aud;subject-overgrant;audience-overgrant,6.96
forany,10,False,False,True,True,True,True,unsupported-allow-condition;missing-sub;missing-aud;subject-overgrant;audience-overgrant,6.955
forany,11,False,False,True,True,True,True,unsupported-allow-condition;missing-sub;missing-aud;subject-overgrant;audience-overgrant,7.256
forany,12,False,False,True,True,True,True,unsupported-allow-condition;missing-sub;missing-aud;subject-overgrant;audience-overgrant,7.076
forany,13,False,False,True,True,True,True,unsupported-allow-condition;missing-sub;missing-aud;subject-overgrant;audience-overgrant,7.183
forany,14,False,False,True,True,True,True,unsupported-allow-condition;missing-sub;missing-aud;subject-overgrant;audience-overgrant,7.149
forany,15,False,False,True,True,True,True,unsupported-allow-condition;missing-sub;missing-aud;subject-overgrant;audience-overgrant,7.136
forany,16,False,False,True,True,True,True,unsupported-allow-condition;missing-sub;missing-aud;subject-overgrant;audience-overgrant,7.198
forany,17,False,False,True,True,True,True,unsupported-allow-condition;missing-sub;missing-aud;subject-overgrant;audience-overgrant,7.296
forany,18,False,False,True,True,True,True,unsupported-allow-condition;missing-sub;missing-aud;subject-overgrant;audience-overgrant,7.521
forany,19,False,False,True,True,True,True,unsupported-allow-condition;missing-sub;missing-aud;subject-overgrant;audience-overgrant,7.452
forany,20,False,False,True,True,True,True,unsupported-allow-condition;missing-sub;missing-aud;subject-overgrant;audience-overgrant,7.309
forany,21,False,False,True,True,True,True,unsupported-allow-condition;missing-sub;missing-aud;subject-overgrant;audience-overgrant,7.366
forany,22,False,False,True,True,True,True,unsupported-allow-condition;missing-sub;missing-aud;subject-overgrant;audience-overgrant,7.918
forany,23,False,False,True,True,True,True,unsupported-allow-condition;missing-sub;missing-aud;subject-overgrant;audience-overgrant,7.786
forany,24,False,False,True,True,True,True,unsupported-allow-condition;missing-sub;missing-aud;subject-overgrant;audience-overgrant,7.393
forany,25,False,False,True,True,True,True,unsupported-allow-condition;missing-sub;missing-aud;subject-overgrant;audience-overgrant,7.635
forany,26,False,False,True,True,True,True,unsupported-allow-condition;missing-sub;missing-aud;subject-overgrant;audience-overgrant,9.036
forany,27,False,False,True,True,True,True,unsupported-allow-condition;missing-sub;missing-aud;subject-overgrant;audience-overgrant,8.996
forany,28,False,False,True,True,True,True,unsupported-allow-condition;missing-sub;missing-aud;subject-overgrant;audience-overgrant,9.309
forany,29,False,False,True,True,True,True,unsupported-allow-condition;missing-sub;missing-aud;subject-overgrant;audience-overgrant,9.608
forany,30,False,False,True,True,True,True,unsupported-allow-condition;missing-sub;missing-aud;subject-overgrant;audience-overgrant,8.923
forany,31,False,False,True,True,True,True,unsupported-allow-condition;missing-sub;missing-aud;subject-overgrant;audience-overgrant,8.318
forany,32,False,False,True,True,True,True,unsupported-allow-condition;missing-sub;missing-aud;subject-overgrant;audience-overgrant,7.474
forany,33,False,False,True,True,True,True,unsupported-allow-condition;missing-sub;missing-aud;subject-overgrant;audience-overgrant,7.289
forany,34,False,False,True,True,True,True,unsupported-allow-condition;missing-sub;missing-aud;subject-overgrant;audience-overgrant,8.385
forany,35,False,False,True,True,True,True,unsupported-allow-condition;missing-sub;missing-aud;subject-overgrant;audience-overgrant,8.462
forany,36,False,False,True,True,True,True,unsupported-allow-condition;missing-sub;missing-aud;subject-overgrant;audience-overgrant,8.583
forany,37,False,False,True,True,True,True,unsupported-allow-condition;missing-sub;missing-aud;subject-overgrant;audience-overgrant,8.795
forany,38,False,False,True,True,True,True,unsupported-allow-condition;missing-sub;missing-aud;subject-overgrant;audience-overgrant,9.329
forany,39,False,False,True,True,True,True,unsupported-allow-condition;missing-sub;missing-aud;subject-overgrant;audience-overgrant,8.607
forany,40,False,False,True,True,True,True,unsupported-allow-condition;missing-sub;missing-aud;subject-overgrant;audience-overgrant,8.948
forany,41,False,False,True,True,True,True,unsupported-allow-condition;missing-sub;missing-aud;subject-overgrant;audience-overgrant,8.998
forany,42,False,False,True,True,True,True,unsupported-allow-condition;missing-sub;missing-aud;subject-overgrant;audience-overgrant,9.482
forany,43,False,False,True,True,True,True,unsupported-allow-condition;missing-sub;missing-aud;subject-overgrant;audience-overgrant,7.501
forany,44,False,False,True,True,True,True,unsupported-allow-condition;missing-sub;missing-aud;subject-overgrant;audience-overgrant,8.081
forany,45,False,False,True,True,True,True,unsupported-allow-condition;missing-sub;missing-aud;subject-overgrant;audience-overgrant,10.075
forany,46,False,False,True,True,True,True,unsupported-allow-condition;missing-sub;missing-aud;subject-overgrant;audience-overgrant,9.728
forany,47,False,False,True,True,True,True,unsupported-allow-condition;missing-sub;missing-aud;subject-overgrant;audience-overgrant,7.244
forany,48,False,False,True,True,True,True,unsupported-allow-condition;missing-sub;missing-aud;subject-overgrant;audience-overgrant,7.301
forany,49,False,False,True,True,True,True,unsupported-allow-condition;missing-sub;missing-aud;subject-overgrant;audience-overgrant,7.389
forany,50,False,False,True,True,True,True,unsupported-allow-condition;missing-sub;missing-aud;subject-overgrant;audience-overgrant,7.995
forany,51,False,False,True,True,True,True,unsupported-allow-condition;missing-sub;missing-aud;subject-overgrant;audience-overgrant,8.781
forany,52,False,False,True,True,True,True,unsupported-allow-condition;missing-sub;missing-aud;subject-overgrant;audience-overgrant,7.142
forany,53,False,False,True,True,True,True,unsupported-allow-condition;missing-sub;missing-aud;subject-overgrant;audience-overgrant,7.446
forany,54,False,False,True,True,True,True,unsupported-allow-condition;missing-sub;missing-aud;subject-overgrant;audience-overgrant,7.651
forany,55,False,False,True,True,True,True,unsupported-allow-condition;missing-sub;missing-aud;subject-overgrant;audience-overgrant,7.293
forany,56,False,False,True,True,True,True,unsupported-allow-condition;missing-sub;missing-aud;subject-overgrant;audience-overgrant,7.201
forany,57,False,False,True,True,True,True,unsupported-allow-condition;missing-sub;missing-aud;subject-overgrant;audience-overgrant,7.149
forany,58,False,False,True,True,True,True,unsupported-allow-condition;missing-sub;missing-aud;subject-overgrant;audience-overgrant,7.439
forany,59,False,False,True,True,True,True,unsupported-allow-condition;missing-sub;missing-aud;subject-overgrant;audience-overgrant,7.275
forany,60,False,False,True,True,True,True,unsupported-allow-condition;missing-sub;missing-aud;subject-overgrant;audience-overgrant,7.063
forany,61,False,False,True,True,True,True,unsupported-allow-condition;missing-sub;missing-aud;subject-overgrant;audience-overgrant,7.283
forany,62,False,False,True,True,True,True,unsupported-allow-condition;missing-sub;missing-aud;subject-overgrant;audience-overgrant,7.278
forany,63,False,False,True,True,True,True,unsupported-allow-condition;missing-sub;missing-aud;subject-overgrant;audience-overgrant,7.828
foreign_key,0,False,False,True,True,True,True,unsupported-allow-claim-key;missing-sub;subject-overgrant,7.522
foreign_key,1,False,False,True,True,True,True,unsupported-allow-claim-key;missing-sub;subject-overgrant,6.918
foreign_key,2,False,False,True,True,True,True,unsupported-allow-claim-key;missing-sub;subject-overgrant,6.85
foreign_key,3,False,False,True,True,True,True,unsupported-allow-claim-key;missing-sub;subject-overgrant,6.924
foreign_key,4,False,False,True,True,True,True,unsupported-allow-claim-key;missing-sub;subject-overgrant,7.452
foreign_key,5,False,False,True,True,True,True,unsupported-allow-claim-key;missing-sub;subject-overgrant,7.128
foreign_key,6,False,False,True,True,True,True,unsupported-allow-claim-key;missing-sub;subject-overgrant,7.186
foreign_key,7,False,False,True,True,True,True,unsupported-allow-claim-key;missing-sub;subject-overgrant,7.073
foreign_key,8,False,False,True,True,True,True,unsupported-allow-claim-key;missing-sub;subject-overgrant,6.986
foreign_key,9,False,False,True,True,True,True,unsupported-allow-claim-key;missing-sub;subject-overgrant,7.066
foreign_key,10,False,False,True,True,True,True,unsupported-allow-claim-key;missing-sub;subject-overgrant,7.028
foreign_key,11,False,False,True,True,True,True,unsupported-allow-claim-key;missing-sub;subject-overgrant,7.112
foreign_key,12,False,False,True,True,True,True,unsupported-allow-claim-key;missing-sub;subject-overgrant,7.352
foreign_key,13,False,False,True,True,True,True,unsupported-allow-claim-key;missing-sub;subject-overgrant,7.079
foreign_key,14,False,False,True,True,True,True,unsupported-allow-claim-key;missing-sub;subject-overgrant,7.172
foreign_key,15,False,False,True,True,True,True,unsupported-allow-claim-key;missing-sub;subject-overgrant,7.131
foreign_key,16,False,False,True,True,True,True,unsupported-allow-claim-key;missing-sub;subject-overgrant,7.074
foreign_key,17,False,False,True,True,True,True,unsupported-allow-claim-key;missing-sub;subject-overgrant,7.027
foreign_key,18,False,False,True,True,True,True,unsupported-allow-claim-key;missing-sub;subject-overgrant,7.337
foreign_key,19,False,False,True,True,True,True,unsupported-allow-claim-key;missing-sub;subject-overgrant,7.134
foreign_key,20,False,False,True,True,True,True,unsupported-allow-claim-key;missing-sub;subject-overgrant,6.807
foreign_key,21,False,False,True,True,True,True,unsupported-allow-claim-key;missing-sub;subject-overgrant,7.28
foreign_key,22,False,False,True,True,True,True,unsupported-allow-claim-key;missing-sub;subject-overgrant,6.836
foreign_key,23,False,False,True,True,True,True,unsupported-allow-claim-key;missing-sub;subject-overgrant,7.044
foreign_key,24,False,False,True,True,True,True,unsupported-allow-claim-key;missing-sub;subject-overgrant,7.078
foreign_key,25,False,False,True,True,True,True,unsupported-allow-claim-key;missing-sub;subject-overgrant,7.442
foreign_key,26,False,False,True,True,True,True,unsupported-allow-claim-key;missing-sub;subject-overgrant,7.271
foreign_key,27,False,False,True,True,True,True,unsupported-allow-claim-key;missing-sub;subject-overgrant,7.095
foreign_key,28,False,False,True,True,True,True,unsupported-allow-claim-key;missing-sub;subject-overgrant,7.156
foreign_key,29,False,False,True,True,True,True,unsupported-allow-claim-key;missing-sub;subject-overgrant,7.098
foreign_key,30,False,False,True,True,True,True,unsupported-allow-claim-key;missing-sub;subject-overgrant,6.953
foreign_key,31,False,False,True,True,True,True,unsupported-allow-claim-key;missing-sub;subject-overgrant,7.045
foreign_key,32,False,False,True,True,True,True,unsupported-allow-claim-key;missing-sub;subject-overgrant,7.207
foreign_key,33,False,False,True,True,True,True,unsupported-allow-claim-key;missing-sub;subject-overgrant,6.878
foreign_key,34,False,False,True,True,True,True,unsupported-allow-claim-key;missing-sub;subject-overgrant,7.205
foreign_key,35,False,False,True,True,True,True,unsupported-allow-claim-key;missing-sub;subject-overgrant,7.035
foreign_key,36,False,False,True,True,True,True,unsupported-allow-claim-key;missing-sub;subject-overgrant,7.015
foreign_key,37,False,False,True,True,True,True,unsupported-allow-claim-key;missing-sub;subject-overgrant,7.041
foreign_key,38,False,False,True,True,True,True,unsupported-allow-claim-key;missing-sub;subject-overgrant,7.026
foreign_key,39,False,False,True,True,True,True,unsupported-allow-claim-key;missing-sub;subject-overgrant,6.976
foreign_key,40,False,False,True,True,True,True,unsupported-allow-claim-key;missing-sub;subject-overgrant,6.759
foreign_key,41,False,False,True,True,True,True,unsupported-allow-claim-key;missing-sub;subject-overgrant,6.992
foreign_key,42,False,False,True,True,True,True,unsupported-allow-claim-key;missing-sub;subject-overgrant,7.005
foreign_key,43,False,False,True,True,True,True,unsupported-allow-claim-key;missing-sub;subject-overgrant,6.98
foreign_key,44,False,False,True,True,True,True,unsupported-allow-claim-key;missing-sub;subject-overgrant,6.748
foreign_key,45,False,False,True,True,True,True,unsupported-allow-claim-key;missing-sub;subject-overgrant,7.027
foreign_key,46,False,False,True,True,True,True,unsupported-allow-claim-key;missing-sub;subject-overgrant,6.996
foreign_key,47,False,False,True,True,True,True,unsupported-allow-claim-key;missing-sub;subject-overgrant,6.955
foreign_key,48,False,False,True,True,True,True,unsupported-allow-claim-key;missing-sub;subject-overgrant,6.979
foreign_key,49,False,False,True,True,True,True,unsupported-allow-claim-key;missing-sub;subject-overgrant,7.063
foreign_key,50,False,False,True,True,True,True,unsupported-allow-claim-key;missing-sub;subject-overgrant,6.866
foreign_key,51,False,False,True,True,True,True,unsupported-allow-claim-key;missing-sub;subject-overgrant,6.994
foreign_key,52,False,False,True,True,True,True,unsupported-allow-claim-key;missing-sub;subject-overgrant,7.534
foreign_key,53,False,False,True,True,True,True,unsupported-allow-claim-key;missing-sub;subject-overgrant,7.388
foreign_key,54,False,False,True,True,True,True,unsupported-allow-claim-key;missing-sub;subject-overgrant,7.63
foreign_key,55,False,False,True,True,True,True,unsupported-allow-claim-key;missing-sub;subject-overgrant,8.024
foreign_key,56,False,False,True,True,True,True,unsupported-allow-claim-key;missing-sub;subject-overgrant,9.244
foreign_key,57,False,False,True,True,True,True,unsupported-allow-claim-key;missing-sub;subject-overgrant,7.434
foreign_key,58,False,False,True,True,True,True,unsupported-allow-claim-key;missing-sub;subject-overgrant,7.623
foreign_key,59,False,False,True,True,True,True,unsupported-allow-claim-key;missing-sub;subject-overgrant,7.173
foreign_key,60,False,False,True,True,True,True,unsupported-allow-claim-key;missing-sub;subject-overgrant,7.421
foreign_key,61,False,False,True,True,True,True,unsupported-allow-claim-key;missing-sub;subject-overgrant,8.102
foreign_key,62,False,False,True,True,True,True,unsupported-allow-claim-key;missing-sub;subject-overgrant,7.146
foreign_key,63,False,False,True,True,True,True,unsupported-allow-claim-key;missing-sub;subject-overgrant,7.349
ifexists,0,False,False,True,True,True,True,unsupported-allow-condition;missing-sub;missing-aud;subject-overgrant;audience-overgrant,6.909
ifexists,1,False,False,True,True,True,True,unsupported-allow-condition;missing-sub;missing-aud;subject-overgrant;audience-overgrant,7.452
ifexists,2,False,False,True,True,True,True,unsupported-allow-condition;missing-sub;missing-aud;subject-overgrant;audience-overgrant,7.697
ifexists,3,False,False,True,True,True,True,unsupported-allow-condition;missing-sub;missing-aud;subject-overgrant;audience-overgrant,7.29
ifexists,4,False,False,True,True,True,True,unsupported-allow-condition;missing-sub;missing-aud;subject-overgrant;audience-overgrant,7.824
ifexists,5,False,False,True,True,True,True,unsupported-allow-condition;missing-sub;missing-aud;subject-overgrant;audience-overgrant,8.002
ifexists,6,False,False,True,True,True,True,unsupported-allow-condition;missing-sub;missing-aud;subject-overgrant;audience-overgrant,7.469
ifexists,7,False,False,True,True,True,True,unsupported-allow-condition;missing-sub;missing-aud;subject-overgrant;audience-overgrant,7.539
ifexists,8,False,False,True,True,True,True,unsupported-allow-condition;missing-sub;missing-aud;subject-overgrant;audience-overgrant,7.935
ifexists,9,False,False,True,True,True,True,unsupported-allow-condition;missing-sub;missing-aud;subject-overgrant;audience-overgrant,8.66
ifexists,10,False,False,True,True,True,True,unsupported-allow-condition;missing-sub;missing-aud;subject-overgrant;audience-overgrant,7.67
ifexists,11,False,False,True,True,True,True,unsupported-allow-condition;missing-sub;missing-aud;subject-overgrant;audience-overgrant,7.098
ifexists,12,False,False,True,True,True,True,unsupported-allow-condition;missing-sub;missing-aud;subject-overgrant;audience-overgrant,8.429
ifexists,13,False,False,True,True,True,True,unsupported-allow-condition;missing-sub;missing-aud;subject-overgrant;audience-overgrant,7.198
ifexists,14,False,False,True,True,True,True,unsupported-allow-condition;missing-sub;missing-aud;subject-overgrant;audience-overgrant,7.847
ifexists,15,False,False,True,True,True,True,unsupported-allow-condition;missing-sub;missing-aud;subject-overgrant;audience-overgrant,8.26
ifexists,16,False,False,True,True,True,True,unsupported-allow-condition;missing-sub;missing-aud;subject-overgrant;audience-overgrant,7.734
ifexists,17,False,False,True,True,True,True,unsupported-allow-condition;missing-sub;missing-aud;subject-overgrant;audience-overgrant,7.674
ifexists,18,False,False,True,True,True,True,unsupported-allow-condition;missing-sub;missing-aud;subject-overgrant;audience-overgrant,7.822
ifexists,19,False,False,True,True,True,True,unsupported-allow-condition;missing-sub;missing-aud;subject-overgrant;audience-overgrant,7.619
ifexists,20,False,False,True,True,True,True,unsupported-allow-condition;missing-sub;missing-aud;subject-overgrant;audience-overgrant,7.659
ifexists,21,False,False,True,True,True,True,unsupported-allow-condition;missing-sub;missing-aud;subject-overgrant;audience-overgrant,7.348
ifexists,22,False,False,True,True,True,True,unsupported-allow-condition;missing-sub;missing-aud;subject-overgrant;audience-overgrant,7.16
ifexists,23,False,False,True,True,True,True,unsupported-allow-condition;missing-sub;missing-aud;subject-overgrant;audience-overgrant,7.422
ifexists,24,False,False,True,True,True,True,unsupported-allow-condition;missing-sub;missing-aud;subject-overgrant;audience-overgrant,7.521
ifexists,25,False,False,True,True,True,True,unsupported-allow-condition;missing-sub;missing-aud;subject-overgrant;audience-overgrant,8.095
ifexists,26,False,False,True,True,True,True,unsupported-allow-condition;missing-sub;missing-aud;subject-overgrant;audience-overgrant,8.064
ifexists,27,False,False,True,True,True,True,unsupported-allow-condition;missing-sub;missing-aud;subject-overgrant;audience-overgrant,7.126
ifexists,28,False,False,True,True,True,True,unsupported-allow-condition;missing-sub;missing-aud;subject-overgrant;audience-overgrant,7.259
ifexists,29,False,False,True,True,True,True,unsupported-allow-condition;missing-sub;missing-aud;subject-overgrant;audience-overgrant,7.045
ifexists,30,False,False,True,True,True,True,unsupported-allow-condition;missing-sub;missing-aud;subject-overgrant;audience-overgrant,7.345
ifexists,31,False,False,True,True,True,True,unsupported-allow-condition;missing-sub;missing-aud;subject-overgrant;audience-overgrant,7.565
ifexists,32,False,False,True,True,True,True,unsupported-allow-condition;missing-sub;missing-aud;subject-overgrant;audience-overgrant,7.594
ifexists,33,False,False,True,True,True,True,unsupported-allow-condition;missing-sub;missing-aud;subject-overgrant;audience-overgrant,7.625
ifexists,34,False,False,True,True,True,True,unsupported-allow-condition;missing-sub;missing-aud;subject-overgrant;audience-overgrant,7.175
ifexists,35,False,False,True,True,True,True,unsupported-allow-condition;missing-sub;missing-aud;subject-overgrant;audience-overgrant,7.074
ifexists,36,False,False,True,True,True,True,unsupported-allow-condition;missing-sub;missing-aud;subject-overgrant;audience-overgrant,7.217
ifexists,37,False,False,True,True,True,True,unsupported-allow-condition;missing-sub;missing-aud;subject-overgrant;audience-overgrant,7.511
ifexists,38,False,False,True,True,True,True,unsupported-allow-condition;missing-sub;missing-aud;subject-overgrant;audience-overgrant,7.476
ifexists,39,False,False,True,True,True,True,unsupported-allow-condition;missing-sub;missing-aud;subject-overgrant;audience-overgrant,7.397
ifexists,40,False,False,True,True,True,True,unsupported-allow-condition;missing-sub;missing-aud;subject-overgrant;audience-overgrant,7.084
ifexists,41,False,False,True,True,True,True,unsupported-allow-condition;missing-sub;missing-aud;subject-overgrant;audience-overgrant,7.244
ifexists,42,False,False,True,True,True,True,unsupported-allow-condition;missing-sub;missing-aud;subject-overgrant;audience-overgrant,7.326
ifexists,43,False,False,True,True,True,True,unsupported-allow-condition;missing-sub;missing-aud;subject-overgrant;audience-overgrant,7.338
ifexists,44,False,False,True,True,True,True,unsupported-allow-condition;missing-sub;missing-aud;subject-overgrant;audience-overgrant,7.179
ifexists,45,False,False,True,True,True,True,unsupported-allow-condition;missing-sub;missing-aud;subject-overgrant;audience-overgrant,7.342
ifexists,46,False,False,True,True,True,True,unsupported-allow-condition;missing-sub;missing-aud;subject-overgrant;audience-overgrant,7.332
ifexists,47,False,False,True,True,True,True,unsupported-allow-condition;missing-sub;missing-aud;subject-overgrant;audience-overgrant,7.404
ifexists,48,False,False,True,True,True,True,unsupported-allow-condition;missing-sub;missing-aud;subject-overgrant;audience-overgrant,7.497
ifexists,49,False,False,True,True,True,True,unsupported-allow-condition;missing-sub;missing-aud;subject-overgrant;audience-overgrant,7.403
ifexists,50,False,False,True,True,True,True,unsupported-allow-condition;missing-sub;missing-aud;subject-overgrant;audience-overgrant,7.02
ifexists,51,False,False,True,True,True,True,unsupported-allow-condition;missing-sub;missing-aud;subject-overgrant;audience-overgrant,7.553
ifexists,52,False,False,True,True,True,True,unsupported-allow-condition;missing-sub;missing-aud;subject-overgrant;audience-overgrant,7.312
ifexists,53,False,False,True,True,True,True,unsupported-allow-condition;missing-sub;missing-aud;subject-overgrant;audience-overgrant,7.213
ifexists,54,False,False,True,True,True,True,unsupported-allow-condition;missing-sub;missing-aud;subject-overgrant;audience-overgrant,7.249
ifexists,55,False,False,True,True,True,True,unsupported-allow-condition;missing-sub;missing-aud;subject-overgrant;audience-overgrant,6.928
ifexists,56,False,False,True,True,True,True,unsupported-allow-condition;missing-sub;missing-aud;subject-overgrant;audience-overgrant,7.319
ifexists,57,False,False,True,True,True,True,unsupported-allow-condition;missing-sub;missing-aud;subject-overgrant;audience-overgrant,7.182
ifexists,58,False,False,True,True,True,True,unsupported-allow-condition;missing-sub;missing-aud;subject-overgrant;audience-overgrant,7.405
ifexists,59,False,False,True,True,True,True,unsupported-allow-condition;missing-sub;missing-aud;subject-overgrant;audience-overgrant,7.202
ifexists,60,False,False,True,True,True,True,unsupported-allow-condition;missing-sub;missing-aud;subject-overgrant;audience-overgrant,6.96
ifexists,61,False,False,True,True,True,True,unsupported-allow-condition;missing-sub;missing-aud;subject-overgrant;audience-overgrant,7.642
ifexists,62,False,False,True,True,True,True,unsupported-allow-condition;missing-sub;missing-aud;subject-overgrant;audience-overgrant,7.557
ifexists,63,False,False,True,True,True,True,unsupported-allow-condition;missing-sub;missing-aud;subject-overgrant;audience-overgrant,7.292
literal_star,0,False,False,True,True,False,False,audience-overgrant,2.809
literal_star,1,False,False,True,True,False,False,audience-overgrant,2.866
literal_star,2,False,False,True,True,False,False,audience-overgrant,2.843
literal_star,3,False,False,True,True,False,False,audience-overgrant,2.834
literal_star,4,False,False,True,True,False,False,audience-overgrant,2.845
literal_star,5,False,False,True,True,False,False,audience-overgrant,2.868
literal_star,6,False,False,True,True,False,False,audience-overgrant,2.93
literal_star,7,False,False,True,True,False,False,audience-overgrant,2.841
literal_star,8,False,False,True,True,False,False,audience-overgrant,3.144
literal_star,9,False,False,True,True,False,False,audience-overgrant,2.878
literal_star,10,False,False,True,True,False,False,audience-overgrant,2.867
literal_star,11,False,False,True,True,False,False,audience-overgrant,2.925
literal_star,12,False,False,True,True,False,False,audience-overgrant,2.942
literal_star,13,False,False,True,True,False,False,audience-overgrant,2.984
literal_star,14,False,False,True,True,False,False,audience-overgrant,2.962
literal_star,15,False,False,True,True,False,False,audience-overgrant,2.974
literal_star,16,False,False,True,True,False,False,audience-overgrant,3.027
literal_star,17,False,False,True,True,False,False,audience-overgrant,2.981
literal_star,18,False,False,True,True,False,False,audience-overgrant,2.937
literal_star,19,False,False,True,True,False,False,audience-overgrant,2.898
literal_star,20,False,False,True,True,False,False,audience-overgrant,3.03
literal_star,21,False,False,True,True,False,False,audience-overgrant,3.116
literal_star,22,False,False,True,True,False,False,audience-overgrant,2.897
literal_star,23,False,False,True,True,False,False,audience-overgrant,3.01
literal_star,24,False,False,True,True,False,False,audience-overgrant,2.992
literal_star,25,False,False,True,True,False,False,audience-overgrant,2.984
literal_star,26,False,False,True,True,False,False,audience-overgrant,2.933
literal_star,27,False,False,True,True,False,False,audience-overgrant,2.99
literal_star,28,False,False,True,True,False,False,audience-overgrant,2.953
literal_star,29,False,False,True,True,False,False,audience-overgrant,3.021
literal_star,30,False,False,True,True,False,False,audience-overgrant,2.973
literal_star,31,False,False,True,True,False,False,audience-overgrant,2.957
literal_star,32,False,False,True,True,False,False,audience-overgrant,2.851
literal_star,33,False,False,True,True,False,False,audience-overgrant,2.843
literal_star,34,False,False,True,True,False,False,audience-overgrant,2.902
literal_star,35,False,False,True,True,False,False,audience-overgrant,2.917
literal_star,36,False,False,True,True,False,False,audience-overgrant,3.061
literal_star,37,False,False,True,True,False,False,audience-overgrant,2.926
literal_star,38,False,False,True,True,False,False,audience-overgrant,2.976
literal_star,39,False,False,True,True,False,False,audience-overgrant,2.918
literal_star,40,False,False,True,True,False,False,audience-overgrant,2.855
literal_star,41,False,False,True,True,False,False,audience-overgrant,3.164
literal_star,42,False,False,True,True,False,False,audience-overgrant,3.202
literal_star,43,False,False,True,True,False,False,audience-overgrant,3.049
literal_star,44,False,False,True,True,False,False,audience-overgrant,2.802
literal_star,45,False,False,True,True,False,False,audience-overgrant,2.942
literal_star,46,False,False,True,True,False,False,audience-overgrant,2.89
literal_star,47,False,False,True,True,False,False,audience-overgrant,2.868
literal_star,48,False,False,True,True,False,False,audience-overgrant,2.94
literal_star,49,False,False,True,True,False,False,audience-overgrant,2.892
literal_star,50,False,False,True,True,False,False,audience-overgrant,2.806
literal_star,51,False,False,True,True,False,False,audience-overgrant,2.878
literal_star,52,False,False,True,True,False,False,audience-overgrant,2.978
literal_star,53,False,False,True,True,False,False,audience-overgrant,2.948
literal_star,54,False,False,True,True,False,False,audience-overgrant,2.971
literal_star,55,False,False,True,True,False,False,audience-overgrant,2.887
literal_star,56,False,False,True,True,False,False,audience-overgrant,2.873
literal_star,57,False,False,True,True,False,False,audience-overgrant,2.896
literal_star,58,False,False,True,True,False,False,audience-overgrant,2.846
literal_star,59,False,False,True,True,False,False,audience-overgrant,2.876
literal_star,60,False,False,True,True,False,False,audience-overgrant,2.827
literal_star,61,False,False,True,True,False,False,audience-overgrant,2.948
literal_star,62,False,False,True,True,False,False,audience-overgrant,2.9
literal_star,63,False,False,True,True,False,False,audience-overgrant,2.844
malformed_principal,0,False,False,True,True,True,True,non-github-allow-oidc-principal,0.692
malformed_principal,1,False,False,True,True,True,True,non-github-allow-oidc-principal,0.67
malformed_principal,2,False,False,True,True,True,True,non-github-allow-oidc-principal,0.671
malformed_principal,3,False,False,True,True,True,True,non-github-allow-oidc-principal,0.669
malformed_principal,4,False,False,True,True,True,True,non-github-allow-oidc-principal,0.644
malformed_principal,5,False,False,True,True,True,True,non-github-allow-oidc-principal,0.674
malformed_principal,6,False,False,True,True,True,True,non-github-allow-oidc-principal,0.673
malformed_principal,7,False,False,True,True,True,True,non-github-allow-oidc-principal,0.749
malformed_principal,8,False,False,True,True,True,True,non-github-allow-oidc-principal,0.707
malformed_principal,9,False,False,True,True,True,True,non-github-allow-oidc-principal,0.678
malformed_principal,10,False,False,True,True,True,True,non-github-allow-oidc-principal,0.65
malformed_principal,11,False,False,True,True,True,True,non-github-allow-oidc-principal,0.682
malformed_principal,12,False,False,True,True,True,True,non-github-allow-oidc-principal,0.692
malformed_principal,13,False,False,True,True,True,True,non-github-allow-oidc-principal,0.658
malformed_principal,14,False,False,True,True,True,True,non-github-allow-oidc-principal,0.678
malformed_principal,15,False,False,True,True,True,True,non-github-allow-oidc-principal,0.703
malformed_principal,16,False,False,True,True,True,True,non-github-allow-oidc-principal,0.663
malformed_principal,17,False,False,True,True,True,True,non-github-allow-oidc-principal,0.692
malformed_principal,18,False,False,True,True,True,True,non-github-allow-oidc-principal,0.791
malformed_principal,19,False,False,True,True,True,True,non-github-allow-oidc-principal,0.663
malformed_principal,20,False,False,True,True,True,True,non-github-allow-oidc-principal,0.667
malformed_principal,21,False,False,True,True,True,True,non-github-allow-oidc-principal,0.679
malformed_principal,22,False,False,True,True,True,True,non-github-allow-oidc-principal,0.651
malformed_principal,23,False,False,True,True,True,True,non-github-allow-oidc-principal,0.689
malformed_principal,24,False,False,True,True,True,True,non-github-allow-oidc-principal,0.677
malformed_principal,25,False,False,True,True,True,True,non-github-allow-oidc-principal,0.656
malformed_principal,26,False,False,True,True,True,True,non-github-allow-oidc-principal,0.684
malformed_principal,27,False,False,True,True,True,True,non-github-allow-oidc-principal,0.725
malformed_principal,28,False,False,True,True,True,True,non-github-allow-oidc-principal,0.671
malformed_principal,29,False,False,True,True,True,True,non-github-allow-oidc-principal,0.784
malformed_principal,30,False,False,True,True,True,True,non-github-allow-oidc-principal,0.69
malformed_principal,31,False,False,True,True,True,True,non-github-allow-oidc-principal,0.681
malformed_principal,32,False,False,True,True,True,True,non-github-allow-oidc-principal,0.689
malformed_principal,33,False,False,True,True,True,True,non-github-allow-oidc-principal,0.695
malformed_principal,34,False,False,True,True,True,True,non-github-allow-oidc-principal,0.681
malformed_principal,35,False,False,True,True,True,True,non-github-allow-oidc-principal,0.679
malformed_principal,36,False,False,True,True,True,True,non-github-allow-oidc-principal,0.688
malformed_principal,37,False,False,True,True,True,True,non-github-allow-oidc-principal,0.704
malformed_principal,38,False,False,True,True,True,True,non-github-allow-oidc-principal,0.673
malformed_principal,39,False,False,True,True,True,True,non-github-allow-oidc-principal,0.715
malformed_principal,40,False,False,True,True,True,True,non-github-allow-oidc-principal,0.729
malformed_principal,41,False,False,True,True,True,True,non-github-allow-oidc-principal,0.687
malformed_principal,42,False,False,True,True,True,True,non-github-allow-oidc-principal,0.68
malformed_principal,43,False,False,True,True,True,True,non-github-allow-oidc-principal,0.678
malformed_principal,44,False,False,True,True,True,True,non-github-allow-oidc-principal,0.673
malformed_principal,45,False,False,True,True,True,True,non-github-allow-oidc-principal,0.679
malformed_principal,46,False,False,True,True,True,True,non-github-allow-oidc-principal,0.658
malformed_principal,47,False,False,True,True,True,True,non-github-allow-oidc-principal,0.677
malformed_principal,48,False,False,True,True,True,True,non-github-allow-oidc-principal,0.671
malformed_principal,49,False,False,True,True,True,True,non-github-allow-oidc-principal,0.661
malformed_principal,50,False,False,True,True,True,True,non-github-allow-oidc-principal,0.677
malformed_principal,51,False,False,True,True,True,True,non-github-allow-oidc-principal,0.795
malformed_principal,52,False,False,True,True,True,True,non-github-allow-oidc-principal,0.683
malformed_principal,53,False,False,True,True,True,True,non-github-allow-oidc-principal,0.694
malformed_principal,54,False,False,True,True,True,True,non-github-allow-oidc-principal,0.691
malformed_principal,55,False,False,True,True,True,True,non-github-allow-oidc-principal,0.661
malformed_principal,56,False,False,True,True,True,True,non-github-allow-oidc-principal,0.701
malformed_principal,57,False,False,True,True,True,True,non-github-allow-oidc-principal,0.68
malformed_principal,58,False,False,True,True,True,True,non-github-allow-oidc-principal,0.689
malformed_principal,59,False,False,True,True,True,True,non-github-allow-oidc-principal,0.716
malformed_principal,60,False,False,True,True,True,True,non-github-allow-oidc-principal,0.661
malformed_principal,61,False,False,True,True,True,True,non-github-allow-oidc-principal,0.679
malformed_principal,62,False,False,True,True,True,True,non-github-allow-oidc-principal,0.687
malformed_principal,63,False,False,True,True,True,True,non-github-allow-oidc-principal,0.696
missing_audience,0,False,False,True,False,False,False,missing-aud;audience-overgrant,2.724
missing_audience,1,False,False,True,False,False,False,missing-aud;audience-overgrant,2.783
missing_audience,2,False,False,True,False,False,False,missing-aud;audience-overgrant,2.848
missing_audience,3,False,False,True,False,False,False,missing-aud;audience-overgrant,2.859
missing_audience,4,False,False,True,False,False,False,missing-aud;audience-overgrant,2.801
missing_audience,5,False,False,True,False,False,False,missing-aud;audience-overgrant,2.787
missing_audience,6,False,False,True,False,False,False,missing-aud;audience-overgrant,3.004
missing_audience,7,False,False,True,False,False,False,missing-aud;audience-overgrant,2.857
missing_audience,8,False,False,True,False,False,False,missing-aud;audience-overgrant,2.824
missing_audience,9,False,False,True,False,False,False,missing-aud;audience-overgrant,2.813
missing_audience,10,False,False,True,False,False,False,missing-aud;audience-overgrant,2.842
missing_audience,11,False,False,True,False,False,False,missing-aud;audience-overgrant,2.783
missing_audience,12,False,False,True,False,False,False,missing-aud;audience-overgrant,3.091
missing_audience,13,False,False,True,False,False,False,missing-aud;audience-overgrant,2.964
missing_audience,14,False,False,True,False,False,False,missing-aud;audience-overgrant,3.023
missing_audience,15,False,False,True,False,False,False,missing-aud;audience-overgrant,2.968
missing_audience,16,False,False,True,False,False,False,missing-aud;audience-overgrant,2.994
missing_audience,17,False,False,True,False,False,False,missing-aud;audience-overgrant,3.038
missing_audience,18,False,False,True,False,False,False,missing-aud;audience-overgrant,3.143
missing_audience,19,False,False,True,False,False,False,missing-aud;audience-overgrant,2.898
missing_audience,20,False,False,True,False,False,False,missing-aud;audience-overgrant,2.863
missing_audience,21,False,False,True,False,False,False,missing-aud;audience-overgrant,2.913
missing_audience,22,False,False,True,False,False,False,missing-aud;audience-overgrant,2.823
missing_audience,23,False,False,True,False,False,False,missing-aud;audience-overgrant,2.851
missing_audience,24,False,False,True,False,False,False,missing-aud;audience-overgrant,2.858
missing_audience,25,False,False,True,False,False,False,missing-aud;audience-overgrant,2.84
missing_audience,26,False,False,True,False,False,False,missing-aud;audience-overgrant,2.904
missing_audience,27,False,False,True,False,False,False,missing-aud;audience-overgrant,2.819
missing_audience,28,False,False,True,False,False,False,missing-aud;audience-overgrant,2.92
missing_audience,29,False,False,True,False,False,False,missing-aud;audience-overgrant,2.878
missing_audience,30,False,False,True,False,False,False,missing-aud;audience-overgrant,2.769
missing_audience,31,False,False,True,False,False,False,missing-aud;audience-overgrant,2.849
missing_audience,32,False,False,True,False,False,False,missing-aud;audience-overgrant,2.846
missing_audience,33,False,False,True,False,False,False,missing-aud;audience-overgrant,2.787
missing_audience,34,False,False,True,False,False,False,missing-aud;audience-overgrant,2.927
missing_audience,35,False,False,True,False,False,False,missing-aud;audience-overgrant,2.914
missing_audience,36,False,False,True,False,False,False,missing-aud;audience-overgrant,2.906
missing_audience,37,False,False,True,False,False,False,missing-aud;audience-overgrant,2.832
missing_audience,38,False,False,True,False,False,False,missing-aud;audience-overgrant,2.873
missing_audience,39,False,False,True,False,False,False,missing-aud;audience-overgrant,2.845
missing_audience,40,False,False,True,False,False,False,missing-aud;audience-overgrant,2.789
missing_audience,41,False,False,True,False,False,False,missing-aud;audience-overgrant,2.824
missing_audience,42,False,False,True,False,False,False,missing-aud;audience-overgrant,2.837
missing_audience,43,False,False,True,False,False,False,missing-aud;audience-overgrant,2.93
missing_audience,44,False,False,True,False,False,False,missing-aud;audience-overgrant,2.773
missing_audience,45,False,False,True,False,False,False,missing-aud;audience-overgrant,2.815
missing_audience,46,False,False,True,False,False,False,missing-aud;audience-overgrant,2.862
missing_audience,47,False,False,True,False,False,False,missing-aud;audience-overgrant,2.885
missing_audience,48,False,False,True,False,False,False,missing-aud;audience-overgrant,2.81
missing_audience,49,False,False,True,False,False,False,missing-aud;audience-overgrant,2.896
missing_audience,50,False,False,True,False,False,False,missing-aud;audience-overgrant,2.784
missing_audience,51,False,False,True,False,False,False,missing-aud;audience-overgrant,2.836
missing_audience,52,False,False,True,False,False,False,missing-aud;audience-overgrant,2.904
missing_audience,53,False,False,True,False,False,False,missing-aud;audience-overgrant,2.923
missing_audience,54,False,False,True,False,False,False,missing-aud;audience-overgrant,2.969
missing_audience,55,False,False,True,False,False,False,missing-aud;audience-overgrant,2.865
missing_audience,56,False,False,True,False,False,False,missing-aud;audience-overgrant,3.015
missing_audience,57,False,False,True,False,False,False,missing-aud;audience-overgrant,2.965
missing_audience,58,False,False,True,False,False,False,missing-aud;audience-overgrant,2.949
missing_audience,59,False,False,True,False,False,False,missing-aud;audience-overgrant,2.952
missing_audience,60,False,False,True,False,False,False,missing-aud;audience-overgrant,2.889
missing_audience,61,False,False,True,False,False,False,missing-aud;audience-overgrant,2.967
missing_audience,62,False,False,True,False,False,False,missing-aud;audience-overgrant,2.929
missing_audience,63,False,False,True,False,False,False,missing-aud;audience-overgrant,2.926
mixed_principal,0,False,False,True,True,True,True,mixed-allow-principal,0.692
mixed_principal,1,False,False,True,True,True,True,mixed-allow-principal,0.697
mixed_principal,2,False,False,True,True,True,True,mixed-allow-principal,0.689
mixed_principal,3,False,False,True,True,True,True,mixed-allow-principal,0.673
mixed_principal,4,False,False,True,True,True,True,mixed-allow-principal,0.666
mixed_principal,5,False,False,True,True,True,True,mixed-allow-principal,0.688
mixed_principal,6,False,False,True,True,True,True,mixed-allow-principal,0.678
mixed_principal,7,False,False,True,True,True,True,mixed-allow-principal,0.664
mixed_principal,8,False,False,True,True,True,True,mixed-allow-principal,0.661
mixed_principal,9,False,False,True,True,True,True,mixed-allow-principal,0.693
mixed_principal,10,False,False,True,True,True,True,mixed-allow-principal,0.761
mixed_principal,11,False,False,True,True,True,True,mixed-allow-principal,0.743
mixed_principal,12,False,False,True,True,True,True,mixed-allow-principal,0.754
mixed_principal,13,False,False,True,True,True,True,mixed-allow-principal,0.752
mixed_principal,14,False,False,True,True,True,True,mixed-allow-principal,0.83
mixed_principal,15,False,False,True,True,True,True,mixed-allow-principal,0.773
mixed_principal,16,False,False,True,True,True,True,mixed-allow-principal,0.764
mixed_principal,17,False,False,True,True,True,True,mixed-allow-principal,0.779
mixed_principal,18,False,False,True,True,True,True,mixed-allow-principal,0.729
mixed_principal,19,False,False,True,True,True,True,mixed-allow-principal,0.703
mixed_principal,20,False,False,True,True,True,True,mixed-allow-principal,0.652
mixed_principal,21,False,False,True,True,True,True,mixed-allow-principal,0.714
mixed_principal,22,False,False,True,True,True,True,mixed-allow-principal,0.664
mixed_principal,23,False,False,True,True,True,True,mixed-allow-principal,0.677
mixed_principal,24,False,False,True,True,True,True,mixed-allow-principal,0.68
mixed_principal,25,False,False,True,True,True,True,mixed-allow-principal,0.678
mixed_principal,26,False,False,True,True,True,True,mixed-allow-principal,0.679
mixed_principal,27,False,False,True,True,True,True,mixed-allow-principal,0.7
mixed_principal,28,False,False,True,True,True,True,mixed-allow-principal,0.673
mixed_principal,29,False,False,True,True,True,True,mixed-allow-principal,0.683
mixed_principal,30,False,False,True,True,True,True,mixed-allow-principal,0.662
mixed_principal,31,False,False,True,True,True,True,mixed-allow-principal,0.67
mixed_principal,32,False,False,True,True,True,True,mixed-allow-principal,0.677
mixed_principal,33,False,False,True,True,True,True,mixed-allow-principal,0.661
mixed_principal,34,False,False,True,True,True,True,mixed-allow-principal,0.698
mixed_principal,35,False,False,True,True,True,True,mixed-allow-principal,0.679
mixed_principal,36,False,False,True,True,True,True,mixed-allow-principal,0.776
mixed_principal,37,False,False,True,True,True,True,mixed-allow-principal,0.689
mixed_principal,38,False,False,True,True,True,True,mixed-allow-principal,0.684
mixed_principal,39,False,False,True,True,True,True,mixed-allow-principal,0.681
mixed_principal,40,False,False,True,True,True,True,mixed-allow-principal,0.664
mixed_principal,41,False,False,True,True,True,True,mixed-allow-principal,0.679
mixed_principal,42,False,False,True,True,True,True,mixed-allow-principal,0.689
mixed_principal,43,False,False,True,True,True,True,mixed-allow-principal,0.72
mixed_principal,44,False,False,True,True,True,True,mixed-allow-principal,0.673
mixed_principal,45,False,False,True,True,True,True,mixed-allow-principal,0.697
mixed_principal,46,False,False,True,True,True,True,mixed-allow-principal,0.765
mixed_principal,47,False,False,True,True,True,True,mixed-allow-principal,0.699
mixed_principal,48,False,False,True,True,True,True,mixed-allow-principal,0.696
mixed_principal,49,False,False,True,True,True,True,mixed-allow-principal,0.725
mixed_principal,50,False,False,True,True,True,True,mixed-allow-principal,0.676
mixed_principal,51,False,False,True,True,True,True,mixed-allow-principal,0.694
mixed_principal,52,False,False,True,True,True,True,mixed-allow-principal,0.699
mixed_principal,53,False,False,True,True,True,True,mixed-allow-principal,0.741
mixed_principal,54,False,False,True,True,True,True,mixed-allow-principal,0.702
mixed_principal,55,False,False,True,True,True,True,mixed-allow-principal,0.678
mixed_principal,56,False,False,True,True,True,True,mixed-allow-principal,0.683
mixed_principal,57,False,False,True,True,True,True,mixed-allow-principal,0.708
mixed_principal,58,False,False,True,True,True,True,mixed-allow-principal,0.819
mixed_principal,59,False,False,True,True,True,True,mixed-allow-principal,0.724
mixed_principal,60,False,False,True,True,True,True,mixed-allow-principal,0.688
mixed_principal,61,False,False,True,True,True,True,mixed-allow-principal,0.696
mixed_principal,62,False,False,True,True,True,True,mixed-allow-principal,0.732
mixed_principal,63,False,False,True,True,True,True,mixed-allow-principal,0.741
notaction,0,False,False,True,True,True,True,no-web-identity-allow,0.027
notaction,1,False,False,True,True,True,True,no-web-identity-allow,0.025
notaction,2,False,False,True,True,True,True,no-web-identity-allow,0.017
notaction,3,False,False,True,True,True,True,no-web-identity-allow,0.015
notaction,4,False,False,True,True,True,True,no-web-identity-allow,0.014
notaction,5,False,False,True,True,True,True,no-web-identity-allow,0.014
notaction,6,False,False,True,True,True,True,no-web-identity-allow,0.013
notaction,7,False,False,True,True,True,True,no-web-identity-allow,0.013
notaction,8,False,False,True,True,True,True,no-web-identity-allow,0.014
notaction,9,False,False,True,True,True,True,no-web-identity-allow,0.016
notaction,10,False,False,True,True,True,True,no-web-identity-allow,0.013
notaction,11,False,False,True,True,True,True,no-web-identity-allow,0.013
notaction,12,False,False,True,True,True,True,no-web-identity-allow,0.013
notaction,13,False,False,True,True,True,True,no-web-identity-allow,0.013
notaction,14,False,False,True,True,True,True,no-web-identity-allow,0.013
notaction,15,False,False,True,True,True,True,no-web-identity-allow,0.013
notaction,16,False,False,True,True,True,True,no-web-identity-allow,0.013
notaction,17,False,False,True,True,True,True,no-web-identity-allow,0.013
notaction,18,False,False,True,True,True,True,no-web-identity-allow,0.013
notaction,19,False,False,True,True,True,True,no-web-identity-allow,0.013
notaction,20,False,False,True,True,True,True,no-web-identity-allow,0.013
notaction,21,False,False,True,True,True,True,no-web-identity-allow,0.013
notaction,22,False,False,True,True,True,True,no-web-identity-allow,0.014
notaction,23,False,False,True,True,True,True,no-web-identity-allow,0.013
notaction,24,False,False,True,True,True,True,no-web-identity-allow,0.013
notaction,25,False,False,True,True,True,True,no-web-identity-allow,0.013
notaction,26,False,False,True,True,True,True,no-web-identity-allow,0.013
notaction,27,False,False,True,True,True,True,no-web-identity-allow,0.013
notaction,28,False,False,True,True,True,True,no-web-identity-allow,0.013
notaction,29,False,False,True,True,True,True,no-web-identity-allow,0.014
notaction,30,False,False,True,True,True,True,no-web-identity-allow,0.013
notaction,31,False,False,True,True,True,True,no-web-identity-allow,0.019
notaction,32,False,False,True,True,True,True,no-web-identity-allow,0.013
notaction,33,False,False,True,True,True,True,no-web-identity-allow,0.013
notaction,34,False,False,True,True,True,True,no-web-identity-allow,0.013
notaction,35,False,False,True,True,True,True,no-web-identity-allow,0.013
notaction,36,False,False,True,True,True,True,no-web-identity-allow,0.013
notaction,37,False,False,True,True,True,True,no-web-identity-allow,0.014
notaction,38,False,False,True,True,True,True,no-web-identity-allow,0.013
notaction,39,False,False,True,True,True,True,no-web-identity-allow,0.013
notaction,40,False,False,True,True,True,True,no-web-identity-allow,0.013
notaction,41,False,False,True,True,True,True,no-web-identity-allow,0.013
notaction,42,False,False,True,True,True,True,no-web-identity-allow,0.013
notaction,43,False,False,True,True,True,True,no-web-identity-allow,0.013
notaction,44,False,False,True,True,True,True,no-web-identity-allow,0.013
notaction,45,False,False,True,True,True,True,no-web-identity-allow,0.013
notaction,46,False,False,True,True,True,True,no-web-identity-allow,0.013
notaction,47,False,False,True,True,True,True,no-web-identity-allow,0.013
notaction,48,False,False,True,True,True,True,no-web-identity-allow,0.013
notaction,49,False,False,True,True,True,True,no-web-identity-allow,0.013
notaction,50,False,False,True,True,True,True,no-web-identity-allow,0.014
notaction,51,False,False,True,True,True,True,no-web-identity-allow,0.013
notaction,52,False,False,True,True,True,True,no-web-identity-allow,0.013
notaction,53,False,False,True,True,True,True,no-web-identity-allow,0.013
notaction,54,False,False,True,True,True,True,no-web-identity-allow,0.013
notaction,55,False,False,True,True,True,True,no-web-identity-allow,0.013
notaction,56,False,False,True,True,True,True,no-web-identity-allow,0.013
notaction,57,False,False,True,True,True,True,no-web-identity-allow,0.013
notaction,58,False,False,True,True,True,True,no-web-identity-allow,0.013
notaction,59,False,False,True,True,True,True,no-web-identity-allow,0.013
notaction,60,False,False,True,True,True,True,no-web-identity-allow,0.013
notaction,61,False,False,True,True,True,True,no-web-identity-allow,0.013
notaction,62,False,False,True,True,True,True,no-web-identity-allow,0.013
notaction,63,False,False,True,True,True,True,no-web-identity-allow,0.013
notprincipal,0,False,False,True,True,True,True,unsupported-allow-statement-field;non-github-allow-oidc-principal,0.695
notprincipal,1,False,False,True,True,True,True,unsupported-allow-statement-field;non-github-allow-oidc-principal,0.703
notprincipal,2,False,False,True,True,True,True,unsupported-allow-statement-field;non-github-allow-oidc-principal,0.656
notprincipal,3,False,False,True,True,True,True,unsupported-allow-statement-field;non-github-allow-oidc-principal,0.69
notprincipal,4,False,False,True,True,True,True,unsupported-allow-statement-field;non-github-allow-oidc-principal,0.707
notprincipal,5,False,False,True,True,True,True,unsupported-allow-statement-field;non-github-allow-oidc-principal,0.646
notprincipal,6,False,False,True,True,True,True,unsupported-allow-statement-field;non-github-allow-oidc-principal,0.672
notprincipal,7,False,False,True,True,True,True,unsupported-allow-statement-field;non-github-allow-oidc-principal,0.656
notprincipal,8,False,False,True,True,True,True,unsupported-allow-statement-field;non-github-allow-oidc-principal,0.653
notprincipal,9,False,False,True,True,True,True,unsupported-allow-statement-field;non-github-allow-oidc-principal,0.681
notprincipal,10,False,False,True,True,True,True,unsupported-allow-statement-field;non-github-allow-oidc-principal,0.676
notprincipal,11,False,False,True,True,True,True,unsupported-allow-statement-field;non-github-allow-oidc-principal,0.661
notprincipal,12,False,False,True,True,True,True,unsupported-allow-statement-field;non-github-allow-oidc-principal,0.784
notprincipal,13,False,False,True,True,True,True,unsupported-allow-statement-field;non-github-allow-oidc-principal,0.7
notprincipal,14,False,False,True,True,True,True,unsupported-allow-statement-field;non-github-allow-oidc-principal,0.677
notprincipal,15,False,False,True,True,True,True,unsupported-allow-statement-field;non-github-allow-oidc-principal,0.704
notprincipal,16,False,False,True,True,True,True,unsupported-allow-statement-field;non-github-allow-oidc-principal,0.695
notprincipal,17,False,False,True,True,True,True,unsupported-allow-statement-field;non-github-allow-oidc-principal,0.66
notprincipal,18,False,False,True,True,True,True,unsupported-allow-statement-field;non-github-allow-oidc-principal,0.711
notprincipal,19,False,False,True,True,True,True,unsupported-allow-statement-field;non-github-allow-oidc-principal,0.685
notprincipal,20,False,False,True,True,True,True,unsupported-allow-statement-field;non-github-allow-oidc-principal,0.648
notprincipal,21,False,False,True,True,True,True,unsupported-allow-statement-field;non-github-allow-oidc-principal,0.691
notprincipal,22,False,False,True,True,True,True,unsupported-allow-statement-field;non-github-allow-oidc-principal,0.66
notprincipal,23,False,False,True,True,True,True,unsupported-allow-statement-field;non-github-allow-oidc-principal,0.665
notprincipal,24,False,False,True,True,True,True,unsupported-allow-statement-field;non-github-allow-oidc-principal,0.713
notprincipal,25,False,False,True,True,True,True,unsupported-allow-statement-field;non-github-allow-oidc-principal,0.703
notprincipal,26,False,False,True,True,True,True,unsupported-allow-statement-field;non-github-allow-oidc-principal,0.689
notprincipal,27,False,False,True,True,True,True,unsupported-allow-statement-field;non-github-allow-oidc-principal,0.69
notprincipal,28,False,False,True,True,True,True,unsupported-allow-statement-field;non-github-allow-oidc-principal,0.688
notprincipal,29,False,False,True,True,True,True,unsupported-allow-statement-field;non-github-allow-oidc-principal,0.656
notprincipal,30,False,False,True,True,True,True,unsupported-allow-statement-field;non-github-allow-oidc-principal,0.71
notprincipal,31,False,False,True,True,True,True,unsupported-allow-statement-field;non-github-allow-oidc-principal,0.678
notprincipal,32,False,False,True,True,True,True,unsupported-allow-statement-field;non-github-allow-oidc-principal,0.717
notprincipal,33,False,False,True,True,True,True,unsupported-allow-statement-field;non-github-allow-oidc-principal,0.736
notprincipal,34,False,False,True,True,True,True,unsupported-allow-statement-field;non-github-allow-oidc-principal,0.79
notprincipal,35,False,False,True,True,True,True,unsupported-allow-statement-field;non-github-allow-oidc-principal,0.669
notprincipal,36,False,False,True,True,True,True,unsupported-allow-statement-field;non-github-allow-oidc-principal,0.689
notprincipal,37,False,False,True,True,True,True,unsupported-allow-statement-field;non-github-allow-oidc-principal,0.713
notprincipal,38,False,False,True,True,True,True,unsupported-allow-statement-field;non-github-allow-oidc-principal,0.699
notprincipal,39,False,False,True,True,True,True,unsupported-allow-statement-field;non-github-allow-oidc-principal,0.681
notprincipal,40,False,False,True,True,True,True,unsupported-allow-statement-field;non-github-allow-oidc-principal,0.669
notprincipal,41,False,False,True,True,True,True,unsupported-allow-statement-field;non-github-allow-oidc-principal,0.657
notprincipal,42,False,False,True,True,True,True,unsupported-allow-statement-field;non-github-allow-oidc-principal,0.685
notprincipal,43,False,False,True,True,True,True,unsupported-allow-statement-field;non-github-allow-oidc-principal,0.692
notprincipal,44,False,False,True,True,True,True,unsupported-allow-statement-field;non-github-allow-oidc-principal,0.64
notprincipal,45,False,False,True,True,True,True,unsupported-allow-statement-field;non-github-allow-oidc-principal,0.654
notprincipal,46,False,False,True,True,True,True,unsupported-allow-statement-field;non-github-allow-oidc-principal,0.709
notprincipal,47,False,False,True,True,True,True,unsupported-allow-statement-field;non-github-allow-oidc-principal,0.692
notprincipal,48,False,False,True,True,True,True,unsupported-allow-statement-field;non-github-allow-oidc-principal,0.709
notprincipal,49,False,False,True,True,True,True,unsupported-allow-statement-field;non-github-allow-oidc-principal,0.69
notprincipal,50,False,False,True,True,True,True,unsupported-allow-statement-field;non-github-allow-oidc-principal,0.724
notprincipal,51,False,False,True,True,True,True,unsupported-allow-statement-field;non-github-allow-oidc-principal,0.664
notprincipal,52,False,False,True,True,True,True,unsupported-allow-statement-field;non-github-allow-oidc-principal,0.761
notprincipal,53,False,False,True,True,True,True,unsupported-allow-statement-field;non-github-allow-oidc-principal,0.669
notprincipal,54,False,False,True,True,True,True,unsupported-allow-statement-field;non-github-allow-oidc-principal,0.676
notprincipal,55,False,False,True,True,True,True,unsupported-allow-statement-field;non-github-allow-oidc-principal,0.636
notprincipal,56,False,False,True,True,True,True,unsupported-allow-statement-field;non-github-allow-oidc-principal,0.757
notprincipal,57,False,False,True,True,True,True,unsupported-allow-statement-field;non-github-allow-oidc-principal,0.667
notprincipal,58,False,False,True,True,True,True,unsupported-allow-statement-field;non-github-allow-oidc-principal,0.668
notprincipal,59,False,False,True,True,True,True,unsupported-allow-statement-field;non-github-allow-oidc-principal,0.664
notprincipal,60,False,False,True,True,True,True,unsupported-allow-statement-field;non-github-allow-oidc-principal,0.667
notprincipal,61,False,False,True,True,True,True,unsupported-allow-statement-field;non-github-allow-oidc-principal,0.681
notprincipal,62,False,False,True,True,True,True,unsupported-allow-statement-field;non-github-allow-oidc-principal,0.667
notprincipal,63,False,False,True,True,True,True,unsupported-allow-statement-field;non-github-allow-oidc-principal,0.661
org,0,False,False,True,True,False,False,subject-overgrant,7.112
org,1,False,False,True,True,False,False,subject-overgrant,7.539
org,2,False,False,True,True,False,False,subject-overgrant,7.496
org,3,False,False,True,True,False,False,subject-overgrant,7.814
org,4,False,False,True,True,False,False,subject-overgrant,7.57
org,5,False,False,True,True,False,False,subject-overgrant,7.542
org,6,False,False,True,True,False,False,subject-overgrant,7.565
org,7,False,False,True,True,False,False,subject-overgrant,7.668
org,8,False,False,True,True,False,False,subject-overgrant,7.531
org,9,False,False,True,True,False,False,subject-overgrant,7.492
org,10,False,False,True,True,False,False,subject-overgrant,7.572
org,11,False,False,True,True,False,False,subject-overgrant,7.349
org,12,False,False,True,True,False,False,subject-overgrant,7.647
org,13,False,False,True,True,False,False,subject-overgrant,7.588
org,14,False,False,True,True,False,False,subject-overgrant,7.587
org,15,False,False,True,True,False,False,subject-overgrant,7.75
org,16,False,False,True,True,False,False,subject-overgrant,7.603
org,17,False,False,True,True,False,False,subject-overgrant,7.615
org,18,False,False,True,True,False,False,subject-overgrant,7.623
org,19,False,False,True,True,False,False,subject-overgrant,7.686
org,20,False,False,True,True,False,False,subject-overgrant,7.408
org,21,False,False,True,True,False,False,subject-overgrant,7.757
org,22,False,False,True,True,False,False,subject-overgrant,7.617
org,23,False,False,True,True,False,False,subject-overgrant,7.904
org,24,False,False,True,True,False,False,subject-overgrant,7.834
org,25,False,False,True,True,False,False,subject-overgrant,7.706
org,26,False,False,True,True,False,False,subject-overgrant,7.696
org,27,False,False,True,True,False,False,subject-overgrant,7.765
org,28,False,False,True,True,False,False,subject-overgrant,7.709
org,29,False,False,True,True,False,False,subject-overgrant,7.668
org,30,False,False,True,True,False,False,subject-overgrant,7.452
org,31,False,False,True,True,False,False,subject-overgrant,7.765
org,32,False,False,True,True,False,False,subject-overgrant,7.749
org,33,False,False,True,True,False,False,subject-overgrant,7.555
org,34,False,False,True,True,False,False,subject-overgrant,7.819
org,35,False,False,True,True,False,False,subject-overgrant,7.73
org,36,False,False,True,True,False,False,subject-overgrant,7.691
org,37,False,False,True,True,False,False,subject-overgrant,7.706
org,38,False,False,True,True,False,False,subject-overgrant,7.798
org,39,False,False,True,True,False,False,subject-overgrant,8.098
org,40,False,False,True,True,False,False,subject-overgrant,7.545
org,41,False,False,True,True,False,False,subject-overgrant,7.829
org,42,False,False,True,True,False,False,subject-overgrant,7.773
org,43,False,False,True,True,False,False,subject-overgrant,7.866
org,44,False,False,True,True,False,False,subject-overgrant,7.681
org,45,False,False,True,True,False,False,subject-overgrant,7.774
org,46,False,False,True,True,False,False,subject-overgrant,7.743
org,47,False,False,True,True,False,False,subject-overgrant,8.099
org,48,False,False,True,True,False,False,subject-overgrant,7.53
org,49,False,False,True,True,False,False,subject-overgrant,7.742
org,50,False,False,True,True,False,False,subject-overgrant,7.398
org,51,False,False,True,True,False,False,subject-overgrant,7.651
org,52,False,False,True,True,False,False,subject-overgrant,7.627
org,53,False,False,True,True,False,False,subject-overgrant,7.739
org,54,False,False,True,True,False,False,subject-overgrant,7.701
org,55,False,False,True,True,False,False,subject-overgrant,7.435
org,56,False,False,True,True,False,False,subject-overgrant,7.765
org,57,False,False,True,True,False,False,subject-overgrant,7.741
org,58,False,False,True,True,False,False,subject-overgrant,7.597
org,59,False,False,True,True,False,False,subject-overgrant,7.915
org,60,False,False,True,True,False,False,subject-overgrant,7.806
org,61,False,False,True,True,False,False,subject-overgrant,7.85
org,62,False,False,True,True,False,False,subject-overgrant,7.816
org,63,False,False,True,True,False,False,subject-overgrant,7.818
pr,0,False,False,True,True,True,True,subject-overgrant,4.06
pr,1,False,False,True,True,True,True,subject-overgrant,4.132
pr,2,False,False,True,True,True,True,subject-overgrant,4.058
pr,3,False,False,True,True,True,True,subject-overgrant,4.1
pr,4,False,False,True,True,True,True,subject-overgrant,4.123
pr,5,False,False,True,True,True,True,subject-overgrant,4.254
pr,6,False,False,True,True,True,True,subject-overgrant,4.189
pr,7,False,False,True,True,True,True,subject-overgrant,4.265
pr,8,False,False,True,True,True,True,subject-overgrant,4.253
pr,9,False,False,True,True,True,True,subject-overgrant,4.137
pr,10,False,False,True,True,True,True,subject-overgrant,4.303
pr,11,False,False,True,True,True,True,subject-overgrant,4.35
pr,12,False,False,True,True,True,True,subject-overgrant,4.433
pr,13,False,False,True,True,True,True,subject-overgrant,4.292
pr,14,False,False,True,True,True,True,subject-overgrant,4.365
pr,15,False,False,True,True,True,True,subject-overgrant,4.384
pr,16,False,False,True,True,True,True,subject-overgrant,4.301
pr,17,False,False,True,True,True,True,subject-overgrant,4.32
pr,18,False,False,True,True,True,True,subject-overgrant,4.37
pr,19,False,False,True,True,True,True,subject-overgrant,4.278
pr,20,False,False,True,True,True,True,subject-overgrant,4.156
pr,21,False,False,True,True,True,True,subject-overgrant,4.403
pr,22,False,False,True,True,True,True,subject-overgrant,4.263
pr,23,False,False,True,True,True,True,subject-overgrant,4.297
pr,24,False,False,True,True,True,True,subject-overgrant,4.375
pr,25,False,False,True,True,True,True,subject-overgrant,4.377
pr,26,False,False,True,True,True,True,subject-overgrant,4.603
pr,27,False,False,True,True,True,True,subject-overgrant,4.481
pr,28,False,False,True,True,True,True,subject-overgrant,4.248
pr,29,False,False,True,True,True,True,subject-overgrant,4.27
pr,30,False,False,True,True,True,True,subject-overgrant,4.179
pr,31,False,False,True,True,True,True,subject-overgrant,4.292
pr,32,False,False,True,True,True,True,subject-overgrant,4.201
pr,33,False,False,True,True,True,True,subject-overgrant,4.085
pr,34,False,False,True,True,True,True,subject-overgrant,4.278
pr,35,False,False,True,True,True,True,subject-overgrant,4.135
pr,36,False,False,True,True,True,True,subject-overgrant,4.187
pr,37,False,False,True,True,True,True,subject-overgrant,4.239
pr,38,False,False,True,True,True,True,subject-overgrant,4.291
pr,39,False,False,True,True,True,True,subject-overgrant,4.31
pr,40,False,False,True,True,True,True,subject-overgrant,4.215
pr,41,False,False,True,True,True,True,subject-overgrant,4.368
pr,42,False,False,True,True,True,True,subject-overgrant,4.294
pr,43,False,False,True,True,True,True,subject-overgrant,4.481
pr,44,False,False,True,True,True,True,subject-overgrant,4.458
pr,45,False,False,True,True,True,True,subject-overgrant,4.401
pr,46,False,False,True,True,True,True,subject-overgrant,4.348
pr,47,False,False,True,True,True,True,subject-overgrant,4.26
pr,48,False,False,True,True,True,True,subject-overgrant,4.424
pr,49,False,False,True,True,True,True,subject-overgrant,4.337
pr,50,False,False,True,True,True,True,subject-overgrant,4.109
pr,51,False,False,True,True,True,True,subject-overgrant,4.299
pr,52,False,False,True,True,True,True,subject-overgrant,4.403
pr,53,False,False,True,True,True,True,subject-overgrant,4.224
pr,54,False,False,True,True,True,True,subject-overgrant,4.249
pr,55,False,False,True,True,True,True,subject-overgrant,4.094
pr,56,False,False,True,True,True,True,subject-overgrant,4.229
pr,57,False,False,True,True,True,True,subject-overgrant,4.304
pr,58,False,False,True,True,True,True,subject-overgrant,4.285
pr,59,False,False,True,True,True,True,subject-overgrant,4.256
pr,60,False,False,True,True,True,True,subject-overgrant,4.189
pr,61,False,False,True,True,True,True,subject-overgrant,4.336
pr,62,False,False,True,True,True,True,subject-overgrant,4.389
pr,63,False,False,True,True,True,True,subject-overgrant,4.401
qmark_subject,0,True,True,True,True,False,False,,2.815
qmark_subject,1,True,True,True,True,False,False,,2.972
qmark_subject,2,True,True,True,True,False,False,,3.001
qmark_subject,3,True,True,True,True,False,False,,2.97
qmark_subject,4,True,True,True,True,False,False,,2.989
qmark_subject,5,True,True,True,True,False,False,,2.923
qmark_subject,6,True,True,True,True,False,False,,3.033
qmark_subject,7,True,True,True,True,False,False,,3.07
qmark_subject,8,True,True,True,True,False,False,,2.986
qmark_subject,9,True,True,True,True,False,False,,2.938
qmark_subject,10,True,True,True,True,False,False,,2.986
qmark_subject,11,True,True,True,True,False,False,,3.003
qmark_subject,12,True,True,True,True,False,False,,3.024
qmark_subject,13,True,True,True,True,False,False,,2.998
qmark_subject,14,True,True,True,True,False,False,,3.015
qmark_subject,15,True,True,True,True,False,False,,3.064
qmark_subject,16,True,True,True,True,False,False,,3.129
qmark_subject,17,True,True,True,True,False,False,,3.064
qmark_subject,18,True,True,True,True,False,False,,3.066
qmark_subject,19,True,True,True,True,False,False,,2.975
qmark_subject,20,True,True,True,True,False,False,,3.148
qmark_subject,21,True,True,True,True,False,False,,2.969
qmark_subject,22,True,True,True,True,False,False,,2.889
qmark_subject,23,True,True,True,True,False,False,,3.032
qmark_subject,24,True,True,True,True,False,False,,2.99
qmark_subject,25,True,True,True,True,False,False,,3.037
qmark_subject,26,True,True,True,True,False,False,,3.061
qmark_subject,27,True,True,True,True,False,False,,3.126
qmark_subject,28,True,True,True,True,False,False,,3.035
qmark_subject,29,True,True,True,True,False,False,,3.172
qmark_subject,30,True,True,True,True,False,False,,3.017
qmark_subject,31,True,True,True,True,False,False,,3.055
qmark_subject,32,True,True,True,True,False,False,,3.134
qmark_subject,33,True,True,True,True,False,False,,2.932
qmark_subject,34,True,True,True,True,False,False,,3.093
qmark_subject,35,True,True,True,True,False,False,,3.066
qmark_subject,36,True,True,True,True,False,False,,3.055
qmark_subject,37,True,True,True,True,False,False,,3.015
qmark_subject,38,True,True,True,True,False,False,,3.104
qmark_subject,39,True,True,True,True,False,False,,3.031
qmark_subject,40,True,True,True,True,False,False,,3.086
qmark_subject,41,True,True,True,True,False,False,,3.043
qmark_subject,42,True,True,True,True,False,False,,3.032
qmark_subject,43,True,True,True,True,False,False,,3.002
qmark_subject,44,True,True,True,True,False,False,,2.931
qmark_subject,45,True,True,True,True,False,False,,3.0
qmark_subject,46,True,True,True,True,False,False,,3.074
qmark_subject,47,True,True,True,True,False,False,,2.954
qmark_subject,48,True,True,True,True,False,False,,3.141
qmark_subject,49,True,True,True,True,False,False,,3.08
qmark_subject,50,True,True,True,True,False,False,,2.922
qmark_subject,51,True,True,True,True,False,False,,3.125
qmark_subject,52,True,True,True,True,False,False,,3.019
qmark_subject,53,True,True,True,True,False,False,,3.014
qmark_subject,54,True,True,True,True,False,False,,2.993
qmark_subject,55,True,True,True,True,False,False,,2.872
qmark_subject,56,True,True,True,True,False,False,,2.955
qmark_subject,57,True,True,True,True,False,False,,3.006
qmark_subject,58,True,True,True,True,False,False,,2.981
qmark_subject,59,True,True,True,True,False,False,,2.944
qmark_subject,60,True,True,True,True,False,False,,2.831
qmark_subject,61,True,True,True,True,False,False,,2.901
qmark_subject,62,True,True,True,True,False,False,,3.024
qmark_subject,63,True,True,True,True,False,False,,2.881
safe_deny,0,True,True,True,True,True,True,,2.698
safe_deny,1,True,True,True,True,True,True,,2.786
safe_deny,2,True,True,True,True,True,True,,2.881
safe_deny,3,True,True,True,True,True,True,,2.823
safe_deny,4,True,True,True,True,True,True,,2.845
safe_deny,5,True,True,True,True,True,True,,2.775
safe_deny,6,True,True,True,True,True,True,,2.784
safe_deny,7,True,True,True,True,True,True,,2.76
safe_deny,8,True,True,True,True,True,True,,2.796
safe_deny,9,True,True,True,True,True,True,,2.832
safe_deny,10,True,True,True,True,True,True,,2.782
safe_deny,11,True,True,True,True,True,True,,2.772
safe_deny,12,True,True,True,True,True,True,,3.033
safe_deny,13,True,True,True,True,True,True,,2.918
safe_deny,14,True,True,True,True,True,True,,2.918
safe_deny,15,True,True,True,True,True,True,,2.972
safe_deny,16,True,True,True,True,True,True,,3.17
safe_deny,17,True,True,True,True,True,True,,2.926
safe_deny,18,True,True,True,True,True,True,,2.908
safe_deny,19,True,True,True,True,True,True,,2.936
safe_deny,20,True,True,True,True,True,True,,2.799
safe_deny,21,True,True,True,True,True,True,,3.059
safe_deny,22,True,True,True,True,True,True,,2.816
safe_deny,23,True,True,True,True,True,True,,2.929
safe_deny,24,True,True,True,True,True,True,,2.929
safe_deny,25,True,True,True,True,True,True,,2.876
safe_deny,26,True,True,True,True,True,True,,2.98
safe_deny,27,True,True,True,True,True,True,,2.911
safe_deny,28,True,True,True,True,True,True,,2.922
safe_deny,29,True,True,True,True,True,True,,2.895
safe_deny,30,True,True,True,True,True,True,,2.827
safe_deny,31,True,True,True,True,True,True,,2.909
safe_deny,32,True,True,True,True,True,True,,2.915
safe_deny,33,True,True,True,True,True,True,,2.803
safe_deny,34,True,True,True,True,True,True,,2.999
safe_deny,35,True,True,True,True,True,True,,2.902
safe_deny,36,True,True,True,True,True,True,,2.938
safe_deny,37,True,True,True,True,True,True,,2.934
safe_deny,38,True,True,True,True,True,True,,2.944
safe_deny,39,True,True,True,True,True,True,,2.913
safe_deny,40,True,True,True,True,True,True,,2.92
safe_deny,41,True,True,True,True,True,True,,2.878
safe_deny,42,True,True,True,True,True,True,,2.888
safe_deny,43,True,True,True,True,True,True,,2.899
safe_deny,44,True,True,True,True,True,True,,2.75
safe_deny,45,True,True,True,True,True,True,,2.887
safe_deny,46,True,True,True,True,True,True,,2.905
safe_deny,47,True,True,True,True,True,True,,2.881
safe_deny,48,True,True,True,True,True,True,,2.819
safe_deny,49,True,True,True,True,True,True,,2.973
safe_deny,50,True,True,True,True,True,True,,2.816
safe_deny,51,True,True,True,True,True,True,,2.86
safe_deny,52,True,True,True,True,True,True,,2.962
safe_deny,53,True,True,True,True,True,True,,2.889
safe_deny,54,True,True,True,True,True,True,,2.896
safe_deny,55,True,True,True,True,True,True,,2.788
safe_deny,56,True,True,True,True,True,True,,3.06
safe_deny,57,True,True,True,True,True,True,,2.95
safe_deny,58,True,True,True,True,True,True,,2.943
safe_deny,59,True,True,True,True,True,True,,2.991
safe_deny,60,True,True,True,True,True,True,,2.9
safe_deny,61,True,True,True,True,True,True,,2.991
safe_deny,62,True,True,True,True,True,True,,2.965
safe_deny,63,True,True,True,True,True,True,,2.943
split_broad,0,False,False,True,True,False,False,subject-overgrant,7.649
split_broad,1,False,False,True,True,False,False,subject-overgrant,7.875
split_broad,2,False,False,True,True,False,False,subject-overgrant,7.86
split_broad,3,False,False,True,True,False,False,subject-overgrant,7.972
split_broad,4,False,False,True,True,False,False,subject-overgrant,7.843
split_broad,5,False,False,True,True,False,False,subject-overgrant,7.729
split_broad,6,False,False,True,True,False,False,subject-overgrant,7.751
split_broad,7,False,False,True,True,False,False,subject-overgrant,7.873
split_broad,8,False,False,True,True,False,False,subject-overgrant,7.797
split_broad,9,False,False,True,True,False,False,subject-overgrant,7.806
split_broad,10,False,False,True,True,False,False,subject-overgrant,7.777
split_broad,11,False,False,True,True,False,False,subject-overgrant,7.717
split_broad,12,False,False,True,True,False,False,subject-overgrant,8.142
split_broad,13,False,False,True,True,False,False,subject-overgrant,8.124
split_broad,14,False,False,True,True,False,False,subject-overgrant,8.023
split_broad,15,False,False,True,True,False,False,subject-overgrant,7.976
split_broad,16,False,False,True,True,False,False,subject-overgrant,7.914
split_broad,17,False,False,True,True,False,False,subject-overgrant,8.087
split_broad,18,False,False,True,True,False,False,subject-overgrant,8.148
split_broad,19,False,False,True,True,False,False,subject-overgrant,8.027
split_broad,20,False,False,True,True,False,False,subject-overgrant,7.745
split_broad,21,False,False,True,True,False,False,subject-overgrant,8.059
split_broad,22,False,False,True,True,False,False,subject-overgrant,9.826
split_broad,23,False,False,True,True,False,False,subject-overgrant,7.979
split_broad,24,False,False,True,True,False,False,subject-overgrant,8.28
split_broad,25,False,False,True,True,False,False,subject-overgrant,7.915
split_broad,26,False,False,True,True,False,False,subject-overgrant,8.035
split_broad,27,False,False,True,True,False,False,subject-overgrant,7.92
split_broad,28,False,False,True,True,False,False,subject-overgrant,8.042
split_broad,29,False,False,True,True,False,False,subject-overgrant,8.095
split_broad,30,False,False,True,True,False,False,subject-overgrant,7.677
split_broad,31,False,False,True,True,False,False,subject-overgrant,7.952
split_broad,32,False,False,True,True,False,False,subject-overgrant,7.873
split_broad,33,False,False,True,True,False,False,subject-overgrant,7.645
split_broad,34,False,False,True,True,False,False,subject-overgrant,8.211
split_broad,35,False,False,True,True,False,False,subject-overgrant,7.982
split_broad,36,False,False,True,True,False,False,subject-overgrant,8.108
split_broad,37,False,False,True,True,False,False,subject-overgrant,8.039
split_broad,38,False,False,True,True,False,False,subject-overgrant,7.973
split_broad,39,False,False,True,True,False,False,subject-overgrant,8.027
split_broad,40,False,False,True,True,False,False,subject-overgrant,7.815
split_broad,41,False,False,True,True,False,False,subject-overgrant,7.928
split_broad,42,False,False,True,True,False,False,subject-overgrant,7.944
split_broad,43,False,False,True,True,False,False,subject-overgrant,8.046
split_broad,44,False,False,True,True,False,False,subject-overgrant,7.785
split_broad,45,False,False,True,True,False,False,subject-overgrant,7.943
split_broad,46,False,False,True,True,False,False,subject-overgrant,8.0
split_broad,47,False,False,True,True,False,False,subject-overgrant,7.988
split_broad,48,False,False,True,True,False,False,subject-overgrant,8.158
split_broad,49,False,False,True,True,False,False,subject-overgrant,7.979
split_broad,50,False,False,True,True,False,False,subject-overgrant,7.686
split_broad,51,False,False,True,True,False,False,subject-overgrant,8.049
split_broad,52,False,False,True,True,False,False,subject-overgrant,7.871
split_broad,53,False,False,True,True,False,False,subject-overgrant,8.176
split_broad,54,False,False,True,True,False,False,subject-overgrant,8.242
split_broad,55,False,False,True,True,False,False,subject-overgrant,7.726
split_broad,56,False,False,True,True,False,False,subject-overgrant,8.094
split_broad,57,False,False,True,True,False,False,subject-overgrant,8.168
split_broad,58,False,False,True,True,False,False,subject-overgrant,8.044
split_broad,59,False,False,True,True,False,False,subject-overgrant,8.004
split_broad,60,False,False,True,True,False,False,subject-overgrant,7.757
split_broad,61,False,False,True,True,False,False,subject-overgrant,7.979
split_broad,62,False,False,True,True,False,False,subject-overgrant,8.033
split_broad,63,False,False,True,True,False,False,subject-overgrant,8.039
split_safe,0,True,True,True,True,True,True,,4.746
split_safe,1,True,True,True,True,True,True,,4.956
split_safe,2,True,True,True,True,True,True,,4.856
split_safe,3,True,True,True,True,True,True,,4.902
split_safe,4,True,True,True,True,True,True,,4.939
split_safe,5,True,True,True,True,True,True,,5.006
split_safe,6,True,True,True,True,True,True,,4.89
split_safe,7,True,True,True,True,True,True,,4.963
split_safe,8,True,True,True,True,True,True,,4.874
split_safe,9,True,True,True,True,True,True,,4.863
split_safe,10,True,True,True,True,True,True,,4.875
split_safe,11,True,True,True,True,True,True,,4.902
split_safe,12,True,True,True,True,True,True,,5.009
split_safe,13,True,True,True,True,True,True,,5.246
split_safe,14,True,True,True,True,True,True,,5.52
split_safe,15,True,True,True,True,True,True,,5.143
split_safe,16,True,True,True,True,True,True,,5.266
split_safe,17,True,True,True,True,True,True,,5.12
split_safe,18,True,True,True,True,True,True,,5.046
split_safe,19,True,True,True,True,True,True,,5.0
split_safe,20,True,True,True,True,True,True,,4.873
split_safe,21,True,True,True,True,True,True,,5.091
split_safe,22,True,True,True,True,True,True,,5.161
split_safe,23,True,True,True,True,True,True,,5.207
split_safe,24,True,True,True,True,True,True,,5.136
split_safe,25,True,True,True,True,True,True,,5.195
split_safe,26,True,True,True,True,True,True,,5.215
split_safe,27,True,True,True,True,True,True,,5.101
split_safe,28,True,True,True,True,True,True,,5.176
split_safe,29,True,True,True,True,True,True,,5.087
split_safe,30,True,True,True,True,True,True,,4.982
split_safe,31,True,True,True,True,True,True,,5.177
split_safe,32,True,True,True,True,True,True,,5.143
split_safe,33,True,True,True,True,True,True,,4.974
split_safe,34,True,True,True,True,True,True,,5.344
split_safe,35,True,True,True,True,True,True,,5.223
split_safe,36,True,True,True,True,True,True,,5.183
split_safe,37,True,True,True,True,True,True,,5.278
split_safe,38,True,True,True,True,True,True,,5.035
split_safe,39,True,True,True,True,True,True,,5.055
split_safe,40,True,True,True,True,True,True,,4.938
split_safe,41,True,True,True,True,True,True,,4.984
split_safe,42,True,True,True,True,True,True,,5.062
split_safe,43,True,True,True,True,True,True,,5.012
split_safe,44,True,True,True,True,True,True,,4.975
split_safe,45,True,True,True,True,True,True,,4.976
split_safe,46,True,True,True,True,True,True,,5.151
split_safe,47,True,True,True,True,True,True,,5.2
split_safe,48,True,True,True,True,True,True,,5.206
split_safe,49,True,True,True,True,True,True,,5.018
split_safe,50,True,True,True,True,True,True,,4.895
split_safe,51,True,True,True,True,True,True,,5.063
split_safe,52,True,True,True,True,True,True,,5.029
split_safe,53,True,True,True,True,True,True,,4.995
split_safe,54,True,True,True,True,True,True,,5.055
split_safe,55,True,True,True,True,True,True,,5.032
split_safe,56,True,True,True,True,True,True,,5.307
split_safe,57,True,True,True,True,True,True,,5.19
split_safe,58,True,True,True,True,True,True,,5.256
split_safe,59,True,True,True,True,True,True,,5.133
split_safe,60,True,True,True,True,True,True,,4.903
split_safe,61,True,True,True,True,True,True,,5.123
split_safe,62,True,True,True,True,True,True,,5.015
split_safe,63,True,True,True,True,True,True,,5.115
sub_list_broad,0,False,False,True,True,True,True,subject-overgrant,4.695
sub_list_broad,1,False,False,True,True,True,True,subject-overgrant,4.923
sub_list_broad,2,False,False,True,True,True,True,subject-overgrant,4.808
sub_list_broad,3,False,False,True,True,True,True,subject-overgrant,4.873
sub_list_broad,4,False,False,True,True,True,True,subject-overgrant,4.808
sub_list_broad,5,False,False,True,True,True,True,subject-overgrant,4.821
sub_list_broad,6,False,False,True,True,True,True,subject-overgrant,5.315
sub_list_broad,7,False,False,True,True,True,True,subject-overgrant,4.78
sub_list_broad,8,False,False,True,True,True,True,subject-overgrant,4.866
sub_list_broad,9,False,False,True,True,True,True,subject-overgrant,4.79
sub_list_broad,10,False,False,True,True,True,True,subject-overgrant,4.772
sub_list_broad,11,False,False,True,True,True,True,subject-overgrant,4.78
sub_list_broad,12,False,False,True,True,True,True,subject-overgrant,4.884
sub_list_broad,13,False,False,True,True,True,True,subject-overgrant,4.894
sub_list_broad,14,False,False,True,True,True,True,subject-overgrant,5.033
sub_list_broad,15,False,False,True,True,True,True,subject-overgrant,4.907
sub_list_broad,16,False,False,True,True,True,True,subject-overgrant,4.946
sub_list_broad,17,False,False,True,True,True,True,subject-overgrant,4.885
sub_list_broad,18,False,False,True,True,True,True,subject-overgrant,4.931
sub_list_broad,19,False,False,True,True,True,True,subject-overgrant,4.924
sub_list_broad,20,False,False,True,True,True,True,subject-overgrant,4.761
sub_list_broad,21,False,False,True,True,True,True,subject-overgrant,4.922
sub_list_broad,22,False,False,True,True,True,True,subject-overgrant,4.817
sub_list_broad,23,False,False,True,True,True,True,subject-overgrant,4.933
sub_list_broad,24,False,False,True,True,True,True,subject-overgrant,4.935
sub_list_broad,25,False,False,True,True,True,True,subject-overgrant,4.959
sub_list_broad,26,False,False,True,True,True,True,subject-overgrant,4.905
sub_list_broad,27,False,False,True,True,True,True,subject-overgrant,4.903
sub_list_broad,28,False,False,True,True,True,True,subject-overgrant,4.907
sub_list_broad,29,False,False,True,True,True,True,subject-overgrant,4.952
sub_list_broad,30,False,False,True,True,True,True,subject-overgrant,4.756
sub_list_broad,31,False,False,True,True,True,True,subject-overgrant,4.905
sub_list_broad,32,False,False,True,True,True,True,subject-overgrant,4.938
sub_list_broad,33,False,False,True,True,True,True,subject-overgrant,4.77
sub_list_broad,34,False,False,True,True,True,True,subject-overgrant,4.917
sub_list_broad,35,False,False,True,True,True,True,subject-overgrant,4.926
sub_list_broad,36,False,False,True,True,True,True,subject-overgrant,5.008
sub_list_broad,37,False,False,True,True,True,True,subject-overgrant,4.954
sub_list_broad,38,False,False,True,True,True,True,subject-overgrant,4.976
sub_list_broad,39,False,False,True,True,True,True,subject-overgrant,4.988
sub_list_broad,40,False,False,True,True,True,True,subject-overgrant,4.808
sub_list_broad,41,False,False,True,True,True,True,subject-overgrant,4.917
sub_list_broad,42,False,False,True,True,True,True,subject-overgrant,4.933
sub_list_broad,43,False,False,True,True,True,True,subject-overgrant,4.886
sub_list_broad,44,False,False,True,True,True,True,subject-overgrant,4.773
sub_list_broad,45,False,False,True,True,True,True,subject-overgrant,4.914
sub_list_broad,46,False,False,True,True,True,True,subject-overgrant,4.92
sub_list_broad,47,False,False,True,True,True,True,subject-overgrant,4.909
sub_list_broad,48,False,False,True,True,True,True,subject-overgrant,4.914
sub_list_broad,49,False,False,True,True,True,True,subject-overgrant,4.931
sub_list_broad,50,False,False,True,True,True,True,subject-overgrant,4.779
sub_list_broad,51,False,False,True,True,True,True,subject-overgrant,4.911
sub_list_broad,52,False,False,True,True,True,True,subject-overgrant,4.868
sub_list_broad,53,False,False,True,True,True,True,subject-overgrant,4.842
sub_list_broad,54,False,False,True,True,True,True,subject-overgrant,4.926
sub_list_broad,55,False,False,True,True,True,True,subject-overgrant,4.806
sub_list_broad,56,False,False,True,True,True,True,subject-overgrant,4.88
sub_list_broad,57,False,False,True,True,True,True,subject-overgrant,4.937
sub_list_broad,58,False,False,True,True,True,True,subject-overgrant,5.034
sub_list_broad,59,False,False,True,True,True,True,subject-overgrant,4.878
sub_list_broad,60,False,False,True,True,True,True,subject-overgrant,4.761
sub_list_broad,61,False,False,True,True,True,True,subject-overgrant,4.894
sub_list_broad,62,False,False,True,True,True,True,subject-overgrant,5.031
sub_list_broad,63,False,False,True,True,True,True,subject-overgrant,4.872
substring_principal,0,False,False,True,True,True,True,non-github-allow-oidc-principal,0.673
substring_principal,1,False,False,True,True,True,True,non-github-allow-oidc-principal,0.648
substring_principal,2,False,False,True,True,True,True,non-github-allow-oidc-principal,0.643
substring_principal,3,False,False,True,True,True,True,non-github-allow-oidc-principal,0.635
substring_principal,4,False,False,True,True,True,True,non-github-allow-oidc-principal,0.637
substring_principal,5,False,False,True,True,True,True,non-github-allow-oidc-principal,0.632
substring_principal,6,False,False,True,True,True,True,non-github-allow-oidc-principal,0.652
substring_principal,7,False,False,True,True,True,True,non-github-allow-oidc-principal,0.634
substring_principal,8,False,False,True,True,True,True,non-github-allow-oidc-principal,0.634
substring_principal,9,False,False,True,True,True,True,non-github-allow-oidc-principal,0.634
substring_principal,10,False,False,True,True,True,True,non-github-allow-oidc-principal,0.632
substring_principal,11,False,False,True,True,True,True,non-github-allow-oidc-principal,0.63
substring_principal,12,False,False,True,True,True,True,non-github-allow-oidc-principal,0.655
substring_principal,13,False,False,True,True,True,True,non-github-allow-oidc-principal,0.643
substring_principal,14,False,False,True,True,True,True,non-github-allow-oidc-principal,0.643
substring_principal,15,False,False,True,True,True,True,non-github-allow-oidc-principal,0.644
substring_principal,16,False,False,True,True,True,True,non-github-allow-oidc-principal,0.736
substring_principal,17,False,False,True,True,True,True,non-github-allow-oidc-principal,0.661
substring_principal,18,False,False,True,True,True,True,non-github-allow-oidc-principal,0.691
substring_principal,19,False,False,True,True,True,True,non-github-allow-oidc-principal,0.66
substring_principal,20,False,False,True,True,True,True,non-github-allow-oidc-principal,0.645
substring_principal,21,False,False,True,True,True,True,non-github-allow-oidc-principal,0.659
substring_principal,22,False,False,True,True,True,True,non-github-allow-oidc-principal,0.661
substring_principal,23,False,False,True,True,True,True,non-github-allow-oidc-principal,0.657
substring_principal,24,False,False,True,True,True,True,non-github-allow-oidc-principal,0.663
substring_principal,25,False,False,True,True,True,True,non-github-allow-oidc-principal,0.643
substring_principal,26,False,False,True,True,True,True,non-github-allow-oidc-principal,0.645
substring_principal,27,False,False,True,True,True,True,non-github-allow-oidc-principal,0.645
substring_principal,28,False,False,True,True,True,True,non-github-allow-oidc-principal,0.644
substring_principal,29,False,False,True,True,True,True,non-github-allow-oidc-principal,0.649
substring_principal,30,False,False,True,True,True,True,non-github-allow-oidc-principal,0.642
substring_principal,31,False,False,True,True,True,True,non-github-allow-oidc-principal,0.652
substring_principal,32,False,False,True,True,True,True,non-github-allow-oidc-principal,0.648
substring_principal,33,False,False,True,True,True,True,non-github-allow-oidc-principal,0.627
substring_principal,34,False,False,True,True,True,True,non-github-allow-oidc-principal,0.637
substring_principal,35,False,False,True,True,True,True,non-github-allow-oidc-principal,0.643
substring_principal,36,False,False,True,True,True,True,non-github-allow-oidc-principal,0.655
substring_principal,37,False,False,True,True,True,True,non-github-allow-oidc-principal,0.642
substring_principal,38,False,False,True,True,True,True,non-github-allow-oidc-principal,0.731
substring_principal,39,False,False,True,True,True,True,non-github-allow-oidc-principal,0.66
substring_principal,40,False,False,True,True,True,True,non-github-allow-oidc-principal,0.638
substring_principal,41,False,False,True,True,True,True,non-github-allow-oidc-principal,0.657
substring_principal,42,False,False,True,True,True,True,non-github-allow-oidc-principal,0.668
substring_principal,43,False,False,True,True,True,True,non-github-allow-oidc-principal,0.649
substring_principal,44,False,False,True,True,True,True,non-github-allow-oidc-principal,0.636
substring_principal,45,False,False,True,True,True,True,non-github-allow-oidc-principal,0.651
substring_principal,46,False,False,True,True,True,True,non-github-allow-oidc-principal,0.644
substring_principal,47,False,False,True,True,True,True,non-github-allow-oidc-principal,0.647
substring_principal,48,False,False,True,True,True,True,non-github-allow-oidc-principal,0.659
substring_principal,49,False,False,True,True,True,True,non-github-allow-oidc-principal,0.642
substring_principal,50,False,False,True,True,True,True,non-github-allow-oidc-principal,0.631
substring_principal,51,False,False,True,True,True,True,non-github-allow-oidc-principal,0.649
substring_principal,52,False,False,True,True,True,True,non-github-allow-oidc-principal,0.648
substring_principal,53,False,False,True,True,True,True,non-github-allow-oidc-principal,0.642
substring_principal,54,False,False,True,True,True,True,non-github-allow-oidc-principal,0.651
substring_principal,55,False,False,True,True,True,True,non-github-allow-oidc-principal,0.632
substring_principal,56,False,False,True,True,True,True,non-github-allow-oidc-principal,0.644
substring_principal,57,False,False,True,True,True,True,non-github-allow-oidc-principal,0.639
substring_principal,58,False,False,True,True,True,True,non-github-allow-oidc-principal,0.647
substring_principal,59,False,False,True,True,True,True,non-github-allow-oidc-principal,0.654
substring_principal,60,False,False,True,True,True,True,non-github-allow-oidc-principal,0.649
substring_principal,61,False,False,True,True,True,True,non-github-allow-oidc-principal,0.754
substring_principal,62,False,False,True,True,True,True,non-github-allow-oidc-principal,0.661
substring_principal,63,False,False,True,True,True,True,non-github-allow-oidc-principal,0.653
suffix,0,False,False,True,True,False,False,subject-overgrant,5.459
suffix,1,False,False,True,True,False,False,subject-overgrant,5.737
suffix,2,False,False,True,True,False,False,subject-overgrant,5.642
suffix,3,False,False,True,True,False,False,subject-overgrant,5.656
suffix,4,False,False,True,True,False,False,subject-overgrant,5.603
suffix,5,False,False,True,True,False,False,subject-overgrant,5.576
suffix,6,False,False,True,True,False,False,subject-overgrant,5.673
suffix,7,False,False,True,True,False,False,subject-overgrant,5.669
suffix,8,False,False,True,True,False,False,subject-overgrant,5.656
suffix,9,False,False,True,True,False,False,subject-overgrant,5.603
suffix,10,False,False,True,True,False,False,subject-overgrant,5.593
suffix,11,False,False,True,True,False,False,subject-overgrant,5.605
suffix,12,False,False,True,True,False,False,subject-overgrant,5.89
suffix,13,False,False,True,True,False,False,subject-overgrant,5.799
suffix,14,False,False,True,True,False,False,subject-overgrant,5.809
suffix,15,False,False,True,True,False,False,subject-overgrant,5.835
suffix,16,False,False,True,True,False,False,subject-overgrant,5.752
suffix,17,False,False,True,True,False,False,subject-overgrant,5.757
suffix,18,False,False,True,True,False,False,subject-overgrant,5.817
suffix,19,False,False,True,True,False,False,subject-overgrant,5.956
suffix,20,False,False,True,True,False,False,subject-overgrant,5.653
suffix,21,False,False,True,True,False,False,subject-overgrant,5.833
suffix,22,False,False,True,True,False,False,subject-overgrant,5.648
suffix,23,False,False,True,True,False,False,subject-overgrant,5.84
suffix,24,False,False,True,True,False,False,subject-overgrant,5.778
suffix,25,False,False,True,True,False,False,subject-overgrant,5.771
suffix,26,False,False,True,True,False,False,subject-overgrant,5.812
suffix,27,False,False,True,True,False,False,subject-overgrant,5.922
suffix,28,False,False,True,True,False,False,subject-overgrant,5.797
suffix,29,False,False,True,True,False,False,subject-overgrant,5.788
suffix,30,False,False,True,True,False,False,subject-overgrant,5.627
suffix,31,False,False,True,True,False,False,subject-overgrant,5.741
suffix,32,False,False,True,True,False,False,subject-overgrant,5.772
suffix,33,False,False,True,True,False,False,subject-overgrant,5.621
suffix,34,False,False,True,True,False,False,subject-overgrant,5.791
suffix,35,False,False,True,True,False,False,subject-overgrant,5.749
suffix,36,False,False,True,True,False,False,subject-overgrant,5.785
suffix,37,False,False,True,True,False,False,subject-overgrant,5.772
suffix,38,False,False,True,True,False,False,subject-overgrant,5.786
suffix,39,False,False,True,True,False,False,subject-overgrant,5.767
suffix,40,False,False,True,True,False,False,subject-overgrant,5.556
suffix,41,False,False,True,True,False,False,subject-overgrant,5.907
suffix,42,False,False,True,True,False,False,subject-overgrant,5.809
suffix,43,False,False,True,True,False,False,subject-overgrant,5.795
suffix,44,False,False,True,True,False,False,subject-overgrant,5.59
suffix,45,False,False,True,True,False,False,subject-overgrant,5.754
suffix,46,False,False,True,True,False,False,subject-overgrant,5.818
suffix,47,False,False,True,True,False,False,subject-overgrant,5.774
suffix,48,False,False,True,True,False,False,subject-overgrant,5.768
suffix,49,False,False,True,True,False,False,subject-overgrant,5.76
suffix,50,False,False,True,True,False,False,subject-overgrant,5.602
suffix,51,False,False,True,True,False,False,subject-overgrant,5.78
suffix,52,False,False,True,True,False,False,subject-overgrant,5.762
suffix,53,False,False,True,True,False,False,subject-overgrant,5.761
suffix,54,False,False,True,True,False,False,subject-overgrant,5.746
suffix,55,False,False,True,True,False,False,subject-overgrant,5.609
suffix,56,False,False,True,True,False,False,subject-overgrant,5.821
suffix,57,False,False,True,True,False,False,subject-overgrant,5.8
suffix,58,False,False,True,True,False,False,subject-overgrant,5.788
suffix,59,False,False,True,True,False,False,subject-overgrant,5.824
suffix,60,False,False,True,True,False,False,subject-overgrant,5.614
suffix,61,False,False,True,True,False,False,subject-overgrant,5.76
suffix,62,False,False,True,True,False,False,subject-overgrant,5.773
suffix,63,False,False,True,True,False,False,subject-overgrant,5.932
tag,0,False,False,True,True,False,False,subject-overgrant,4.126
tag,1,False,False,True,True,False,False,subject-overgrant,4.298
tag,2,False,False,True,True,False,False,subject-overgrant,4.236
tag,3,False,False,True,True,False,False,subject-overgrant,4.263
tag,4,False,False,True,True,False,False,subject-overgrant,4.249
tag,5,False,False,True,True,False,False,subject-overgrant,4.214
tag,6,False,False,True,True,False,False,subject-overgrant,4.271
tag,7,False,False,True,True,False,False,subject-overgrant,4.235
tag,8,False,False,True,True,False,False,subject-overgrant,4.195
tag,9,False,False,True,True,False,False,subject-overgrant,4.227
tag,10,False,False,True,True,False,False,subject-overgrant,4.213
tag,11,False,False,True,True,False,False,subject-overgrant,4.212
tag,12,False,False,True,True,False,False,subject-overgrant,4.352
tag,13,False,False,True,True,False,False,subject-overgrant,4.353
tag,14,False,False,True,True,False,False,subject-overgrant,4.376
tag,15,False,False,True,True,False,False,subject-overgrant,4.374
tag,16,False,False,True,True,False,False,subject-overgrant,4.381
tag,17,False,False,True,True,False,False,subject-overgrant,4.403
tag,18,False,False,True,True,False,False,subject-overgrant,4.41
tag,19,False,False,True,True,False,False,subject-overgrant,4.404
tag,20,False,False,True,True,False,False,subject-overgrant,4.294
tag,21,False,False,True,True,False,False,subject-overgrant,4.505
tag,22,False,False,True,True,False,False,subject-overgrant,4.244
tag,23,False,False,True,True,False,False,subject-overgrant,4.375
tag,24,False,False,True,True,False,False,subject-overgrant,4.38
tag,25,False,False,True,True,False,False,subject-overgrant,4.369
tag,26,False,False,True,True,False,False,subject-overgrant,4.343
tag,27,False,False,True,True,False,False,subject-overgrant,4.405
tag,28,False,False,True,True,False,False,subject-overgrant,4.385
tag,29,False,False,True,True,False,False,subject-overgrant,4.339
tag,30,False,False,True,True,False,False,subject-overgrant,4.252
tag,31,False,False,True,True,False,False,subject-overgrant,4.353
tag,32,False,False,True,True,False,False,subject-overgrant,4.372
tag,33,False,False,True,True,False,False,subject-overgrant,4.197
tag,34,False,False,True,True,False,False,subject-overgrant,4.348
tag,35,False,False,True,True,False,False,subject-overgrant,4.419
tag,36,False,False,True,True,False,False,subject-overgrant,4.403
tag,37,False,False,True,True,False,False,subject-overgrant,4.343
tag,38,False,False,True,True,False,False,subject-overgrant,4.384
tag,39,False,False,True,True,False,False,subject-overgrant,4.319
tag,40,False,False,True,True,False,False,subject-overgrant,4.255
tag,41,False,False,True,True,False,False,subject-overgrant,4.352
tag,42,False,False,True,True,False,False,subject-overgrant,4.368
tag,43,False,False,True,True,False,False,subject-overgrant,4.425
tag,44,False,False,True,True,False,False,subject-overgrant,4.34
tag,45,False,False,True,True,False,False,subject-overgrant,4.368
tag,46,False,False,True,True,False,False,subject-overgrant,4.394
tag,47,False,False,True,True,False,False,subject-overgrant,4.379
tag,48,False,False,True,True,False,False,subject-overgrant,4.36
tag,49,False,False,True,True,False,False,subject-overgrant,4.365
tag,50,False,False,True,True,False,False,subject-overgrant,4.228
tag,51,False,False,True,True,False,False,subject-overgrant,4.336
tag,52,False,False,True,True,False,False,subject-overgrant,4.332
tag,53,False,False,True,True,False,False,subject-overgrant,4.373
tag,54,False,False,True,True,False,False,subject-overgrant,4.36
tag,55,False,False,True,True,False,False,subject-overgrant,4.221
tag,56,False,False,True,True,False,False,subject-overgrant,4.367
tag,57,False,False,True,True,False,False,subject-overgrant,4.344
tag,58,False,False,True,True,False,False,subject-overgrant,4.348
tag,59,False,False,True,True,False,False,subject-overgrant,4.349
tag,60,False,False,True,True,False,False,subject-overgrant,4.206
tag,61,False,False,True,True,False,False,subject-overgrant,4.34
tag,62,False,False,True,True,False,False,subject-overgrant,4.392
tag,63,False,False,True,True,False,False,subject-overgrant,4.332
unqualified,0,False,False,True,True,True,True,unsupported-allow-claim-key;missing-sub;missing-aud;subject-overgrant;audience-overgrant,6.571
unqualified,1,False,False,True,True,True,True,unsupported-allow-claim-key;missing-sub;missing-aud;subject-overgrant;audience-overgrant,6.946
unqualified,2,False,False,True,True,True,True,unsupported-allow-claim-key;missing-sub;missing-aud;subject-overgrant;audience-overgrant,7.081
unqualified,3,False,False,True,True,True,True,unsupported-allow-claim-key;missing-sub;missing-aud;subject-overgrant;audience-overgrant,6.919
unqualified,4,False,False,True,True,True,True,unsupported-allow-claim-key;missing-sub;missing-aud;subject-overgrant;audience-overgrant,7.002
unqualified,5,False,False,True,True,True,True,unsupported-allow-claim-key;missing-sub;missing-aud;subject-overgrant;audience-overgrant,6.858
unqualified,6,False,False,True,True,True,True,unsupported-allow-claim-key;missing-sub;missing-aud;subject-overgrant;audience-overgrant,6.919
unqualified,7,False,False,True,True,True,True,unsupported-allow-claim-key;missing-sub;missing-aud;subject-overgrant;audience-overgrant,6.985
unqualified,8,False,False,True,True,True,True,unsupported-allow-claim-key;missing-sub;missing-aud;subject-overgrant;audience-overgrant,6.887
unqualified,9,False,False,True,True,True,True,unsupported-allow-claim-key;missing-sub;missing-aud;subject-overgrant;audience-overgrant,6.901
unqualified,10,False,False,True,True,True,True,unsupported-allow-claim-key;missing-sub;missing-aud;subject-overgrant;audience-overgrant,6.919
unqualified,11,False,False,True,True,True,True,unsupported-allow-claim-key;missing-sub;missing-aud;subject-overgrant;audience-overgrant,6.99
unqualified,12,False,False,True,True,True,True,unsupported-allow-claim-key;missing-sub;missing-aud;subject-overgrant;audience-overgrant,7.129
unqualified,13,False,False,True,True,True,True,unsupported-allow-claim-key;missing-sub;missing-aud;subject-overgrant;audience-overgrant,7.147
unqualified,14,False,False,True,True,True,True,unsupported-allow-claim-key;missing-sub;missing-aud;subject-overgrant;audience-overgrant,7.151
unqualified,15,False,False,True,True,True,True,unsupported-allow-claim-key;missing-sub;missing-aud;subject-overgrant;audience-overgrant,7.101
unqualified,16,False,False,True,True,True,True,unsupported-allow-claim-key;missing-sub;missing-aud;subject-overgrant;audience-overgrant,7.079
unqualified,17,False,False,True,True,True,True,unsupported-allow-claim-key;missing-sub;missing-aud;subject-overgrant;audience-overgrant,7.155
unqualified,18,False,False,True,True,True,True,unsupported-allow-claim-key;missing-sub;missing-aud;subject-overgrant;audience-overgrant,7.104
unqualified,19,False,False,True,True,True,True,unsupported-allow-claim-key;missing-sub;missing-aud;subject-overgrant;audience-overgrant,7.055
unqualified,20,False,False,True,True,True,True,unsupported-allow-claim-key;missing-sub;missing-aud;subject-overgrant;audience-overgrant,6.874
unqualified,21,False,False,True,True,True,True,unsupported-allow-claim-key;missing-sub;missing-aud;subject-overgrant;audience-overgrant,7.122
unqualified,22,False,False,True,True,True,True,unsupported-allow-claim-key;missing-sub;missing-aud;subject-overgrant;audience-overgrant,6.875
unqualified,23,False,False,True,True,True,True,unsupported-allow-claim-key;missing-sub;missing-aud;subject-overgrant;audience-overgrant,7.077
unqualified,24,False,False,True,True,True,True,unsupported-allow-claim-key;missing-sub;missing-aud;subject-overgrant;audience-overgrant,7.069
unqualified,25,False,False,True,True,True,True,unsupported-allow-claim-key;missing-sub;missing-aud;subject-overgrant;audience-overgrant,7.278
unqualified,26,False,False,True,True,True,True,unsupported-allow-claim-key;missing-sub;missing-aud;subject-overgrant;audience-overgrant,6.978
unqualified,27,False,False,True,True,True,True,unsupported-allow-claim-key;missing-sub;missing-aud;subject-overgrant;audience-overgrant,7.084
unqualified,28,False,False,True,True,True,True,unsupported-allow-claim-key;missing-sub;missing-aud;subject-overgrant;audience-overgrant,7.069
unqualified,29,False,False,True,True,True,True,unsupported-allow-claim-key;missing-sub;missing-aud;subject-overgrant;audience-overgrant,7.033
unqualified,30,False,False,True,True,True,True,unsupported-allow-claim-key;missing-sub;missing-aud;subject-overgrant;audience-overgrant,6.804
unqualified,31,False,False,True,True,True,True,unsupported-allow-claim-key;missing-sub;missing-aud;subject-overgrant;audience-overgrant,7.18
unqualified,32,False,False,True,True,True,True,unsupported-allow-claim-key;missing-sub;missing-aud;subject-overgrant;audience-overgrant,7.096
unqualified,33,False,False,True,True,True,True,unsupported-allow-claim-key;missing-sub;missing-aud;subject-overgrant;audience-overgrant,6.867
unqualified,34,False,False,True,True,True,True,unsupported-allow-claim-key;missing-sub;missing-aud;subject-overgrant;audience-overgrant,7.13
unqualified,35,False,False,True,True,True,True,unsupported-allow-claim-key;missing-sub;missing-aud;subject-overgrant;audience-overgrant,7.073
unqualified,36,False,False,True,True,True,True,unsupported-allow-claim-key;missing-sub;missing-aud;subject-overgrant;audience-overgrant,7.113
unqualified,37,False,False,True,True,True,True,unsupported-allow-claim-key;missing-sub;missing-aud;subject-overgrant;audience-overgrant,7.063
unqualified,38,False,False,True,True,True,True,unsupported-allow-claim-key;missing-sub;missing-aud;subject-overgrant;audience-overgrant,7.134
unqualified,39,False,False,True,True,True,True,unsupported-allow-claim-key;missing-sub;missing-aud;subject-overgrant;audience-overgrant,7.572
unqualified,40,False,False,True,True,True,True,unsupported-allow-claim-key;missing-sub;missing-aud;subject-overgrant;audience-overgrant,7.828
unqualified,41,False,False,True,True,True,True,unsupported-allow-claim-key;missing-sub;missing-aud;subject-overgrant;audience-overgrant,7.436
unqualified,42,False,False,True,True,True,True,unsupported-allow-claim-key;missing-sub;missing-aud;subject-overgrant;audience-overgrant,8.1
unqualified,43,False,False,True,True,True,True,unsupported-allow-claim-key;missing-sub;missing-aud;subject-overgrant;audience-overgrant,7.703
unqualified,44,False,False,True,True,True,True,unsupported-allow-claim-key;missing-sub;missing-aud;subject-overgrant;audience-overgrant,7.473
unqualified,45,False,False,True,True,True,True,unsupported-allow-claim-key;missing-sub;missing-aud;subject-overgrant;audience-overgrant,8.426
unqualified,46,False,False,True,True,True,True,unsupported-allow-claim-key;missing-sub;missing-aud;subject-overgrant;audience-overgrant,7.52
unqualified,47,False,False,True,True,True,True,unsupported-allow-claim-key;missing-sub;missing-aud;subject-overgrant;audience-overgrant,7.746
unqualified,48,False,False,True,True,True,True,unsupported-allow-claim-key;missing-sub;missing-aud;subject-overgrant;audience-overgrant,8.044
unqualified,49,False,False,True,True,True,True,unsupported-allow-claim-key;missing-sub;missing-aud;subject-overgrant;audience-overgrant,8.912
unqualified,50,False,False,True,True,True,True,unsupported-allow-claim-key;missing-sub;missing-aud;subject-overgrant;audience-overgrant,7.241
unqualified,51,False,False,True,True,True,True,unsupported-allow-claim-key;missing-sub;missing-aud;subject-overgrant;audience-overgrant,7.714
unqualified,52,False,False,True,True,True,True,unsupported-allow-claim-key;missing-sub;missing-aud;subject-overgrant;audience-overgrant,7.648
unqualified,53,False,False,True,True,True,True,unsupported-allow-claim-key;missing-sub;missing-aud;subject-overgrant;audience-overgrant,7.213
unqualified,54,False,False,True,True,True,True,unsupported-allow-claim-key;missing-sub;missing-aud;subject-overgrant;audience-overgrant,7.856
unqualified,55,False,False,True,True,True,True,unsupported-allow-claim-key;missing-sub;missing-aud;subject-overgrant;audience-overgrant,7.703
unqualified,56,False,False,True,True,True,True,unsupported-allow-claim-key;missing-sub;missing-aud;subject-overgrant;audience-overgrant,7.594
unqualified,57,False,False,True,True,True,True,unsupported-allow-claim-key;missing-sub;missing-aud;subject-overgrant;audience-overgrant,7.733
unqualified,58,False,False,True,True,True,True,unsupported-allow-claim-key;missing-sub;missing-aud;subject-overgrant;audience-overgrant,7.674
unqualified,59,False,False,True,True,True,True,unsupported-allow-claim-key;missing-sub;missing-aud;subject-overgrant;audience-overgrant,7.778
unqualified,60,False,False,True,True,True,True,unsupported-allow-claim-key;missing-sub;missing-aud;subject-overgrant;audience-overgrant,7.093
unqualified,61,False,False,True,True,True,True,unsupported-allow-claim-key;missing-sub;missing-aud;subject-overgrant;audience-overgrant,7.762
unqualified,62,False,False,True,True,True,True,unsupported-allow-claim-key;missing-sub;missing-aud;subject-overgrant;audience-overgrant,7.518
unqualified,63,False,False,True,True,True,True,unsupported-allow-claim-key;missing-sub;missing-aud;subject-overgrant;audience-overgrant,7.677
unsupported_allow,0,True,True,True,True,True,True,unsupported-allow-claim-key,2.985
unsupported_allow,1,True,True,True,True,True,True,unsupported-allow-claim-key,3.034
unsupported_allow,2,True,True,True,True,True,True,unsupported-allow-claim-key,3.492
unsupported_allow,3,True,True,True,True,True,True,unsupported-allow-claim-key,3.165
unsupported_allow,4,True,True,True,True,True,True,unsupported-allow-claim-key,3.188
unsupported_allow,5,True,True,True,True,True,True,unsupported-allow-claim-key,3.773
unsupported_allow,6,True,True,True,True,True,True,unsupported-allow-claim-key,2.894
unsupported_allow,7,True,True,True,True,True,True,unsupported-allow-claim-key,2.939
unsupported_allow,8,True,True,True,True,True,True,unsupported-allow-claim-key,2.918
unsupported_allow,9,True,True,True,True,True,True,unsupported-allow-claim-key,2.838
unsupported_allow,10,True,True,True,True,True,True,unsupported-allow-claim-key,3.141
unsupported_allow,11,True,True,True,True,True,True,unsupported-allow-claim-key,2.809
unsupported_allow,12,True,True,True,True,True,True,unsupported-allow-claim-key,3.19
unsupported_allow,13,True,True,True,True,True,True,unsupported-allow-claim-key,3.21
unsupported_allow,14,True,True,True,True,True,True,unsupported-allow-claim-key,3.169
unsupported_allow,15,True,True,True,True,True,True,unsupported-allow-claim-key,3.2
unsupported_allow,16,True,True,True,True,True,True,unsupported-allow-claim-key,3.066
unsupported_allow,17,True,True,True,True,True,True,unsupported-allow-claim-key,3.029
unsupported_allow,18,True,True,True,True,True,True,unsupported-allow-claim-key,3.197
unsupported_allow,19,True,True,True,True,True,True,unsupported-allow-claim-key,2.902
unsupported_allow,20,True,True,True,True,True,True,unsupported-allow-claim-key,2.828
unsupported_allow,21,True,True,True,True,True,True,unsupported-allow-claim-key,4.106
unsupported_allow,22,True,True,True,True,True,True,unsupported-allow-claim-key,3.816
unsupported_allow,23,True,True,True,True,True,True,unsupported-allow-claim-key,2.987
unsupported_allow,24,True,True,True,True,True,True,unsupported-allow-claim-key,3.447
unsupported_allow,25,True,True,True,True,True,True,unsupported-allow-claim-key,3.825
unsupported_allow,26,True,True,True,True,True,True,unsupported-allow-claim-key,3.482
unsupported_allow,27,True,True,True,True,True,True,unsupported-allow-claim-key,3.448
unsupported_allow,28,True,True,True,True,True,True,unsupported-allow-claim-key,3.624
unsupported_allow,29,True,True,True,True,True,True,unsupported-allow-claim-key,3.072
unsupported_allow,30,True,True,True,True,True,True,unsupported-allow-claim-key,2.844
unsupported_allow,31,True,True,True,True,True,True,unsupported-allow-claim-key,2.811
unsupported_allow,32,True,True,True,True,True,True,unsupported-allow-claim-key,2.953
unsupported_allow,33,True,True,True,True,True,True,unsupported-allow-claim-key,3.213
unsupported_allow,34,True,True,True,True,True,True,unsupported-allow-claim-key,3.041
unsupported_allow,35,True,True,True,True,True,True,unsupported-allow-claim-key,3.095
unsupported_allow,36,True,True,True,True,True,True,unsupported-allow-claim-key,2.775
unsupported_allow,37,True,True,True,True,True,True,unsupported-allow-claim-key,2.868
unsupported_allow,38,True,True,True,True,True,True,unsupported-allow-claim-key,3.222
unsupported_allow,39,True,True,True,True,True,True,unsupported-allow-claim-key,3.06
unsupported_allow,40,True,True,True,True,True,True,unsupported-allow-claim-key,2.862
unsupported_allow,41,True,True,True,True,True,True,unsupported-allow-claim-key,3.744
unsupported_allow,42,True,True,True,True,True,True,unsupported-allow-claim-key,3.17
unsupported_allow,43,True,True,True,True,True,True,unsupported-allow-claim-key,3.093
unsupported_allow,44,True,True,True,True,True,True,unsupported-allow-claim-key,2.941
unsupported_allow,45,True,True,True,True,True,True,unsupported-allow-claim-key,2.983
unsupported_allow,46,True,True,True,True,True,True,unsupported-allow-claim-key,2.97
unsupported_allow,47,True,True,True,True,True,True,unsupported-allow-claim-key,3.09
unsupported_allow,48,True,True,True,True,True,True,unsupported-allow-claim-key,3.367
unsupported_allow,49,True,True,True,True,True,True,unsupported-allow-claim-key,3.417
unsupported_allow,50,True,True,True,True,True,True,unsupported-allow-claim-key,2.973
unsupported_allow,51,True,True,True,True,True,True,unsupported-allow-claim-key,3.204
unsupported_allow,52,True,True,True,True,True,True,unsupported-allow-claim-key,3.34
unsupported_allow,53,True,True,True,True,True,True,unsupported-allow-claim-key,2.91
unsupported_allow,54,True,True,True,True,True,True,unsupported-allow-claim-key,3.009
unsupported_allow,55,True,True,True,True,True,True,unsupported-allow-claim-key,3.26
unsupported_allow,56,True,True,True,True,True,True,unsupported-allow-claim-key,3.082
unsupported_allow,57,True,True,True,True,True,True,unsupported-allow-claim-key,3.05
unsupported_allow,58,True,True,True,True,True,True,unsupported-allow-claim-key,2.948
unsupported_allow,59,True,True,True,True,True,True,unsupported-allow-claim-key,3.19
unsupported_allow,60,True,True,True,True,True,True,unsupported-allow-claim-key,2.878
unsupported_allow,61,True,True,True,True,True,True,unsupported-allow-claim-key,2.889
unsupported_allow,62,True,True,True,True,True,True,unsupported-allow-claim-key,2.884
unsupported_allow,63,True,True,True,True,True,True,unsupported-allow-claim-key,3.112
