format,template,expected_safe,fedfence_safe,correct,findings,median_proxy_ms,transported
direct-json,safe_exact_branch,True,True,True,0,3.703,False
direct-json,safe_exact_branch,True,True,True,0,3.703,True
direct-json,safe_exact_branch,True,True,True,0,3.703,True
direct-json,safe_exact_branch,True,True,True,0,3.703,True
direct-json,safe_exact_branch,True,True,True,0,3.703,True
direct-json,safe_exact_branch,True,True,True,0,3.703,True
direct-json,safe_exact_branch,True,True,True,0,3.703,True
direct-json,safe_exact_branch,True,True,True,0,3.703,True
direct-json,safe_exact_branch,True,True,True,0,3.703,True
direct-json,safe_exact_branch,True,True,True,0,3.703,True
direct-json,safe_exact_branch,True,True,True,0,3.703,True
direct-json,safe_exact_branch,True,True,True,0,3.703,True
direct-json,safe_exact_branch,True,True,True,0,3.703,True
direct-json,safe_exact_branch,True,True,True,0,3.703,True
direct-json,safe_exact_branch,True,True,True,0,3.703,True
direct-json,safe_exact_branch,True,True,True,0,3.703,True
direct-json,safe_exact_branch,True,True,True,0,3.703,True
direct-json,safe_exact_branch,True,True,True,0,3.703,True
direct-json,safe_exact_branch,True,True,True,0,3.703,True
direct-json,safe_exact_branch,True,True,True,0,3.703,True
direct-json,safe_exact_branch,True,True,True,0,3.703,True
direct-json,safe_exact_branch,True,True,True,0,3.703,True
direct-json,safe_exact_branch,True,True,True,0,3.703,True
direct-json,safe_exact_branch,True,True,True,0,3.703,True
direct-json,safe_exact_branch,True,True,True,0,3.703,True
direct-json,safe_exact_branch,True,True,True,0,3.703,True
direct-json,safe_exact_branch,True,True,True,0,3.703,True
direct-json,safe_exact_branch,True,True,True,0,3.703,True
direct-json,safe_exact_branch,True,True,True,0,3.703,True
direct-json,safe_exact_branch,True,True,True,0,3.703,True
direct-json,safe_exact_branch,True,True,True,0,3.703,True
direct-json,safe_exact_branch,True,True,True,0,3.703,True
direct-json,safe_release_tags,True,True,True,0,4.578,False
direct-json,safe_release_tags,True,True,True,0,4.578,True
direct-json,safe_release_tags,True,True,True,0,4.578,True
direct-json,safe_release_tags,True,True,True,0,4.578,True
direct-json,safe_release_tags,True,True,True,0,4.578,True
direct-json,safe_release_tags,True,True,True,0,4.578,True
direct-json,safe_release_tags,True,True,True,0,4.578,True
direct-json,safe_release_tags,True,True,True,0,4.578,True
direct-json,safe_release_tags,True,True,True,0,4.578,True
direct-json,safe_release_tags,True,True,True,0,4.578,True
direct-json,safe_release_tags,True,True,True,0,4.578,True
direct-json,safe_release_tags,True,True,True,0,4.578,True
direct-json,safe_release_tags,True,True,True,0,4.578,True
direct-json,safe_release_tags,True,True,True,0,4.578,True
direct-json,safe_release_tags,True,True,True,0,4.578,True
direct-json,safe_release_tags,True,True,True,0,4.578,True
direct-json,safe_release_tags,True,True,True,0,4.578,True
direct-json,safe_release_tags,True,True,True,0,4.578,True
direct-json,safe_release_tags,True,True,True,0,4.578,True
direct-json,safe_release_tags,True,True,True,0,4.578,True
direct-json,safe_release_tags,True,True,True,0,4.578,True
direct-json,safe_release_tags,True,True,True,0,4.578,True
direct-json,safe_release_tags,True,True,True,0,4.578,True
direct-json,safe_release_tags,True,True,True,0,4.578,True
direct-json,safe_release_tags,True,True,True,0,4.578,True
direct-json,safe_release_tags,True,True,True,0,4.578,True
direct-json,safe_release_tags,True,True,True,0,4.578,True
direct-json,safe_release_tags,True,True,True,0,4.578,True
direct-json,safe_release_tags,True,True,True,0,4.578,True
direct-json,safe_release_tags,True,True,True,0,4.578,True
direct-json,safe_release_tags,True,True,True,0,4.578,True
direct-json,safe_release_tags,True,True,True,0,4.578,True
direct-json,safe_protected_environment,True,True,True,0,2.799,False
direct-json,safe_protected_environment,True,True,True,0,2.799,True
direct-json,safe_protected_environment,True,True,True,0,2.799,True
direct-json,safe_protected_environment,True,True,True,0,2.799,True
direct-json,safe_protected_environment,True,True,True,0,2.799,True
direct-json,safe_protected_environment,True,True,True,0,2.799,True
direct-json,safe_protected_environment,True,True,True,0,2.799,True
direct-json,safe_protected_environment,True,True,True,0,2.799,True
direct-json,safe_protected_environment,True,True,True,0,2.799,True
direct-json,safe_protected_environment,True,True,True,0,2.799,True
direct-json,safe_protected_environment,True,True,True,0,2.799,True
direct-json,safe_protected_environment,True,True,True,0,2.799,True
direct-json,safe_protected_environment,True,True,True,0,2.799,True
direct-json,safe_protected_environment,True,True,True,0,2.799,True
direct-json,safe_protected_environment,True,True,True,0,2.799,True
direct-json,safe_protected_environment,True,True,True,0,2.799,True
direct-json,safe_protected_environment,True,True,True,0,2.799,True
direct-json,safe_protected_environment,True,True,True,0,2.799,True
direct-json,safe_protected_environment,True,True,True,0,2.799,True
direct-json,safe_protected_environment,True,True,True,0,2.799,True
direct-json,safe_protected_environment,True,True,True,0,2.799,True
direct-json,safe_protected_environment,True,True,True,0,2.799,True
direct-json,safe_protected_environment,True,True,True,0,2.799,True
direct-json,safe_protected_environment,True,True,True,0,2.799,True
direct-json,safe_protected_environment,True,True,True,0,2.799,True
direct-json,safe_protected_environment,True,True,True,0,2.799,True
direct-json,safe_protected_environment,True,True,True,0,2.799,True
direct-json,safe_protected_environment,True,True,True,0,2.799,True
direct-json,safe_protected_environment,True,True,True,0,2.799,True
direct-json,safe_protected_environment,True,True,True,0,2.799,True
direct-json,safe_protected_environment,True,True,True,0,2.799,True
direct-json,safe_protected_environment,True,True,True,0,2.799,True
direct-json,safe_two_release_branches,True,True,True,0,3.255,False
direct-json,safe_two_release_branches,True,True,True,0,3.255,True
direct-json,safe_two_release_branches,True,True,True,0,3.255,True
direct-json,safe_two_release_branches,True,True,True,0,3.255,True
direct-json,safe_two_release_branches,True,True,True,0,3.255,True
direct-json,safe_two_release_branches,True,True,True,0,3.255,True
direct-json,safe_two_release_branches,True,True,True,0,3.255,True
direct-json,safe_two_release_branches,True,True,True,0,3.255,True
direct-json,safe_two_release_branches,True,True,True,0,3.255,True
direct-json,safe_two_release_branches,True,True,True,0,3.255,True
direct-json,safe_two_release_branches,True,True,True,0,3.255,True
direct-json,safe_two_release_branches,True,True,True,0,3.255,True
direct-json,safe_two_release_branches,True,True,True,0,3.255,True
direct-json,safe_two_release_branches,True,True,True,0,3.255,True
direct-json,safe_two_release_branches,True,True,True,0,3.255,True
direct-json,safe_two_release_branches,True,True,True,0,3.255,True
direct-json,safe_two_release_branches,True,True,True,0,3.255,True
direct-json,safe_two_release_branches,True,True,True,0,3.255,True
direct-json,safe_two_release_branches,True,True,True,0,3.255,True
direct-json,safe_two_release_branches,True,True,True,0,3.255,True
direct-json,safe_two_release_branches,True,True,True,0,3.255,True
direct-json,safe_two_release_branches,True,True,True,0,3.255,True
direct-json,safe_two_release_branches,True,True,True,0,3.255,True
direct-json,safe_two_release_branches,True,True,True,0,3.255,True
direct-json,safe_two_release_branches,True,True,True,0,3.255,True
direct-json,safe_two_release_branches,True,True,True,0,3.255,True
direct-json,safe_two_release_branches,True,True,True,0,3.255,True
direct-json,safe_two_release_branches,True,True,True,0,3.255,True
direct-json,safe_two_release_branches,True,True,True,0,3.255,True
direct-json,safe_two_release_branches,True,True,True,0,3.255,True
direct-json,safe_two_release_branches,True,True,True,0,3.255,True
direct-json,safe_two_release_branches,True,True,True,0,3.255,True
direct-json,safe_dual_audience,True,True,True,0,3.061,False
direct-json,safe_dual_audience,True,True,True,0,3.061,True
direct-json,safe_dual_audience,True,True,True,0,3.061,True
direct-json,safe_dual_audience,True,True,True,0,3.061,True
direct-json,safe_dual_audience,True,True,True,0,3.061,True
direct-json,safe_dual_audience,True,True,True,0,3.061,True
direct-json,safe_dual_audience,True,True,True,0,3.061,True
direct-json,safe_dual_audience,True,True,True,0,3.061,True
direct-json,safe_dual_audience,True,True,True,0,3.061,True
direct-json,safe_dual_audience,True,True,True,0,3.061,True
direct-json,safe_dual_audience,True,True,True,0,3.061,True
direct-json,safe_dual_audience,True,True,True,0,3.061,True
direct-json,safe_dual_audience,True,True,True,0,3.061,True
direct-json,safe_dual_audience,True,True,True,0,3.061,True
direct-json,safe_dual_audience,True,True,True,0,3.061,True
direct-json,safe_dual_audience,True,True,True,0,3.061,True
direct-json,safe_dual_audience,True,True,True,0,3.061,True
direct-json,safe_dual_audience,True,True,True,0,3.061,True
direct-json,safe_dual_audience,True,True,True,0,3.061,True
direct-json,safe_dual_audience,True,True,True,0,3.061,True
direct-json,safe_dual_audience,True,True,True,0,3.061,True
direct-json,safe_dual_audience,True,True,True,0,3.061,True
direct-json,safe_dual_audience,True,True,True,0,3.061,True
direct-json,safe_dual_audience,True,True,True,0,3.061,True
direct-json,safe_dual_audience,True,True,True,0,3.061,True
direct-json,safe_dual_audience,True,True,True,0,3.061,True
direct-json,safe_dual_audience,True,True,True,0,3.061,True
direct-json,safe_dual_audience,True,True,True,0,3.061,True
direct-json,safe_dual_audience,True,True,True,0,3.061,True
direct-json,safe_dual_audience,True,True,True,0,3.061,True
direct-json,safe_dual_audience,True,True,True,0,3.061,True
direct-json,safe_dual_audience,True,True,True,0,3.061,True
direct-json,safe_split_statements,True,True,True,0,6.716,False
direct-json,safe_split_statements,True,True,True,0,6.716,True
direct-json,safe_split_statements,True,True,True,0,6.716,True
direct-json,safe_split_statements,True,True,True,0,6.716,True
direct-json,safe_split_statements,True,True,True,0,6.716,True
direct-json,safe_split_statements,True,True,True,0,6.716,True
direct-json,safe_split_statements,True,True,True,0,6.716,True
direct-json,safe_split_statements,True,True,True,0,6.716,True
direct-json,safe_split_statements,True,True,True,0,6.716,True
direct-json,safe_split_statements,True,True,True,0,6.716,True
direct-json,safe_split_statements,True,True,True,0,6.716,True
direct-json,safe_split_statements,True,True,True,0,6.716,True
direct-json,safe_split_statements,True,True,True,0,6.716,True
direct-json,safe_split_statements,True,True,True,0,6.716,True
direct-json,safe_split_statements,True,True,True,0,6.716,True
direct-json,safe_split_statements,True,True,True,0,6.716,True
direct-json,safe_split_statements,True,True,True,0,6.716,True
direct-json,safe_split_statements,True,True,True,0,6.716,True
direct-json,safe_split_statements,True,True,True,0,6.716,True
direct-json,safe_split_statements,True,True,True,0,6.716,True
direct-json,safe_split_statements,True,True,True,0,6.716,True
direct-json,safe_split_statements,True,True,True,0,6.716,True
direct-json,safe_split_statements,True,True,True,0,6.716,True
direct-json,safe_split_statements,True,True,True,0,6.716,True
direct-json,safe_split_statements,True,True,True,0,6.716,True
direct-json,safe_split_statements,True,True,True,0,6.716,True
direct-json,safe_split_statements,True,True,True,0,6.716,True
direct-json,safe_split_statements,True,True,True,0,6.716,True
direct-json,safe_split_statements,True,True,True,0,6.716,True
direct-json,safe_split_statements,True,True,True,0,6.716,True
direct-json,safe_split_statements,True,True,True,0,6.716,True
direct-json,safe_split_statements,True,True,True,0,6.716,True
direct-json,safe_conjunctive_refinement,True,True,True,0,5.362,False
direct-json,safe_conjunctive_refinement,True,True,True,0,5.362,True
direct-json,safe_conjunctive_refinement,True,True,True,0,5.362,True
direct-json,safe_conjunctive_refinement,True,True,True,0,5.362,True
direct-json,safe_conjunctive_refinement,True,True,True,0,5.362,True
direct-json,safe_conjunctive_refinement,True,True,True,0,5.362,True
direct-json,safe_conjunctive_refinement,True,True,True,0,5.362,True
direct-json,safe_conjunctive_refinement,True,True,True,0,5.362,True
direct-json,safe_conjunctive_refinement,True,True,True,0,5.362,True
direct-json,safe_conjunctive_refinement,True,True,True,0,5.362,True
direct-json,safe_conjunctive_refinement,True,True,True,0,5.362,True
direct-json,safe_conjunctive_refinement,True,True,True,0,5.362,True
direct-json,safe_conjunctive_refinement,True,True,True,0,5.362,True
direct-json,safe_conjunctive_refinement,True,True,True,0,5.362,True
direct-json,safe_conjunctive_refinement,True,True,True,0,5.362,True
direct-json,safe_conjunctive_refinement,True,True,True,0,5.362,True
direct-json,safe_conjunctive_refinement,True,True,True,0,5.362,True
direct-json,safe_conjunctive_refinement,True,True,True,0,5.362,True
direct-json,safe_conjunctive_refinement,True,True,True,0,5.362,True
direct-json,safe_conjunctive_refinement,True,True,True,0,5.362,True
direct-json,safe_conjunctive_refinement,True,True,True,0,5.362,True
direct-json,safe_conjunctive_refinement,True,True,True,0,5.362,True
direct-json,safe_conjunctive_refinement,True,True,True,0,5.362,True
direct-json,safe_conjunctive_refinement,True,True,True,0,5.362,True
direct-json,safe_conjunctive_refinement,True,True,True,0,5.362,True
direct-json,safe_conjunctive_refinement,True,True,True,0,5.362,True
direct-json,safe_conjunctive_refinement,True,True,True,0,5.362,True
direct-json,safe_conjunctive_refinement,True,True,True,0,5.362,True
direct-json,safe_conjunctive_refinement,True,True,True,0,5.362,True
direct-json,safe_conjunctive_refinement,True,True,True,0,5.362,True
direct-json,safe_conjunctive_refinement,True,True,True,0,5.362,True
direct-json,safe_conjunctive_refinement,True,True,True,0,5.362,True
direct-json,safe_dynamic_alphabet,True,True,True,0,3.213,False
direct-json,safe_dynamic_alphabet,True,True,True,0,3.213,True
direct-json,safe_dynamic_alphabet,True,True,True,0,3.213,True
direct-json,safe_dynamic_alphabet,True,True,True,0,3.213,True
direct-json,safe_dynamic_alphabet,True,True,True,0,3.213,True
direct-json,safe_dynamic_alphabet,True,True,True,0,3.213,True
direct-json,safe_dynamic_alphabet,True,True,True,0,3.213,True
direct-json,safe_dynamic_alphabet,True,True,True,0,3.213,True
direct-json,safe_dynamic_alphabet,True,True,True,0,3.213,True
direct-json,safe_dynamic_alphabet,True,True,True,0,3.213,True
direct-json,safe_dynamic_alphabet,True,True,True,0,3.213,True
direct-json,safe_dynamic_alphabet,True,True,True,0,3.213,True
direct-json,safe_dynamic_alphabet,True,True,True,0,3.213,True
direct-json,safe_dynamic_alphabet,True,True,True,0,3.213,True
direct-json,safe_dynamic_alphabet,True,True,True,0,3.213,True
direct-json,safe_dynamic_alphabet,True,True,True,0,3.213,True
direct-json,safe_dynamic_alphabet,True,True,True,0,3.213,True
direct-json,safe_dynamic_alphabet,True,True,True,0,3.213,True
direct-json,safe_dynamic_alphabet,True,True,True,0,3.213,True
direct-json,safe_dynamic_alphabet,True,True,True,0,3.213,True
direct-json,safe_dynamic_alphabet,True,True,True,0,3.213,True
direct-json,safe_dynamic_alphabet,True,True,True,0,3.213,True
direct-json,safe_dynamic_alphabet,True,True,True,0,3.213,True
direct-json,safe_dynamic_alphabet,True,True,True,0,3.213,True
direct-json,safe_dynamic_alphabet,True,True,True,0,3.213,True
direct-json,safe_dynamic_alphabet,True,True,True,0,3.213,True
direct-json,safe_dynamic_alphabet,True,True,True,0,3.213,True
direct-json,safe_dynamic_alphabet,True,True,True,0,3.213,True
direct-json,safe_dynamic_alphabet,True,True,True,0,3.213,True
direct-json,safe_dynamic_alphabet,True,True,True,0,3.213,True
direct-json,safe_dynamic_alphabet,True,True,True,0,3.213,True
direct-json,safe_dynamic_alphabet,True,True,True,0,3.213,True
direct-json,safe_branch_slash,True,True,True,0,3.291,False
direct-json,safe_branch_slash,True,True,True,0,3.291,True
direct-json,safe_branch_slash,True,True,True,0,3.291,True
direct-json,safe_branch_slash,True,True,True,0,3.291,True
direct-json,safe_branch_slash,True,True,True,0,3.291,True
direct-json,safe_branch_slash,True,True,True,0,3.291,True
direct-json,safe_branch_slash,True,True,True,0,3.291,True
direct-json,safe_branch_slash,True,True,True,0,3.291,True
direct-json,safe_branch_slash,True,True,True,0,3.291,True
direct-json,safe_branch_slash,True,True,True,0,3.291,True
direct-json,safe_branch_slash,True,True,True,0,3.291,True
direct-json,safe_branch_slash,True,True,True,0,3.291,True
direct-json,safe_branch_slash,True,True,True,0,3.291,True
direct-json,safe_branch_slash,True,True,True,0,3.291,True
direct-json,safe_branch_slash,True,True,True,0,3.291,True
direct-json,safe_branch_slash,True,True,True,0,3.291,True
direct-json,safe_branch_slash,True,True,True,0,3.291,True
direct-json,safe_branch_slash,True,True,True,0,3.291,True
direct-json,safe_branch_slash,True,True,True,0,3.291,True
direct-json,safe_branch_slash,True,True,True,0,3.291,True
direct-json,safe_branch_slash,True,True,True,0,3.291,True
direct-json,safe_branch_slash,True,True,True,0,3.291,True
direct-json,safe_branch_slash,True,True,True,0,3.291,True
direct-json,safe_branch_slash,True,True,True,0,3.291,True
direct-json,safe_branch_slash,True,True,True,0,3.291,True
direct-json,safe_branch_slash,True,True,True,0,3.291,True
direct-json,safe_branch_slash,True,True,True,0,3.291,True
direct-json,safe_branch_slash,True,True,True,0,3.291,True
direct-json,safe_branch_slash,True,True,True,0,3.291,True
direct-json,safe_branch_slash,True,True,True,0,3.291,True
direct-json,safe_branch_slash,True,True,True,0,3.291,True
direct-json,safe_branch_slash,True,True,True,0,3.291,True
direct-json,safe_encoded_colon_environment,True,True,True,0,5.149,False
direct-json,safe_encoded_colon_environment,True,True,True,0,5.149,True
direct-json,safe_encoded_colon_environment,True,True,True,0,5.149,True
direct-json,safe_encoded_colon_environment,True,True,True,0,5.149,True
direct-json,safe_encoded_colon_environment,True,True,True,0,5.149,True
direct-json,safe_encoded_colon_environment,True,True,True,0,5.149,True
direct-json,safe_encoded_colon_environment,True,True,True,0,5.149,True
direct-json,safe_encoded_colon_environment,True,True,True,0,5.149,True
direct-json,safe_encoded_colon_environment,True,True,True,0,5.149,True
direct-json,safe_encoded_colon_environment,True,True,True,0,5.149,True
direct-json,safe_encoded_colon_environment,True,True,True,0,5.149,True
direct-json,safe_encoded_colon_environment,True,True,True,0,5.149,True
direct-json,safe_encoded_colon_environment,True,True,True,0,5.149,True
direct-json,safe_encoded_colon_environment,True,True,True,0,5.149,True
direct-json,safe_encoded_colon_environment,True,True,True,0,5.149,True
direct-json,safe_encoded_colon_environment,True,True,True,0,5.149,True
direct-json,safe_encoded_colon_environment,True,True,True,0,5.149,True
direct-json,safe_encoded_colon_environment,True,True,True,0,5.149,True
direct-json,safe_encoded_colon_environment,True,True,True,0,5.149,True
direct-json,safe_encoded_colon_environment,True,True,True,0,5.149,True
direct-json,safe_encoded_colon_environment,True,True,True,0,5.149,True
direct-json,safe_encoded_colon_environment,True,True,True,0,5.149,True
direct-json,safe_encoded_colon_environment,True,True,True,0,5.149,True
direct-json,safe_encoded_colon_environment,True,True,True,0,5.149,True
direct-json,safe_encoded_colon_environment,True,True,True,0,5.149,True
direct-json,safe_encoded_colon_environment,True,True,True,0,5.149,True
direct-json,safe_encoded_colon_environment,True,True,True,0,5.149,True
direct-json,safe_encoded_colon_environment,True,True,True,0,5.149,True
direct-json,safe_encoded_colon_environment,True,True,True,0,5.149,True
direct-json,safe_encoded_colon_environment,True,True,True,0,5.149,True
direct-json,safe_encoded_colon_environment,True,True,True,0,5.149,True
direct-json,safe_encoded_colon_environment,True,True,True,0,5.149,True
direct-json,safe_unsupported_allow_narrowing,True,True,True,1,2.881,False
direct-json,safe_unsupported_allow_narrowing,True,True,True,1,2.881,True
direct-json,safe_unsupported_allow_narrowing,True,True,True,1,2.881,True
direct-json,safe_unsupported_allow_narrowing,True,True,True,1,2.881,True
direct-json,safe_unsupported_allow_narrowing,True,True,True,1,2.881,True
direct-json,safe_unsupported_allow_narrowing,True,True,True,1,2.881,True
direct-json,safe_unsupported_allow_narrowing,True,True,True,1,2.881,True
direct-json,safe_unsupported_allow_narrowing,True,True,True,1,2.881,True
direct-json,safe_unsupported_allow_narrowing,True,True,True,1,2.881,True
direct-json,safe_unsupported_allow_narrowing,True,True,True,1,2.881,True
direct-json,safe_unsupported_allow_narrowing,True,True,True,1,2.881,True
direct-json,safe_unsupported_allow_narrowing,True,True,True,1,2.881,True
direct-json,safe_unsupported_allow_narrowing,True,True,True,1,2.881,True
direct-json,safe_unsupported_allow_narrowing,True,True,True,1,2.881,True
direct-json,safe_unsupported_allow_narrowing,True,True,True,1,2.881,True
direct-json,safe_unsupported_allow_narrowing,True,True,True,1,2.881,True
direct-json,safe_unsupported_allow_narrowing,True,True,True,1,2.881,True
direct-json,safe_unsupported_allow_narrowing,True,True,True,1,2.881,True
direct-json,safe_unsupported_allow_narrowing,True,True,True,1,2.881,True
direct-json,safe_unsupported_allow_narrowing,True,True,True,1,2.881,True
direct-json,safe_unsupported_allow_narrowing,True,True,True,1,2.881,True
direct-json,safe_unsupported_allow_narrowing,True,True,True,1,2.881,True
direct-json,safe_unsupported_allow_narrowing,True,True,True,1,2.881,True
direct-json,safe_unsupported_allow_narrowing,True,True,True,1,2.881,True
direct-json,safe_unsupported_allow_narrowing,True,True,True,1,2.881,True
direct-json,safe_unsupported_allow_narrowing,True,True,True,1,2.881,True
direct-json,safe_unsupported_allow_narrowing,True,True,True,1,2.881,True
direct-json,safe_unsupported_allow_narrowing,True,True,True,1,2.881,True
direct-json,safe_unsupported_allow_narrowing,True,True,True,1,2.881,True
direct-json,safe_unsupported_allow_narrowing,True,True,True,1,2.881,True
direct-json,safe_unsupported_allow_narrowing,True,True,True,1,2.881,True
direct-json,safe_unsupported_allow_narrowing,True,True,True,1,2.881,True
direct-json,selected_claim_ref_env_repoid_safe,True,True,True,0,2.514,False
direct-json,selected_claim_ref_env_repoid_safe,True,True,True,0,2.514,True
direct-json,selected_claim_ref_env_repoid_safe,True,True,True,0,2.514,True
direct-json,selected_claim_ref_env_repoid_safe,True,True,True,0,2.514,True
direct-json,selected_claim_ref_env_repoid_safe,True,True,True,0,2.514,True
direct-json,selected_claim_ref_env_repoid_safe,True,True,True,0,2.514,True
direct-json,selected_claim_ref_env_repoid_safe,True,True,True,0,2.514,True
direct-json,selected_claim_ref_env_repoid_safe,True,True,True,0,2.514,True
direct-json,selected_claim_ref_env_repoid_safe,True,True,True,0,2.514,True
direct-json,selected_claim_ref_env_repoid_safe,True,True,True,0,2.514,True
direct-json,selected_claim_ref_env_repoid_safe,True,True,True,0,2.514,True
direct-json,selected_claim_ref_env_repoid_safe,True,True,True,0,2.514,True
direct-json,selected_claim_ref_env_repoid_safe,True,True,True,0,2.514,True
direct-json,selected_claim_ref_env_repoid_safe,True,True,True,0,2.514,True
direct-json,selected_claim_ref_env_repoid_safe,True,True,True,0,2.514,True
direct-json,selected_claim_ref_env_repoid_safe,True,True,True,0,2.514,True
direct-json,selected_claim_ref_env_repoid_safe,True,True,True,0,2.514,True
direct-json,selected_claim_ref_env_repoid_safe,True,True,True,0,2.514,True
direct-json,selected_claim_ref_env_repoid_safe,True,True,True,0,2.514,True
direct-json,selected_claim_ref_env_repoid_safe,True,True,True,0,2.514,True
direct-json,selected_claim_ref_env_repoid_safe,True,True,True,0,2.514,True
direct-json,selected_claim_ref_env_repoid_safe,True,True,True,0,2.514,True
direct-json,selected_claim_ref_env_repoid_safe,True,True,True,0,2.514,True
direct-json,selected_claim_ref_env_repoid_safe,True,True,True,0,2.514,True
direct-json,selected_claim_ref_env_repoid_safe,True,True,True,0,2.514,True
direct-json,selected_claim_ref_env_repoid_safe,True,True,True,0,2.514,True
direct-json,selected_claim_ref_env_repoid_safe,True,True,True,0,2.514,True
direct-json,selected_claim_ref_env_repoid_safe,True,True,True,0,2.514,True
direct-json,selected_claim_ref_env_repoid_safe,True,True,True,0,2.514,True
direct-json,selected_claim_ref_env_repoid_safe,True,True,True,0,2.514,True
direct-json,selected_claim_ref_env_repoid_safe,True,True,True,0,2.514,True
direct-json,selected_claim_ref_env_repoid_safe,True,True,True,0,2.514,True
direct-json,selected_claim_custom_property_without_ref_unsafe,False,False,True,1,0.068,False
direct-json,selected_claim_custom_property_without_ref_unsafe,False,False,True,1,0.068,True
direct-json,selected_claim_custom_property_without_ref_unsafe,False,False,True,1,0.068,True
direct-json,selected_claim_custom_property_without_ref_unsafe,False,False,True,1,0.068,True
direct-json,selected_claim_custom_property_without_ref_unsafe,False,False,True,1,0.068,True
direct-json,selected_claim_custom_property_without_ref_unsafe,False,False,True,1,0.068,True
direct-json,selected_claim_custom_property_without_ref_unsafe,False,False,True,1,0.068,True
direct-json,selected_claim_custom_property_without_ref_unsafe,False,False,True,1,0.068,True
direct-json,selected_claim_custom_property_without_ref_unsafe,False,False,True,1,0.068,True
direct-json,selected_claim_custom_property_without_ref_unsafe,False,False,True,1,0.068,True
direct-json,selected_claim_custom_property_without_ref_unsafe,False,False,True,1,0.068,True
direct-json,selected_claim_custom_property_without_ref_unsafe,False,False,True,1,0.068,True
direct-json,selected_claim_custom_property_without_ref_unsafe,False,False,True,1,0.068,True
direct-json,selected_claim_custom_property_without_ref_unsafe,False,False,True,1,0.068,True
direct-json,selected_claim_custom_property_without_ref_unsafe,False,False,True,1,0.068,True
direct-json,selected_claim_custom_property_without_ref_unsafe,False,False,True,1,0.068,True
direct-json,selected_claim_custom_property_without_ref_unsafe,False,False,True,1,0.068,True
direct-json,selected_claim_custom_property_without_ref_unsafe,False,False,True,1,0.068,True
direct-json,selected_claim_custom_property_without_ref_unsafe,False,False,True,1,0.068,True
direct-json,selected_claim_custom_property_without_ref_unsafe,False,False,True,1,0.068,True
direct-json,selected_claim_custom_property_without_ref_unsafe,False,False,True,1,0.068,True
direct-json,selected_claim_custom_property_without_ref_unsafe,False,False,True,1,0.068,True
direct-json,selected_claim_custom_property_without_ref_unsafe,False,False,True,1,0.068,True
direct-json,selected_claim_custom_property_without_ref_unsafe,False,False,True,1,0.068,True
direct-json,selected_claim_custom_property_without_ref_unsafe,False,False,True,1,0.068,True
direct-json,selected_claim_custom_property_without_ref_unsafe,False,False,True,1,0.068,True
direct-json,selected_claim_custom_property_without_ref_unsafe,False,False,True,1,0.068,True
direct-json,selected_claim_custom_property_without_ref_unsafe,False,False,True,1,0.068,True
direct-json,selected_claim_custom_property_without_ref_unsafe,False,False,True,1,0.068,True
direct-json,selected_claim_custom_property_without_ref_unsafe,False,False,True,1,0.068,True
direct-json,selected_claim_custom_property_without_ref_unsafe,False,False,True,1,0.068,True
direct-json,selected_claim_custom_property_without_ref_unsafe,False,False,True,1,0.068,True
direct-json,repo_suffix_wildcard,False,False,True,1,6.446,False
direct-json,repo_suffix_wildcard,False,False,True,1,6.446,True
direct-json,repo_suffix_wildcard,False,False,True,1,6.446,True
direct-json,repo_suffix_wildcard,False,False,True,1,6.446,True
direct-json,repo_suffix_wildcard,False,False,True,1,6.446,True
direct-json,repo_suffix_wildcard,False,False,True,1,6.446,True
direct-json,repo_suffix_wildcard,False,False,True,1,6.446,True
direct-json,repo_suffix_wildcard,False,False,True,1,6.446,True
direct-json,repo_suffix_wildcard,False,False,True,1,6.446,True
direct-json,repo_suffix_wildcard,False,False,True,1,6.446,True
direct-json,repo_suffix_wildcard,False,False,True,1,6.446,True
direct-json,repo_suffix_wildcard,False,False,True,1,6.446,True
direct-json,repo_suffix_wildcard,False,False,True,1,6.446,True
direct-json,repo_suffix_wildcard,False,False,True,1,6.446,True
direct-json,repo_suffix_wildcard,False,False,True,1,6.446,True
direct-json,repo_suffix_wildcard,False,False,True,1,6.446,True
direct-json,repo_suffix_wildcard,False,False,True,1,6.446,True
direct-json,repo_suffix_wildcard,False,False,True,1,6.446,True
direct-json,repo_suffix_wildcard,False,False,True,1,6.446,True
direct-json,repo_suffix_wildcard,False,False,True,1,6.446,True
direct-json,repo_suffix_wildcard,False,False,True,1,6.446,True
direct-json,repo_suffix_wildcard,False,False,True,1,6.446,True
direct-json,repo_suffix_wildcard,False,False,True,1,6.446,True
direct-json,repo_suffix_wildcard,False,False,True,1,6.446,True
direct-json,repo_suffix_wildcard,False,False,True,1,6.446,True
direct-json,repo_suffix_wildcard,False,False,True,1,6.446,True
direct-json,repo_suffix_wildcard,False,False,True,1,6.446,True
direct-json,repo_suffix_wildcard,False,False,True,1,6.446,True
direct-json,repo_suffix_wildcard,False,False,True,1,6.446,True
direct-json,repo_suffix_wildcard,False,False,True,1,6.446,True
direct-json,repo_suffix_wildcard,False,False,True,1,6.446,True
direct-json,repo_suffix_wildcard,False,False,True,1,6.446,True
direct-json,org_repo_wildcard,False,False,True,1,7.933,False
direct-json,org_repo_wildcard,False,False,True,1,7.933,True
direct-json,org_repo_wildcard,False,False,True,1,7.933,True
direct-json,org_repo_wildcard,False,False,True,1,7.933,True
direct-json,org_repo_wildcard,False,False,True,1,7.933,True
direct-json,org_repo_wildcard,False,False,True,1,7.933,True
direct-json,org_repo_wildcard,False,False,True,1,7.933,True
direct-json,org_repo_wildcard,False,False,True,1,7.933,True
direct-json,org_repo_wildcard,False,False,True,1,7.933,True
direct-json,org_repo_wildcard,False,False,True,1,7.933,True
direct-json,org_repo_wildcard,False,False,True,1,7.933,True
direct-json,org_repo_wildcard,False,False,True,1,7.933,True
direct-json,org_repo_wildcard,False,False,True,1,7.933,True
direct-json,org_repo_wildcard,False,False,True,1,7.933,True
direct-json,org_repo_wildcard,False,False,True,1,7.933,True
direct-json,org_repo_wildcard,False,False,True,1,7.933,True
direct-json,org_repo_wildcard,False,False,True,1,7.933,True
direct-json,org_repo_wildcard,False,False,True,1,7.933,True
direct-json,org_repo_wildcard,False,False,True,1,7.933,True
direct-json,org_repo_wildcard,False,False,True,1,7.933,True
direct-json,org_repo_wildcard,False,False,True,1,7.933,True
direct-json,org_repo_wildcard,False,False,True,1,7.933,True
direct-json,org_repo_wildcard,False,False,True,1,7.933,True
direct-json,org_repo_wildcard,False,False,True,1,7.933,True
direct-json,org_repo_wildcard,False,False,True,1,7.933,True
direct-json,org_repo_wildcard,False,False,True,1,7.933,True
direct-json,org_repo_wildcard,False,False,True,1,7.933,True
direct-json,org_repo_wildcard,False,False,True,1,7.933,True
direct-json,org_repo_wildcard,False,False,True,1,7.933,True
direct-json,org_repo_wildcard,False,False,True,1,7.933,True
direct-json,org_repo_wildcard,False,False,True,1,7.933,True
direct-json,org_repo_wildcard,False,False,True,1,7.933,True
direct-json,branch_wildcard,False,False,True,1,4.899,False
direct-json,branch_wildcard,False,False,True,1,4.899,True
direct-json,branch_wildcard,False,False,True,1,4.899,True
direct-json,branch_wildcard,False,False,True,1,4.899,True
direct-json,branch_wildcard,False,False,True,1,4.899,True
direct-json,branch_wildcard,False,False,True,1,4.899,True
direct-json,branch_wildcard,False,False,True,1,4.899,True
direct-json,branch_wildcard,False,False,True,1,4.899,True
direct-json,branch_wildcard,False,False,True,1,4.899,True
direct-json,branch_wildcard,False,False,True,1,4.899,True
direct-json,branch_wildcard,False,False,True,1,4.899,True
direct-json,branch_wildcard,False,False,True,1,4.899,True
direct-json,branch_wildcard,False,False,True,1,4.899,True
direct-json,branch_wildcard,False,False,True,1,4.899,True
direct-json,branch_wildcard,False,False,True,1,4.899,True
direct-json,branch_wildcard,False,False,True,1,4.899,True
direct-json,branch_wildcard,False,False,True,1,4.899,True
direct-json,branch_wildcard,False,False,True,1,4.899,True
direct-json,branch_wildcard,False,False,True,1,4.899,True
direct-json,branch_wildcard,False,False,True,1,4.899,True
direct-json,branch_wildcard,False,False,True,1,4.899,True
direct-json,branch_wildcard,False,False,True,1,4.899,True
direct-json,branch_wildcard,False,False,True,1,4.899,True
direct-json,branch_wildcard,False,False,True,1,4.899,True
direct-json,branch_wildcard,False,False,True,1,4.899,True
direct-json,branch_wildcard,False,False,True,1,4.899,True
direct-json,branch_wildcard,False,False,True,1,4.899,True
direct-json,branch_wildcard,False,False,True,1,4.899,True
direct-json,branch_wildcard,False,False,True,1,4.899,True
direct-json,branch_wildcard,False,False,True,1,4.899,True
direct-json,branch_wildcard,False,False,True,1,4.899,True
direct-json,branch_wildcard,False,False,True,1,4.899,True
direct-json,tag_as_prod,False,False,True,1,4.647,False
direct-json,tag_as_prod,False,False,True,1,4.647,True
direct-json,tag_as_prod,False,False,True,1,4.647,True
direct-json,tag_as_prod,False,False,True,1,4.647,True
direct-json,tag_as_prod,False,False,True,1,4.647,True
direct-json,tag_as_prod,False,False,True,1,4.647,True
direct-json,tag_as_prod,False,False,True,1,4.647,True
direct-json,tag_as_prod,False,False,True,1,4.647,True
direct-json,tag_as_prod,False,False,True,1,4.647,True
direct-json,tag_as_prod,False,False,True,1,4.647,True
direct-json,tag_as_prod,False,False,True,1,4.647,True
direct-json,tag_as_prod,False,False,True,1,4.647,True
direct-json,tag_as_prod,False,False,True,1,4.647,True
direct-json,tag_as_prod,False,False,True,1,4.647,True
direct-json,tag_as_prod,False,False,True,1,4.647,True
direct-json,tag_as_prod,False,False,True,1,4.647,True
direct-json,tag_as_prod,False,False,True,1,4.647,True
direct-json,tag_as_prod,False,False,True,1,4.647,True
direct-json,tag_as_prod,False,False,True,1,4.647,True
direct-json,tag_as_prod,False,False,True,1,4.647,True
direct-json,tag_as_prod,False,False,True,1,4.647,True
direct-json,tag_as_prod,False,False,True,1,4.647,True
direct-json,tag_as_prod,False,False,True,1,4.647,True
direct-json,tag_as_prod,False,False,True,1,4.647,True
direct-json,tag_as_prod,False,False,True,1,4.647,True
direct-json,tag_as_prod,False,False,True,1,4.647,True
direct-json,tag_as_prod,False,False,True,1,4.647,True
direct-json,tag_as_prod,False,False,True,1,4.647,True
direct-json,tag_as_prod,False,False,True,1,4.647,True
direct-json,tag_as_prod,False,False,True,1,4.647,True
direct-json,tag_as_prod,False,False,True,1,4.647,True
direct-json,tag_as_prod,False,False,True,1,4.647,True
direct-json,pull_request_exact,False,False,True,1,4.442,False
direct-json,pull_request_exact,False,False,True,1,4.442,True
direct-json,pull_request_exact,False,False,True,1,4.442,True
direct-json,pull_request_exact,False,False,True,1,4.442,True
direct-json,pull_request_exact,False,False,True,1,4.442,True
direct-json,pull_request_exact,False,False,True,1,4.442,True
direct-json,pull_request_exact,False,False,True,1,4.442,True
direct-json,pull_request_exact,False,False,True,1,4.442,True
direct-json,pull_request_exact,False,False,True,1,4.442,True
direct-json,pull_request_exact,False,False,True,1,4.442,True
direct-json,pull_request_exact,False,False,True,1,4.442,True
direct-json,pull_request_exact,False,False,True,1,4.442,True
direct-json,pull_request_exact,False,False,True,1,4.442,True
direct-json,pull_request_exact,False,False,True,1,4.442,True
direct-json,pull_request_exact,False,False,True,1,4.442,True
direct-json,pull_request_exact,False,False,True,1,4.442,True
direct-json,pull_request_exact,False,False,True,1,4.442,True
direct-json,pull_request_exact,False,False,True,1,4.442,True
direct-json,pull_request_exact,False,False,True,1,4.442,True
direct-json,pull_request_exact,False,False,True,1,4.442,True
direct-json,pull_request_exact,False,False,True,1,4.442,True
direct-json,pull_request_exact,False,False,True,1,4.442,True
direct-json,pull_request_exact,False,False,True,1,4.442,True
direct-json,pull_request_exact,False,False,True,1,4.442,True
direct-json,pull_request_exact,False,False,True,1,4.442,True
direct-json,pull_request_exact,False,False,True,1,4.442,True
direct-json,pull_request_exact,False,False,True,1,4.442,True
direct-json,pull_request_exact,False,False,True,1,4.442,True
direct-json,pull_request_exact,False,False,True,1,4.442,True
direct-json,pull_request_exact,False,False,True,1,4.442,True
direct-json,pull_request_exact,False,False,True,1,4.442,True
direct-json,pull_request_exact,False,False,True,1,4.442,True
direct-json,missing_subject,False,False,True,2,7.628,False
direct-json,missing_subject,False,False,True,2,7.628,True
direct-json,missing_subject,False,False,True,2,7.628,True
direct-json,missing_subject,False,False,True,2,7.628,True
direct-json,missing_subject,False,False,True,2,7.628,True
direct-json,missing_subject,False,False,True,2,7.628,True
direct-json,missing_subject,False,False,True,2,7.628,True
direct-json,missing_subject,False,False,True,2,7.628,True
direct-json,missing_subject,False,False,True,2,7.628,True
direct-json,missing_subject,False,False,True,2,7.628,True
direct-json,missing_subject,False,False,True,2,7.628,True
direct-json,missing_subject,False,False,True,2,7.628,True
direct-json,missing_subject,False,False,True,2,7.628,True
direct-json,missing_subject,False,False,True,2,7.628,True
direct-json,missing_subject,False,False,True,2,7.628,True
direct-json,missing_subject,False,False,True,2,7.628,True
direct-json,missing_subject,False,False,True,2,7.628,True
direct-json,missing_subject,False,False,True,2,7.628,True
direct-json,missing_subject,False,False,True,2,7.628,True
direct-json,missing_subject,False,False,True,2,7.628,True
direct-json,missing_subject,False,False,True,2,7.628,True
direct-json,missing_subject,False,False,True,2,7.628,True
direct-json,missing_subject,False,False,True,2,7.628,True
direct-json,missing_subject,False,False,True,2,7.628,True
direct-json,missing_subject,False,False,True,2,7.628,True
direct-json,missing_subject,False,False,True,2,7.628,True
direct-json,missing_subject,False,False,True,2,7.628,True
direct-json,missing_subject,False,False,True,2,7.628,True
direct-json,missing_subject,False,False,True,2,7.628,True
direct-json,missing_subject,False,False,True,2,7.628,True
direct-json,missing_subject,False,False,True,2,7.628,True
direct-json,missing_subject,False,False,True,2,7.628,True
direct-json,audience_wildcard,False,False,True,1,3.306,False
direct-json,audience_wildcard,False,False,True,1,3.306,True
direct-json,audience_wildcard,False,False,True,1,3.306,True
direct-json,audience_wildcard,False,False,True,1,3.306,True
direct-json,audience_wildcard,False,False,True,1,3.306,True
direct-json,audience_wildcard,False,False,True,1,3.306,True
direct-json,audience_wildcard,False,False,True,1,3.306,True
direct-json,audience_wildcard,False,False,True,1,3.306,True
direct-json,audience_wildcard,False,False,True,1,3.306,True
direct-json,audience_wildcard,False,False,True,1,3.306,True
direct-json,audience_wildcard,False,False,True,1,3.306,True
direct-json,audience_wildcard,False,False,True,1,3.306,True
direct-json,audience_wildcard,False,False,True,1,3.306,True
direct-json,audience_wildcard,False,False,True,1,3.306,True
direct-json,audience_wildcard,False,False,True,1,3.306,True
direct-json,audience_wildcard,False,False,True,1,3.306,True
direct-json,audience_wildcard,False,False,True,1,3.306,True
direct-json,audience_wildcard,False,False,True,1,3.306,True
direct-json,audience_wildcard,False,False,True,1,3.306,True
direct-json,audience_wildcard,False,False,True,1,3.306,True
direct-json,audience_wildcard,False,False,True,1,3.306,True
direct-json,audience_wildcard,False,False,True,1,3.306,True
direct-json,audience_wildcard,False,False,True,1,3.306,True
direct-json,audience_wildcard,False,False,True,1,3.306,True
direct-json,audience_wildcard,False,False,True,1,3.306,True
direct-json,audience_wildcard,False,False,True,1,3.306,True
direct-json,audience_wildcard,False,False,True,1,3.306,True
direct-json,audience_wildcard,False,False,True,1,3.306,True
direct-json,audience_wildcard,False,False,True,1,3.306,True
direct-json,audience_wildcard,False,False,True,1,3.306,True
direct-json,audience_wildcard,False,False,True,1,3.306,True
direct-json,audience_wildcard,False,False,True,1,3.306,True
direct-json,literal_star_audience,False,False,True,1,2.998,False
direct-json,literal_star_audience,False,False,True,1,2.998,True
direct-json,literal_star_audience,False,False,True,1,2.998,True
direct-json,literal_star_audience,False,False,True,1,2.998,True
direct-json,literal_star_audience,False,False,True,1,2.998,True
direct-json,literal_star_audience,False,False,True,1,2.998,True
direct-json,literal_star_audience,False,False,True,1,2.998,True
direct-json,literal_star_audience,False,False,True,1,2.998,True
direct-json,literal_star_audience,False,False,True,1,2.998,True
direct-json,literal_star_audience,False,False,True,1,2.998,True
direct-json,literal_star_audience,False,False,True,1,2.998,True
direct-json,literal_star_audience,False,False,True,1,2.998,True
direct-json,literal_star_audience,False,False,True,1,2.998,True
direct-json,literal_star_audience,False,False,True,1,2.998,True
direct-json,literal_star_audience,False,False,True,1,2.998,True
direct-json,literal_star_audience,False,False,True,1,2.998,True
direct-json,literal_star_audience,False,False,True,1,2.998,True
direct-json,literal_star_audience,False,False,True,1,2.998,True
direct-json,literal_star_audience,False,False,True,1,2.998,True
direct-json,literal_star_audience,False,False,True,1,2.998,True
direct-json,literal_star_audience,False,False,True,1,2.998,True
direct-json,literal_star_audience,False,False,True,1,2.998,True
direct-json,literal_star_audience,False,False,True,1,2.998,True
direct-json,literal_star_audience,False,False,True,1,2.998,True
direct-json,literal_star_audience,False,False,True,1,2.998,True
direct-json,literal_star_audience,False,False,True,1,2.998,True
direct-json,literal_star_audience,False,False,True,1,2.998,True
direct-json,literal_star_audience,False,False,True,1,2.998,True
direct-json,literal_star_audience,False,False,True,1,2.998,True
direct-json,literal_star_audience,False,False,True,1,2.998,True
direct-json,literal_star_audience,False,False,True,1,2.998,True
direct-json,literal_star_audience,False,False,True,1,2.998,True
direct-json,literal_question_audience,False,False,True,1,3.046,False
direct-json,literal_question_audience,False,False,True,1,3.046,True
direct-json,literal_question_audience,False,False,True,1,3.046,True
direct-json,literal_question_audience,False,False,True,1,3.046,True
direct-json,literal_question_audience,False,False,True,1,3.046,True
direct-json,literal_question_audience,False,False,True,1,3.046,True
direct-json,literal_question_audience,False,False,True,1,3.046,True
direct-json,literal_question_audience,False,False,True,1,3.046,True
direct-json,literal_question_audience,False,False,True,1,3.046,True
direct-json,literal_question_audience,False,False,True,1,3.046,True
direct-json,literal_question_audience,False,False,True,1,3.046,True
direct-json,literal_question_audience,False,False,True,1,3.046,True
direct-json,literal_question_audience,False,False,True,1,3.046,True
direct-json,literal_question_audience,False,False,True,1,3.046,True
direct-json,literal_question_audience,False,False,True,1,3.046,True
direct-json,literal_question_audience,False,False,True,1,3.046,True
direct-json,literal_question_audience,False,False,True,1,3.046,True
direct-json,literal_question_audience,False,False,True,1,3.046,True
direct-json,literal_question_audience,False,False,True,1,3.046,True
direct-json,literal_question_audience,False,False,True,1,3.046,True
direct-json,literal_question_audience,False,False,True,1,3.046,True
direct-json,literal_question_audience,False,False,True,1,3.046,True
direct-json,literal_question_audience,False,False,True,1,3.046,True
direct-json,literal_question_audience,False,False,True,1,3.046,True
direct-json,literal_question_audience,False,False,True,1,3.046,True
direct-json,literal_question_audience,False,False,True,1,3.046,True
direct-json,literal_question_audience,False,False,True,1,3.046,True
direct-json,literal_question_audience,False,False,True,1,3.046,True
direct-json,literal_question_audience,False,False,True,1,3.046,True
direct-json,literal_question_audience,False,False,True,1,3.046,True
direct-json,literal_question_audience,False,False,True,1,3.046,True
direct-json,literal_question_audience,False,False,True,1,3.046,True
direct-json,multi_statement_broad,False,False,True,1,7.274,False
direct-json,multi_statement_broad,False,False,True,1,7.274,True
direct-json,multi_statement_broad,False,False,True,1,7.274,True
direct-json,multi_statement_broad,False,False,True,1,7.274,True
direct-json,multi_statement_broad,False,False,True,1,7.274,True
direct-json,multi_statement_broad,False,False,True,1,7.274,True
direct-json,multi_statement_broad,False,False,True,1,7.274,True
direct-json,multi_statement_broad,False,False,True,1,7.274,True
direct-json,multi_statement_broad,False,False,True,1,7.274,True
direct-json,multi_statement_broad,False,False,True,1,7.274,True
direct-json,multi_statement_broad,False,False,True,1,7.274,True
direct-json,multi_statement_broad,False,False,True,1,7.274,True
direct-json,multi_statement_broad,False,False,True,1,7.274,True
direct-json,multi_statement_broad,False,False,True,1,7.274,True
direct-json,multi_statement_broad,False,False,True,1,7.274,True
direct-json,multi_statement_broad,False,False,True,1,7.274,True
direct-json,multi_statement_broad,False,False,True,1,7.274,True
direct-json,multi_statement_broad,False,False,True,1,7.274,True
direct-json,multi_statement_broad,False,False,True,1,7.274,True
direct-json,multi_statement_broad,False,False,True,1,7.274,True
direct-json,multi_statement_broad,False,False,True,1,7.274,True
direct-json,multi_statement_broad,False,False,True,1,7.274,True
direct-json,multi_statement_broad,False,False,True,1,7.274,True
direct-json,multi_statement_broad,False,False,True,1,7.274,True
direct-json,multi_statement_broad,False,False,True,1,7.274,True
direct-json,multi_statement_broad,False,False,True,1,7.274,True
direct-json,multi_statement_broad,False,False,True,1,7.274,True
direct-json,multi_statement_broad,False,False,True,1,7.274,True
direct-json,multi_statement_broad,False,False,True,1,7.274,True
direct-json,multi_statement_broad,False,False,True,1,7.274,True
direct-json,multi_statement_broad,False,False,True,1,7.274,True
direct-json,multi_statement_broad,False,False,True,1,7.274,True
direct-json,unprotected_environment,False,False,True,1,3.196,False
direct-json,unprotected_environment,False,False,True,1,3.196,True
direct-json,unprotected_environment,False,False,True,1,3.196,True
direct-json,unprotected_environment,False,False,True,1,3.196,True
direct-json,unprotected_environment,False,False,True,1,3.196,True
direct-json,unprotected_environment,False,False,True,1,3.196,True
direct-json,unprotected_environment,False,False,True,1,3.196,True
direct-json,unprotected_environment,False,False,True,1,3.196,True
direct-json,unprotected_environment,False,False,True,1,3.196,True
direct-json,unprotected_environment,False,False,True,1,3.196,True
direct-json,unprotected_environment,False,False,True,1,3.196,True
direct-json,unprotected_environment,False,False,True,1,3.196,True
direct-json,unprotected_environment,False,False,True,1,3.196,True
direct-json,unprotected_environment,False,False,True,1,3.196,True
direct-json,unprotected_environment,False,False,True,1,3.196,True
direct-json,unprotected_environment,False,False,True,1,3.196,True
direct-json,unprotected_environment,False,False,True,1,3.196,True
direct-json,unprotected_environment,False,False,True,1,3.196,True
direct-json,unprotected_environment,False,False,True,1,3.196,True
direct-json,unprotected_environment,False,False,True,1,3.196,True
direct-json,unprotected_environment,False,False,True,1,3.196,True
direct-json,unprotected_environment,False,False,True,1,3.196,True
direct-json,unprotected_environment,False,False,True,1,3.196,True
direct-json,unprotected_environment,False,False,True,1,3.196,True
direct-json,unprotected_environment,False,False,True,1,3.196,True
direct-json,unprotected_environment,False,False,True,1,3.196,True
direct-json,unprotected_environment,False,False,True,1,3.196,True
direct-json,unprotected_environment,False,False,True,1,3.196,True
direct-json,unprotected_environment,False,False,True,1,3.196,True
direct-json,unprotected_environment,False,False,True,1,3.196,True
direct-json,unprotected_environment,False,False,True,1,3.196,True
direct-json,unprotected_environment,False,False,True,1,3.196,True
direct-json,environment_wildcard,False,False,True,2,4.612,False
direct-json,environment_wildcard,False,False,True,2,4.612,True
direct-json,environment_wildcard,False,False,True,2,4.612,True
direct-json,environment_wildcard,False,False,True,2,4.612,True
direct-json,environment_wildcard,False,False,True,2,4.612,True
direct-json,environment_wildcard,False,False,True,2,4.612,True
direct-json,environment_wildcard,False,False,True,2,4.612,True
direct-json,environment_wildcard,False,False,True,2,4.612,True
direct-json,environment_wildcard,False,False,True,2,4.612,True
direct-json,environment_wildcard,False,False,True,2,4.612,True
direct-json,environment_wildcard,False,False,True,2,4.612,True
direct-json,environment_wildcard,False,False,True,2,4.612,True
direct-json,environment_wildcard,False,False,True,2,4.612,True
direct-json,environment_wildcard,False,False,True,2,4.612,True
direct-json,environment_wildcard,False,False,True,2,4.612,True
direct-json,environment_wildcard,False,False,True,2,4.612,True
direct-json,environment_wildcard,False,False,True,2,4.612,True
direct-json,environment_wildcard,False,False,True,2,4.612,True
direct-json,environment_wildcard,False,False,True,2,4.612,True
direct-json,environment_wildcard,False,False,True,2,4.612,True
direct-json,environment_wildcard,False,False,True,2,4.612,True
direct-json,environment_wildcard,False,False,True,2,4.612,True
direct-json,environment_wildcard,False,False,True,2,4.612,True
direct-json,environment_wildcard,False,False,True,2,4.612,True
direct-json,environment_wildcard,False,False,True,2,4.612,True
direct-json,environment_wildcard,False,False,True,2,4.612,True
direct-json,environment_wildcard,False,False,True,2,4.612,True
direct-json,environment_wildcard,False,False,True,2,4.612,True
direct-json,environment_wildcard,False,False,True,2,4.612,True
direct-json,environment_wildcard,False,False,True,2,4.612,True
direct-json,environment_wildcard,False,False,True,2,4.612,True
direct-json,environment_wildcard,False,False,True,2,4.612,True
direct-json,cross_repository_environment_governance,False,False,True,1,2.888,False
direct-json,cross_repository_environment_governance,False,False,True,1,2.888,True
direct-json,cross_repository_environment_governance,False,False,True,1,2.888,True
direct-json,cross_repository_environment_governance,False,False,True,1,2.888,True
direct-json,cross_repository_environment_governance,False,False,True,1,2.888,True
direct-json,cross_repository_environment_governance,False,False,True,1,2.888,True
direct-json,cross_repository_environment_governance,False,False,True,1,2.888,True
direct-json,cross_repository_environment_governance,False,False,True,1,2.888,True
direct-json,cross_repository_environment_governance,False,False,True,1,2.888,True
direct-json,cross_repository_environment_governance,False,False,True,1,2.888,True
direct-json,cross_repository_environment_governance,False,False,True,1,2.888,True
direct-json,cross_repository_environment_governance,False,False,True,1,2.888,True
direct-json,cross_repository_environment_governance,False,False,True,1,2.888,True
direct-json,cross_repository_environment_governance,False,False,True,1,2.888,True
direct-json,cross_repository_environment_governance,False,False,True,1,2.888,True
direct-json,cross_repository_environment_governance,False,False,True,1,2.888,True
direct-json,cross_repository_environment_governance,False,False,True,1,2.888,True
direct-json,cross_repository_environment_governance,False,False,True,1,2.888,True
direct-json,cross_repository_environment_governance,False,False,True,1,2.888,True
direct-json,cross_repository_environment_governance,False,False,True,1,2.888,True
direct-json,cross_repository_environment_governance,False,False,True,1,2.888,True
direct-json,cross_repository_environment_governance,False,False,True,1,2.888,True
direct-json,cross_repository_environment_governance,False,False,True,1,2.888,True
direct-json,cross_repository_environment_governance,False,False,True,1,2.888,True
direct-json,cross_repository_environment_governance,False,False,True,1,2.888,True
direct-json,cross_repository_environment_governance,False,False,True,1,2.888,True
direct-json,cross_repository_environment_governance,False,False,True,1,2.888,True
direct-json,cross_repository_environment_governance,False,False,True,1,2.888,True
direct-json,cross_repository_environment_governance,False,False,True,1,2.888,True
direct-json,cross_repository_environment_governance,False,False,True,1,2.888,True
direct-json,cross_repository_environment_governance,False,False,True,1,2.888,True
direct-json,cross_repository_environment_governance,False,False,True,1,2.888,True
direct-json,audience_list_broad,False,False,True,1,3.959,False
direct-json,audience_list_broad,False,False,True,1,3.959,True
direct-json,audience_list_broad,False,False,True,1,3.959,True
direct-json,audience_list_broad,False,False,True,1,3.959,True
direct-json,audience_list_broad,False,False,True,1,3.959,True
direct-json,audience_list_broad,False,False,True,1,3.959,True
direct-json,audience_list_broad,False,False,True,1,3.959,True
direct-json,audience_list_broad,False,False,True,1,3.959,True
direct-json,audience_list_broad,False,False,True,1,3.959,True
direct-json,audience_list_broad,False,False,True,1,3.959,True
direct-json,audience_list_broad,False,False,True,1,3.959,True
direct-json,audience_list_broad,False,False,True,1,3.959,True
direct-json,audience_list_broad,False,False,True,1,3.959,True
direct-json,audience_list_broad,False,False,True,1,3.959,True
direct-json,audience_list_broad,False,False,True,1,3.959,True
direct-json,audience_list_broad,False,False,True,1,3.959,True
direct-json,audience_list_broad,False,False,True,1,3.959,True
direct-json,audience_list_broad,False,False,True,1,3.959,True
direct-json,audience_list_broad,False,False,True,1,3.959,True
direct-json,audience_list_broad,False,False,True,1,3.959,True
direct-json,audience_list_broad,False,False,True,1,3.959,True
direct-json,audience_list_broad,False,False,True,1,3.959,True
direct-json,audience_list_broad,False,False,True,1,3.959,True
direct-json,audience_list_broad,False,False,True,1,3.959,True
direct-json,audience_list_broad,False,False,True,1,3.959,True
direct-json,audience_list_broad,False,False,True,1,3.959,True
direct-json,audience_list_broad,False,False,True,1,3.959,True
direct-json,audience_list_broad,False,False,True,1,3.959,True
direct-json,audience_list_broad,False,False,True,1,3.959,True
direct-json,audience_list_broad,False,False,True,1,3.959,True
direct-json,audience_list_broad,False,False,True,1,3.959,True
direct-json,audience_list_broad,False,False,True,1,3.959,True
direct-json,repo_prefix_typo,False,False,True,1,8.459,False
direct-json,repo_prefix_typo,False,False,True,1,8.459,True
direct-json,repo_prefix_typo,False,False,True,1,8.459,True
direct-json,repo_prefix_typo,False,False,True,1,8.459,True
direct-json,repo_prefix_typo,False,False,True,1,8.459,True
direct-json,repo_prefix_typo,False,False,True,1,8.459,True
direct-json,repo_prefix_typo,False,False,True,1,8.459,True
direct-json,repo_prefix_typo,False,False,True,1,8.459,True
direct-json,repo_prefix_typo,False,False,True,1,8.459,True
direct-json,repo_prefix_typo,False,False,True,1,8.459,True
direct-json,repo_prefix_typo,False,False,True,1,8.459,True
direct-json,repo_prefix_typo,False,False,True,1,8.459,True
direct-json,repo_prefix_typo,False,False,True,1,8.459,True
direct-json,repo_prefix_typo,False,False,True,1,8.459,True
direct-json,repo_prefix_typo,False,False,True,1,8.459,True
direct-json,repo_prefix_typo,False,False,True,1,8.459,True
direct-json,repo_prefix_typo,False,False,True,1,8.459,True
direct-json,repo_prefix_typo,False,False,True,1,8.459,True
direct-json,repo_prefix_typo,False,False,True,1,8.459,True
direct-json,repo_prefix_typo,False,False,True,1,8.459,True
direct-json,repo_prefix_typo,False,False,True,1,8.459,True
direct-json,repo_prefix_typo,False,False,True,1,8.459,True
direct-json,repo_prefix_typo,False,False,True,1,8.459,True
direct-json,repo_prefix_typo,False,False,True,1,8.459,True
direct-json,repo_prefix_typo,False,False,True,1,8.459,True
direct-json,repo_prefix_typo,False,False,True,1,8.459,True
direct-json,repo_prefix_typo,False,False,True,1,8.459,True
direct-json,repo_prefix_typo,False,False,True,1,8.459,True
direct-json,repo_prefix_typo,False,False,True,1,8.459,True
direct-json,repo_prefix_typo,False,False,True,1,8.459,True
direct-json,repo_prefix_typo,False,False,True,1,8.459,True
direct-json,repo_prefix_typo,False,False,True,1,8.459,True
direct-json,mixed_env_and_branch_broad,False,False,True,1,7.129,False
direct-json,mixed_env_and_branch_broad,False,False,True,1,7.129,True
direct-json,mixed_env_and_branch_broad,False,False,True,1,7.129,True
direct-json,mixed_env_and_branch_broad,False,False,True,1,7.129,True
direct-json,mixed_env_and_branch_broad,False,False,True,1,7.129,True
direct-json,mixed_env_and_branch_broad,False,False,True,1,7.129,True
direct-json,mixed_env_and_branch_broad,False,False,True,1,7.129,True
direct-json,mixed_env_and_branch_broad,False,False,True,1,7.129,True
direct-json,mixed_env_and_branch_broad,False,False,True,1,7.129,True
direct-json,mixed_env_and_branch_broad,False,False,True,1,7.129,True
direct-json,mixed_env_and_branch_broad,False,False,True,1,7.129,True
direct-json,mixed_env_and_branch_broad,False,False,True,1,7.129,True
direct-json,mixed_env_and_branch_broad,False,False,True,1,7.129,True
direct-json,mixed_env_and_branch_broad,False,False,True,1,7.129,True
direct-json,mixed_env_and_branch_broad,False,False,True,1,7.129,True
direct-json,mixed_env_and_branch_broad,False,False,True,1,7.129,True
direct-json,mixed_env_and_branch_broad,False,False,True,1,7.129,True
direct-json,mixed_env_and_branch_broad,False,False,True,1,7.129,True
direct-json,mixed_env_and_branch_broad,False,False,True,1,7.129,True
direct-json,mixed_env_and_branch_broad,False,False,True,1,7.129,True
direct-json,mixed_env_and_branch_broad,False,False,True,1,7.129,True
direct-json,mixed_env_and_branch_broad,False,False,True,1,7.129,True
direct-json,mixed_env_and_branch_broad,False,False,True,1,7.129,True
direct-json,mixed_env_and_branch_broad,False,False,True,1,7.129,True
direct-json,mixed_env_and_branch_broad,False,False,True,1,7.129,True
direct-json,mixed_env_and_branch_broad,False,False,True,1,7.129,True
direct-json,mixed_env_and_branch_broad,False,False,True,1,7.129,True
direct-json,mixed_env_and_branch_broad,False,False,True,1,7.129,True
direct-json,mixed_env_and_branch_broad,False,False,True,1,7.129,True
direct-json,mixed_env_and_branch_broad,False,False,True,1,7.129,True
direct-json,mixed_env_and_branch_broad,False,False,True,1,7.129,True
direct-json,mixed_env_and_branch_broad,False,False,True,1,7.129,True
direct-json,conjunctive_ref_broad,False,False,True,1,6.673,False
direct-json,conjunctive_ref_broad,False,False,True,1,6.673,True
direct-json,conjunctive_ref_broad,False,False,True,1,6.673,True
direct-json,conjunctive_ref_broad,False,False,True,1,6.673,True
direct-json,conjunctive_ref_broad,False,False,True,1,6.673,True
direct-json,conjunctive_ref_broad,False,False,True,1,6.673,True
direct-json,conjunctive_ref_broad,False,False,True,1,6.673,True
direct-json,conjunctive_ref_broad,False,False,True,1,6.673,True
direct-json,conjunctive_ref_broad,False,False,True,1,6.673,True
direct-json,conjunctive_ref_broad,False,False,True,1,6.673,True
direct-json,conjunctive_ref_broad,False,False,True,1,6.673,True
direct-json,conjunctive_ref_broad,False,False,True,1,6.673,True
direct-json,conjunctive_ref_broad,False,False,True,1,6.673,True
direct-json,conjunctive_ref_broad,False,False,True,1,6.673,True
direct-json,conjunctive_ref_broad,False,False,True,1,6.673,True
direct-json,conjunctive_ref_broad,False,False,True,1,6.673,True
direct-json,conjunctive_ref_broad,False,False,True,1,6.673,True
direct-json,conjunctive_ref_broad,False,False,True,1,6.673,True
direct-json,conjunctive_ref_broad,False,False,True,1,6.673,True
direct-json,conjunctive_ref_broad,False,False,True,1,6.673,True
direct-json,conjunctive_ref_broad,False,False,True,1,6.673,True
direct-json,conjunctive_ref_broad,False,False,True,1,6.673,True
direct-json,conjunctive_ref_broad,False,False,True,1,6.673,True
direct-json,conjunctive_ref_broad,False,False,True,1,6.673,True
direct-json,conjunctive_ref_broad,False,False,True,1,6.673,True
direct-json,conjunctive_ref_broad,False,False,True,1,6.673,True
direct-json,conjunctive_ref_broad,False,False,True,1,6.673,True
direct-json,conjunctive_ref_broad,False,False,True,1,6.673,True
direct-json,conjunctive_ref_broad,False,False,True,1,6.673,True
direct-json,conjunctive_ref_broad,False,False,True,1,6.673,True
direct-json,conjunctive_ref_broad,False,False,True,1,6.673,True
direct-json,conjunctive_ref_broad,False,False,True,1,6.673,True
direct-json,unsupported_deny_cannot_discharge,False,False,True,1,5.199,False
direct-json,unsupported_deny_cannot_discharge,False,False,True,1,5.199,True
direct-json,unsupported_deny_cannot_discharge,False,False,True,1,5.199,True
direct-json,unsupported_deny_cannot_discharge,False,False,True,1,5.199,True
direct-json,unsupported_deny_cannot_discharge,False,False,True,1,5.199,True
direct-json,unsupported_deny_cannot_discharge,False,False,True,1,5.199,True
direct-json,unsupported_deny_cannot_discharge,False,False,True,1,5.199,True
direct-json,unsupported_deny_cannot_discharge,False,False,True,1,5.199,True
direct-json,unsupported_deny_cannot_discharge,False,False,True,1,5.199,True
direct-json,unsupported_deny_cannot_discharge,False,False,True,1,5.199,True
direct-json,unsupported_deny_cannot_discharge,False,False,True,1,5.199,True
direct-json,unsupported_deny_cannot_discharge,False,False,True,1,5.199,True
direct-json,unsupported_deny_cannot_discharge,False,False,True,1,5.199,True
direct-json,unsupported_deny_cannot_discharge,False,False,True,1,5.199,True
direct-json,unsupported_deny_cannot_discharge,False,False,True,1,5.199,True
direct-json,unsupported_deny_cannot_discharge,False,False,True,1,5.199,True
direct-json,unsupported_deny_cannot_discharge,False,False,True,1,5.199,True
direct-json,unsupported_deny_cannot_discharge,False,False,True,1,5.199,True
direct-json,unsupported_deny_cannot_discharge,False,False,True,1,5.199,True
direct-json,unsupported_deny_cannot_discharge,False,False,True,1,5.199,True
direct-json,unsupported_deny_cannot_discharge,False,False,True,1,5.199,True
direct-json,unsupported_deny_cannot_discharge,False,False,True,1,5.199,True
direct-json,unsupported_deny_cannot_discharge,False,False,True,1,5.199,True
direct-json,unsupported_deny_cannot_discharge,False,False,True,1,5.199,True
direct-json,unsupported_deny_cannot_discharge,False,False,True,1,5.199,True
direct-json,unsupported_deny_cannot_discharge,False,False,True,1,5.199,True
direct-json,unsupported_deny_cannot_discharge,False,False,True,1,5.199,True
direct-json,unsupported_deny_cannot_discharge,False,False,True,1,5.199,True
direct-json,unsupported_deny_cannot_discharge,False,False,True,1,5.199,True
direct-json,unsupported_deny_cannot_discharge,False,False,True,1,5.199,True
direct-json,unsupported_deny_cannot_discharge,False,False,True,1,5.199,True
direct-json,unsupported_deny_cannot_discharge,False,False,True,1,5.199,True
direct-json,safe_deny_narrowing,True,True,True,0,3.346,False
direct-json,safe_deny_narrowing,True,True,True,0,3.346,True
direct-json,safe_deny_narrowing,True,True,True,0,3.346,True
direct-json,safe_deny_narrowing,True,True,True,0,3.346,True
direct-json,safe_deny_narrowing,True,True,True,0,3.346,True
direct-json,safe_deny_narrowing,True,True,True,0,3.346,True
direct-json,safe_deny_narrowing,True,True,True,0,3.346,True
direct-json,safe_deny_narrowing,True,True,True,0,3.346,True
direct-json,safe_deny_narrowing,True,True,True,0,3.346,True
direct-json,safe_deny_narrowing,True,True,True,0,3.346,True
direct-json,safe_deny_narrowing,True,True,True,0,3.346,True
direct-json,safe_deny_narrowing,True,True,True,0,3.346,True
direct-json,safe_deny_narrowing,True,True,True,0,3.346,True
direct-json,safe_deny_narrowing,True,True,True,0,3.346,True
direct-json,safe_deny_narrowing,True,True,True,0,3.346,True
direct-json,safe_deny_narrowing,True,True,True,0,3.346,True
direct-json,safe_deny_narrowing,True,True,True,0,3.346,True
direct-json,safe_deny_narrowing,True,True,True,0,3.346,True
direct-json,safe_deny_narrowing,True,True,True,0,3.346,True
direct-json,safe_deny_narrowing,True,True,True,0,3.346,True
direct-json,safe_deny_narrowing,True,True,True,0,3.346,True
direct-json,safe_deny_narrowing,True,True,True,0,3.346,True
direct-json,safe_deny_narrowing,True,True,True,0,3.346,True
direct-json,safe_deny_narrowing,True,True,True,0,3.346,True
direct-json,safe_deny_narrowing,True,True,True,0,3.346,True
direct-json,safe_deny_narrowing,True,True,True,0,3.346,True
direct-json,safe_deny_narrowing,True,True,True,0,3.346,True
direct-json,safe_deny_narrowing,True,True,True,0,3.346,True
direct-json,safe_deny_narrowing,True,True,True,0,3.346,True
direct-json,safe_deny_narrowing,True,True,True,0,3.346,True
direct-json,safe_deny_narrowing,True,True,True,0,3.346,True
direct-json,safe_deny_narrowing,True,True,True,0,3.346,True
direct-json,unqualified_claim_keys,False,False,True,5,7.301,False
direct-json,unqualified_claim_keys,False,False,True,5,7.301,True
direct-json,unqualified_claim_keys,False,False,True,5,7.301,True
direct-json,unqualified_claim_keys,False,False,True,5,7.301,True
direct-json,unqualified_claim_keys,False,False,True,5,7.301,True
direct-json,unqualified_claim_keys,False,False,True,5,7.301,True
direct-json,unqualified_claim_keys,False,False,True,5,7.301,True
direct-json,unqualified_claim_keys,False,False,True,5,7.301,True
direct-json,unqualified_claim_keys,False,False,True,5,7.301,True
direct-json,unqualified_claim_keys,False,False,True,5,7.301,True
direct-json,unqualified_claim_keys,False,False,True,5,7.301,True
direct-json,unqualified_claim_keys,False,False,True,5,7.301,True
direct-json,unqualified_claim_keys,False,False,True,5,7.301,True
direct-json,unqualified_claim_keys,False,False,True,5,7.301,True
direct-json,unqualified_claim_keys,False,False,True,5,7.301,True
direct-json,unqualified_claim_keys,False,False,True,5,7.301,True
direct-json,unqualified_claim_keys,False,False,True,5,7.301,True
direct-json,unqualified_claim_keys,False,False,True,5,7.301,True
direct-json,unqualified_claim_keys,False,False,True,5,7.301,True
direct-json,unqualified_claim_keys,False,False,True,5,7.301,True
direct-json,unqualified_claim_keys,False,False,True,5,7.301,True
direct-json,unqualified_claim_keys,False,False,True,5,7.301,True
direct-json,unqualified_claim_keys,False,False,True,5,7.301,True
direct-json,unqualified_claim_keys,False,False,True,5,7.301,True
direct-json,unqualified_claim_keys,False,False,True,5,7.301,True
direct-json,unqualified_claim_keys,False,False,True,5,7.301,True
direct-json,unqualified_claim_keys,False,False,True,5,7.301,True
direct-json,unqualified_claim_keys,False,False,True,5,7.301,True
direct-json,unqualified_claim_keys,False,False,True,5,7.301,True
direct-json,unqualified_claim_keys,False,False,True,5,7.301,True
direct-json,unqualified_claim_keys,False,False,True,5,7.301,True
direct-json,unqualified_claim_keys,False,False,True,5,7.301,True
direct-json,substring_principal,False,False,True,1,0.73,False
direct-json,substring_principal,False,False,True,1,0.73,True
direct-json,substring_principal,False,False,True,1,0.73,True
direct-json,substring_principal,False,False,True,1,0.73,True
direct-json,substring_principal,False,False,True,1,0.73,True
direct-json,substring_principal,False,False,True,1,0.73,True
direct-json,substring_principal,False,False,True,1,0.73,True
direct-json,substring_principal,False,False,True,1,0.73,True
direct-json,substring_principal,False,False,True,1,0.73,True
direct-json,substring_principal,False,False,True,1,0.73,True
direct-json,substring_principal,False,False,True,1,0.73,True
direct-json,substring_principal,False,False,True,1,0.73,True
direct-json,substring_principal,False,False,True,1,0.73,True
direct-json,substring_principal,False,False,True,1,0.73,True
direct-json,substring_principal,False,False,True,1,0.73,True
direct-json,substring_principal,False,False,True,1,0.73,True
direct-json,substring_principal,False,False,True,1,0.73,True
direct-json,substring_principal,False,False,True,1,0.73,True
direct-json,substring_principal,False,False,True,1,0.73,True
direct-json,substring_principal,False,False,True,1,0.73,True
direct-json,substring_principal,False,False,True,1,0.73,True
direct-json,substring_principal,False,False,True,1,0.73,True
direct-json,substring_principal,False,False,True,1,0.73,True
direct-json,substring_principal,False,False,True,1,0.73,True
direct-json,substring_principal,False,False,True,1,0.73,True
direct-json,substring_principal,False,False,True,1,0.73,True
direct-json,substring_principal,False,False,True,1,0.73,True
direct-json,substring_principal,False,False,True,1,0.73,True
direct-json,substring_principal,False,False,True,1,0.73,True
direct-json,substring_principal,False,False,True,1,0.73,True
direct-json,substring_principal,False,False,True,1,0.73,True
direct-json,substring_principal,False,False,True,1,0.73,True
direct-json,non_github_principal,False,False,True,1,0.726,False
direct-json,non_github_principal,False,False,True,1,0.726,True
direct-json,non_github_principal,False,False,True,1,0.726,True
direct-json,non_github_principal,False,False,True,1,0.726,True
direct-json,non_github_principal,False,False,True,1,0.726,True
direct-json,non_github_principal,False,False,True,1,0.726,True
direct-json,non_github_principal,False,False,True,1,0.726,True
direct-json,non_github_principal,False,False,True,1,0.726,True
direct-json,non_github_principal,False,False,True,1,0.726,True
direct-json,non_github_principal,False,False,True,1,0.726,True
direct-json,non_github_principal,False,False,True,1,0.726,True
direct-json,non_github_principal,False,False,True,1,0.726,True
direct-json,non_github_principal,False,False,True,1,0.726,True
direct-json,non_github_principal,False,False,True,1,0.726,True
direct-json,non_github_principal,False,False,True,1,0.726,True
direct-json,non_github_principal,False,False,True,1,0.726,True
direct-json,non_github_principal,False,False,True,1,0.726,True
direct-json,non_github_principal,False,False,True,1,0.726,True
direct-json,non_github_principal,False,False,True,1,0.726,True
direct-json,non_github_principal,False,False,True,1,0.726,True
direct-json,non_github_principal,False,False,True,1,0.726,True
direct-json,non_github_principal,False,False,True,1,0.726,True
direct-json,non_github_principal,False,False,True,1,0.726,True
direct-json,non_github_principal,False,False,True,1,0.726,True
direct-json,non_github_principal,False,False,True,1,0.726,True
direct-json,non_github_principal,False,False,True,1,0.726,True
direct-json,non_github_principal,False,False,True,1,0.726,True
direct-json,non_github_principal,False,False,True,1,0.726,True
direct-json,non_github_principal,False,False,True,1,0.726,True
direct-json,non_github_principal,False,False,True,1,0.726,True
direct-json,non_github_principal,False,False,True,1,0.726,True
direct-json,non_github_principal,False,False,True,1,0.726,True
terraform-json,safe_exact_branch,True,True,True,0,3.237,False
terraform-json,safe_exact_branch,True,True,True,0,3.237,True
terraform-json,safe_exact_branch,True,True,True,0,3.237,True
terraform-json,safe_exact_branch,True,True,True,0,3.237,True
terraform-json,safe_exact_branch,True,True,True,0,3.237,True
terraform-json,safe_exact_branch,True,True,True,0,3.237,True
terraform-json,safe_exact_branch,True,True,True,0,3.237,True
terraform-json,safe_exact_branch,True,True,True,0,3.237,True
terraform-json,safe_exact_branch,True,True,True,0,3.237,True
terraform-json,safe_exact_branch,True,True,True,0,3.237,True
terraform-json,safe_exact_branch,True,True,True,0,3.237,True
terraform-json,safe_exact_branch,True,True,True,0,3.237,True
terraform-json,safe_exact_branch,True,True,True,0,3.237,True
terraform-json,safe_exact_branch,True,True,True,0,3.237,True
terraform-json,safe_exact_branch,True,True,True,0,3.237,True
terraform-json,safe_exact_branch,True,True,True,0,3.237,True
terraform-json,safe_exact_branch,True,True,True,0,3.237,True
terraform-json,safe_exact_branch,True,True,True,0,3.237,True
terraform-json,safe_exact_branch,True,True,True,0,3.237,True
terraform-json,safe_exact_branch,True,True,True,0,3.237,True
terraform-json,safe_exact_branch,True,True,True,0,3.237,True
terraform-json,safe_exact_branch,True,True,True,0,3.237,True
terraform-json,safe_exact_branch,True,True,True,0,3.237,True
terraform-json,safe_exact_branch,True,True,True,0,3.237,True
terraform-json,safe_exact_branch,True,True,True,0,3.237,True
terraform-json,safe_exact_branch,True,True,True,0,3.237,True
terraform-json,safe_exact_branch,True,True,True,0,3.237,True
terraform-json,safe_exact_branch,True,True,True,0,3.237,True
terraform-json,safe_exact_branch,True,True,True,0,3.237,True
terraform-json,safe_exact_branch,True,True,True,0,3.237,True
terraform-json,safe_exact_branch,True,True,True,0,3.237,True
terraform-json,safe_exact_branch,True,True,True,0,3.237,True
terraform-json,safe_release_tags,True,True,True,0,4.514,False
terraform-json,safe_release_tags,True,True,True,0,4.514,True
terraform-json,safe_release_tags,True,True,True,0,4.514,True
terraform-json,safe_release_tags,True,True,True,0,4.514,True
terraform-json,safe_release_tags,True,True,True,0,4.514,True
terraform-json,safe_release_tags,True,True,True,0,4.514,True
terraform-json,safe_release_tags,True,True,True,0,4.514,True
terraform-json,safe_release_tags,True,True,True,0,4.514,True
terraform-json,safe_release_tags,True,True,True,0,4.514,True
terraform-json,safe_release_tags,True,True,True,0,4.514,True
terraform-json,safe_release_tags,True,True,True,0,4.514,True
terraform-json,safe_release_tags,True,True,True,0,4.514,True
terraform-json,safe_release_tags,True,True,True,0,4.514,True
terraform-json,safe_release_tags,True,True,True,0,4.514,True
terraform-json,safe_release_tags,True,True,True,0,4.514,True
terraform-json,safe_release_tags,True,True,True,0,4.514,True
terraform-json,safe_release_tags,True,True,True,0,4.514,True
terraform-json,safe_release_tags,True,True,True,0,4.514,True
terraform-json,safe_release_tags,True,True,True,0,4.514,True
terraform-json,safe_release_tags,True,True,True,0,4.514,True
terraform-json,safe_release_tags,True,True,True,0,4.514,True
terraform-json,safe_release_tags,True,True,True,0,4.514,True
terraform-json,safe_release_tags,True,True,True,0,4.514,True
terraform-json,safe_release_tags,True,True,True,0,4.514,True
terraform-json,safe_release_tags,True,True,True,0,4.514,True
terraform-json,safe_release_tags,True,True,True,0,4.514,True
terraform-json,safe_release_tags,True,True,True,0,4.514,True
terraform-json,safe_release_tags,True,True,True,0,4.514,True
terraform-json,safe_release_tags,True,True,True,0,4.514,True
terraform-json,safe_release_tags,True,True,True,0,4.514,True
terraform-json,safe_release_tags,True,True,True,0,4.514,True
terraform-json,safe_release_tags,True,True,True,0,4.514,True
terraform-json,safe_protected_environment,True,True,True,0,2.807,False
terraform-json,safe_protected_environment,True,True,True,0,2.807,True
terraform-json,safe_protected_environment,True,True,True,0,2.807,True
terraform-json,safe_protected_environment,True,True,True,0,2.807,True
terraform-json,safe_protected_environment,True,True,True,0,2.807,True
terraform-json,safe_protected_environment,True,True,True,0,2.807,True
terraform-json,safe_protected_environment,True,True,True,0,2.807,True
terraform-json,safe_protected_environment,True,True,True,0,2.807,True
terraform-json,safe_protected_environment,True,True,True,0,2.807,True
terraform-json,safe_protected_environment,True,True,True,0,2.807,True
terraform-json,safe_protected_environment,True,True,True,0,2.807,True
terraform-json,safe_protected_environment,True,True,True,0,2.807,True
terraform-json,safe_protected_environment,True,True,True,0,2.807,True
terraform-json,safe_protected_environment,True,True,True,0,2.807,True
terraform-json,safe_protected_environment,True,True,True,0,2.807,True
terraform-json,safe_protected_environment,True,True,True,0,2.807,True
terraform-json,safe_protected_environment,True,True,True,0,2.807,True
terraform-json,safe_protected_environment,True,True,True,0,2.807,True
terraform-json,safe_protected_environment,True,True,True,0,2.807,True
terraform-json,safe_protected_environment,True,True,True,0,2.807,True
terraform-json,safe_protected_environment,True,True,True,0,2.807,True
terraform-json,safe_protected_environment,True,True,True,0,2.807,True
terraform-json,safe_protected_environment,True,True,True,0,2.807,True
terraform-json,safe_protected_environment,True,True,True,0,2.807,True
terraform-json,safe_protected_environment,True,True,True,0,2.807,True
terraform-json,safe_protected_environment,True,True,True,0,2.807,True
terraform-json,safe_protected_environment,True,True,True,0,2.807,True
terraform-json,safe_protected_environment,True,True,True,0,2.807,True
terraform-json,safe_protected_environment,True,True,True,0,2.807,True
terraform-json,safe_protected_environment,True,True,True,0,2.807,True
terraform-json,safe_protected_environment,True,True,True,0,2.807,True
terraform-json,safe_protected_environment,True,True,True,0,2.807,True
terraform-json,safe_two_release_branches,True,True,True,0,3.447,False
terraform-json,safe_two_release_branches,True,True,True,0,3.447,True
terraform-json,safe_two_release_branches,True,True,True,0,3.447,True
terraform-json,safe_two_release_branches,True,True,True,0,3.447,True
terraform-json,safe_two_release_branches,True,True,True,0,3.447,True
terraform-json,safe_two_release_branches,True,True,True,0,3.447,True
terraform-json,safe_two_release_branches,True,True,True,0,3.447,True
terraform-json,safe_two_release_branches,True,True,True,0,3.447,True
terraform-json,safe_two_release_branches,True,True,True,0,3.447,True
terraform-json,safe_two_release_branches,True,True,True,0,3.447,True
terraform-json,safe_two_release_branches,True,True,True,0,3.447,True
terraform-json,safe_two_release_branches,True,True,True,0,3.447,True
terraform-json,safe_two_release_branches,True,True,True,0,3.447,True
terraform-json,safe_two_release_branches,True,True,True,0,3.447,True
terraform-json,safe_two_release_branches,True,True,True,0,3.447,True
terraform-json,safe_two_release_branches,True,True,True,0,3.447,True
terraform-json,safe_two_release_branches,True,True,True,0,3.447,True
terraform-json,safe_two_release_branches,True,True,True,0,3.447,True
terraform-json,safe_two_release_branches,True,True,True,0,3.447,True
terraform-json,safe_two_release_branches,True,True,True,0,3.447,True
terraform-json,safe_two_release_branches,True,True,True,0,3.447,True
terraform-json,safe_two_release_branches,True,True,True,0,3.447,True
terraform-json,safe_two_release_branches,True,True,True,0,3.447,True
terraform-json,safe_two_release_branches,True,True,True,0,3.447,True
terraform-json,safe_two_release_branches,True,True,True,0,3.447,True
terraform-json,safe_two_release_branches,True,True,True,0,3.447,True
terraform-json,safe_two_release_branches,True,True,True,0,3.447,True
terraform-json,safe_two_release_branches,True,True,True,0,3.447,True
terraform-json,safe_two_release_branches,True,True,True,0,3.447,True
terraform-json,safe_two_release_branches,True,True,True,0,3.447,True
terraform-json,safe_two_release_branches,True,True,True,0,3.447,True
terraform-json,safe_two_release_branches,True,True,True,0,3.447,True
terraform-json,safe_dual_audience,True,True,True,0,3.098,False
terraform-json,safe_dual_audience,True,True,True,0,3.098,True
terraform-json,safe_dual_audience,True,True,True,0,3.098,True
terraform-json,safe_dual_audience,True,True,True,0,3.098,True
terraform-json,safe_dual_audience,True,True,True,0,3.098,True
terraform-json,safe_dual_audience,True,True,True,0,3.098,True
terraform-json,safe_dual_audience,True,True,True,0,3.098,True
terraform-json,safe_dual_audience,True,True,True,0,3.098,True
terraform-json,safe_dual_audience,True,True,True,0,3.098,True
terraform-json,safe_dual_audience,True,True,True,0,3.098,True
terraform-json,safe_dual_audience,True,True,True,0,3.098,True
terraform-json,safe_dual_audience,True,True,True,0,3.098,True
terraform-json,safe_dual_audience,True,True,True,0,3.098,True
terraform-json,safe_dual_audience,True,True,True,0,3.098,True
terraform-json,safe_dual_audience,True,True,True,0,3.098,True
terraform-json,safe_dual_audience,True,True,True,0,3.098,True
terraform-json,safe_dual_audience,True,True,True,0,3.098,True
terraform-json,safe_dual_audience,True,True,True,0,3.098,True
terraform-json,safe_dual_audience,True,True,True,0,3.098,True
terraform-json,safe_dual_audience,True,True,True,0,3.098,True
terraform-json,safe_dual_audience,True,True,True,0,3.098,True
terraform-json,safe_dual_audience,True,True,True,0,3.098,True
terraform-json,safe_dual_audience,True,True,True,0,3.098,True
terraform-json,safe_dual_audience,True,True,True,0,3.098,True
terraform-json,safe_dual_audience,True,True,True,0,3.098,True
terraform-json,safe_dual_audience,True,True,True,0,3.098,True
terraform-json,safe_dual_audience,True,True,True,0,3.098,True
terraform-json,safe_dual_audience,True,True,True,0,3.098,True
terraform-json,safe_dual_audience,True,True,True,0,3.098,True
terraform-json,safe_dual_audience,True,True,True,0,3.098,True
terraform-json,safe_dual_audience,True,True,True,0,3.098,True
terraform-json,safe_dual_audience,True,True,True,0,3.098,True
terraform-json,safe_split_statements,True,True,True,0,6.755,False
terraform-json,safe_split_statements,True,True,True,0,6.755,True
terraform-json,safe_split_statements,True,True,True,0,6.755,True
terraform-json,safe_split_statements,True,True,True,0,6.755,True
terraform-json,safe_split_statements,True,True,True,0,6.755,True
terraform-json,safe_split_statements,True,True,True,0,6.755,True
terraform-json,safe_split_statements,True,True,True,0,6.755,True
terraform-json,safe_split_statements,True,True,True,0,6.755,True
terraform-json,safe_split_statements,True,True,True,0,6.755,True
terraform-json,safe_split_statements,True,True,True,0,6.755,True
terraform-json,safe_split_statements,True,True,True,0,6.755,True
terraform-json,safe_split_statements,True,True,True,0,6.755,True
terraform-json,safe_split_statements,True,True,True,0,6.755,True
terraform-json,safe_split_statements,True,True,True,0,6.755,True
terraform-json,safe_split_statements,True,True,True,0,6.755,True
terraform-json,safe_split_statements,True,True,True,0,6.755,True
terraform-json,safe_split_statements,True,True,True,0,6.755,True
terraform-json,safe_split_statements,True,True,True,0,6.755,True
terraform-json,safe_split_statements,True,True,True,0,6.755,True
terraform-json,safe_split_statements,True,True,True,0,6.755,True
terraform-json,safe_split_statements,True,True,True,0,6.755,True
terraform-json,safe_split_statements,True,True,True,0,6.755,True
terraform-json,safe_split_statements,True,True,True,0,6.755,True
terraform-json,safe_split_statements,True,True,True,0,6.755,True
terraform-json,safe_split_statements,True,True,True,0,6.755,True
terraform-json,safe_split_statements,True,True,True,0,6.755,True
terraform-json,safe_split_statements,True,True,True,0,6.755,True
terraform-json,safe_split_statements,True,True,True,0,6.755,True
terraform-json,safe_split_statements,True,True,True,0,6.755,True
terraform-json,safe_split_statements,True,True,True,0,6.755,True
terraform-json,safe_split_statements,True,True,True,0,6.755,True
terraform-json,safe_split_statements,True,True,True,0,6.755,True
terraform-json,safe_conjunctive_refinement,True,True,True,0,5.462,False
terraform-json,safe_conjunctive_refinement,True,True,True,0,5.462,True
terraform-json,safe_conjunctive_refinement,True,True,True,0,5.462,True
terraform-json,safe_conjunctive_refinement,True,True,True,0,5.462,True
terraform-json,safe_conjunctive_refinement,True,True,True,0,5.462,True
terraform-json,safe_conjunctive_refinement,True,True,True,0,5.462,True
terraform-json,safe_conjunctive_refinement,True,True,True,0,5.462,True
terraform-json,safe_conjunctive_refinement,True,True,True,0,5.462,True
terraform-json,safe_conjunctive_refinement,True,True,True,0,5.462,True
terraform-json,safe_conjunctive_refinement,True,True,True,0,5.462,True
terraform-json,safe_conjunctive_refinement,True,True,True,0,5.462,True
terraform-json,safe_conjunctive_refinement,True,True,True,0,5.462,True
terraform-json,safe_conjunctive_refinement,True,True,True,0,5.462,True
terraform-json,safe_conjunctive_refinement,True,True,True,0,5.462,True
terraform-json,safe_conjunctive_refinement,True,True,True,0,5.462,True
terraform-json,safe_conjunctive_refinement,True,True,True,0,5.462,True
terraform-json,safe_conjunctive_refinement,True,True,True,0,5.462,True
terraform-json,safe_conjunctive_refinement,True,True,True,0,5.462,True
terraform-json,safe_conjunctive_refinement,True,True,True,0,5.462,True
terraform-json,safe_conjunctive_refinement,True,True,True,0,5.462,True
terraform-json,safe_conjunctive_refinement,True,True,True,0,5.462,True
terraform-json,safe_conjunctive_refinement,True,True,True,0,5.462,True
terraform-json,safe_conjunctive_refinement,True,True,True,0,5.462,True
terraform-json,safe_conjunctive_refinement,True,True,True,0,5.462,True
terraform-json,safe_conjunctive_refinement,True,True,True,0,5.462,True
terraform-json,safe_conjunctive_refinement,True,True,True,0,5.462,True
terraform-json,safe_conjunctive_refinement,True,True,True,0,5.462,True
terraform-json,safe_conjunctive_refinement,True,True,True,0,5.462,True
terraform-json,safe_conjunctive_refinement,True,True,True,0,5.462,True
terraform-json,safe_conjunctive_refinement,True,True,True,0,5.462,True
terraform-json,safe_conjunctive_refinement,True,True,True,0,5.462,True
terraform-json,safe_conjunctive_refinement,True,True,True,0,5.462,True
terraform-json,safe_dynamic_alphabet,True,True,True,0,3.243,False
terraform-json,safe_dynamic_alphabet,True,True,True,0,3.243,True
terraform-json,safe_dynamic_alphabet,True,True,True,0,3.243,True
terraform-json,safe_dynamic_alphabet,True,True,True,0,3.243,True
terraform-json,safe_dynamic_alphabet,True,True,True,0,3.243,True
terraform-json,safe_dynamic_alphabet,True,True,True,0,3.243,True
terraform-json,safe_dynamic_alphabet,True,True,True,0,3.243,True
terraform-json,safe_dynamic_alphabet,True,True,True,0,3.243,True
terraform-json,safe_dynamic_alphabet,True,True,True,0,3.243,True
terraform-json,safe_dynamic_alphabet,True,True,True,0,3.243,True
terraform-json,safe_dynamic_alphabet,True,True,True,0,3.243,True
terraform-json,safe_dynamic_alphabet,True,True,True,0,3.243,True
terraform-json,safe_dynamic_alphabet,True,True,True,0,3.243,True
terraform-json,safe_dynamic_alphabet,True,True,True,0,3.243,True
terraform-json,safe_dynamic_alphabet,True,True,True,0,3.243,True
terraform-json,safe_dynamic_alphabet,True,True,True,0,3.243,True
terraform-json,safe_dynamic_alphabet,True,True,True,0,3.243,True
terraform-json,safe_dynamic_alphabet,True,True,True,0,3.243,True
terraform-json,safe_dynamic_alphabet,True,True,True,0,3.243,True
terraform-json,safe_dynamic_alphabet,True,True,True,0,3.243,True
terraform-json,safe_dynamic_alphabet,True,True,True,0,3.243,True
terraform-json,safe_dynamic_alphabet,True,True,True,0,3.243,True
terraform-json,safe_dynamic_alphabet,True,True,True,0,3.243,True
terraform-json,safe_dynamic_alphabet,True,True,True,0,3.243,True
terraform-json,safe_dynamic_alphabet,True,True,True,0,3.243,True
terraform-json,safe_dynamic_alphabet,True,True,True,0,3.243,True
terraform-json,safe_dynamic_alphabet,True,True,True,0,3.243,True
terraform-json,safe_dynamic_alphabet,True,True,True,0,3.243,True
terraform-json,safe_dynamic_alphabet,True,True,True,0,3.243,True
terraform-json,safe_dynamic_alphabet,True,True,True,0,3.243,True
terraform-json,safe_dynamic_alphabet,True,True,True,0,3.243,True
terraform-json,safe_dynamic_alphabet,True,True,True,0,3.243,True
terraform-json,safe_branch_slash,True,True,True,0,3.387,False
terraform-json,safe_branch_slash,True,True,True,0,3.387,True
terraform-json,safe_branch_slash,True,True,True,0,3.387,True
terraform-json,safe_branch_slash,True,True,True,0,3.387,True
terraform-json,safe_branch_slash,True,True,True,0,3.387,True
terraform-json,safe_branch_slash,True,True,True,0,3.387,True
terraform-json,safe_branch_slash,True,True,True,0,3.387,True
terraform-json,safe_branch_slash,True,True,True,0,3.387,True
terraform-json,safe_branch_slash,True,True,True,0,3.387,True
terraform-json,safe_branch_slash,True,True,True,0,3.387,True
terraform-json,safe_branch_slash,True,True,True,0,3.387,True
terraform-json,safe_branch_slash,True,True,True,0,3.387,True
terraform-json,safe_branch_slash,True,True,True,0,3.387,True
terraform-json,safe_branch_slash,True,True,True,0,3.387,True
terraform-json,safe_branch_slash,True,True,True,0,3.387,True
terraform-json,safe_branch_slash,True,True,True,0,3.387,True
terraform-json,safe_branch_slash,True,True,True,0,3.387,True
terraform-json,safe_branch_slash,True,True,True,0,3.387,True
terraform-json,safe_branch_slash,True,True,True,0,3.387,True
terraform-json,safe_branch_slash,True,True,True,0,3.387,True
terraform-json,safe_branch_slash,True,True,True,0,3.387,True
terraform-json,safe_branch_slash,True,True,True,0,3.387,True
terraform-json,safe_branch_slash,True,True,True,0,3.387,True
terraform-json,safe_branch_slash,True,True,True,0,3.387,True
terraform-json,safe_branch_slash,True,True,True,0,3.387,True
terraform-json,safe_branch_slash,True,True,True,0,3.387,True
terraform-json,safe_branch_slash,True,True,True,0,3.387,True
terraform-json,safe_branch_slash,True,True,True,0,3.387,True
terraform-json,safe_branch_slash,True,True,True,0,3.387,True
terraform-json,safe_branch_slash,True,True,True,0,3.387,True
terraform-json,safe_branch_slash,True,True,True,0,3.387,True
terraform-json,safe_branch_slash,True,True,True,0,3.387,True
terraform-json,safe_encoded_colon_environment,True,True,True,0,3.389,False
terraform-json,safe_encoded_colon_environment,True,True,True,0,3.389,True
terraform-json,safe_encoded_colon_environment,True,True,True,0,3.389,True
terraform-json,safe_encoded_colon_environment,True,True,True,0,3.389,True
terraform-json,safe_encoded_colon_environment,True,True,True,0,3.389,True
terraform-json,safe_encoded_colon_environment,True,True,True,0,3.389,True
terraform-json,safe_encoded_colon_environment,True,True,True,0,3.389,True
terraform-json,safe_encoded_colon_environment,True,True,True,0,3.389,True
terraform-json,safe_encoded_colon_environment,True,True,True,0,3.389,True
terraform-json,safe_encoded_colon_environment,True,True,True,0,3.389,True
terraform-json,safe_encoded_colon_environment,True,True,True,0,3.389,True
terraform-json,safe_encoded_colon_environment,True,True,True,0,3.389,True
terraform-json,safe_encoded_colon_environment,True,True,True,0,3.389,True
terraform-json,safe_encoded_colon_environment,True,True,True,0,3.389,True
terraform-json,safe_encoded_colon_environment,True,True,True,0,3.389,True
terraform-json,safe_encoded_colon_environment,True,True,True,0,3.389,True
terraform-json,safe_encoded_colon_environment,True,True,True,0,3.389,True
terraform-json,safe_encoded_colon_environment,True,True,True,0,3.389,True
terraform-json,safe_encoded_colon_environment,True,True,True,0,3.389,True
terraform-json,safe_encoded_colon_environment,True,True,True,0,3.389,True
terraform-json,safe_encoded_colon_environment,True,True,True,0,3.389,True
terraform-json,safe_encoded_colon_environment,True,True,True,0,3.389,True
terraform-json,safe_encoded_colon_environment,True,True,True,0,3.389,True
terraform-json,safe_encoded_colon_environment,True,True,True,0,3.389,True
terraform-json,safe_encoded_colon_environment,True,True,True,0,3.389,True
terraform-json,safe_encoded_colon_environment,True,True,True,0,3.389,True
terraform-json,safe_encoded_colon_environment,True,True,True,0,3.389,True
terraform-json,safe_encoded_colon_environment,True,True,True,0,3.389,True
terraform-json,safe_encoded_colon_environment,True,True,True,0,3.389,True
terraform-json,safe_encoded_colon_environment,True,True,True,0,3.389,True
terraform-json,safe_encoded_colon_environment,True,True,True,0,3.389,True
terraform-json,safe_encoded_colon_environment,True,True,True,0,3.389,True
terraform-json,safe_unsupported_allow_narrowing,True,True,True,1,2.909,False
terraform-json,safe_unsupported_allow_narrowing,True,True,True,1,2.909,True
terraform-json,safe_unsupported_allow_narrowing,True,True,True,1,2.909,True
terraform-json,safe_unsupported_allow_narrowing,True,True,True,1,2.909,True
terraform-json,safe_unsupported_allow_narrowing,True,True,True,1,2.909,True
terraform-json,safe_unsupported_allow_narrowing,True,True,True,1,2.909,True
terraform-json,safe_unsupported_allow_narrowing,True,True,True,1,2.909,True
terraform-json,safe_unsupported_allow_narrowing,True,True,True,1,2.909,True
terraform-json,safe_unsupported_allow_narrowing,True,True,True,1,2.909,True
terraform-json,safe_unsupported_allow_narrowing,True,True,True,1,2.909,True
terraform-json,safe_unsupported_allow_narrowing,True,True,True,1,2.909,True
terraform-json,safe_unsupported_allow_narrowing,True,True,True,1,2.909,True
terraform-json,safe_unsupported_allow_narrowing,True,True,True,1,2.909,True
terraform-json,safe_unsupported_allow_narrowing,True,True,True,1,2.909,True
terraform-json,safe_unsupported_allow_narrowing,True,True,True,1,2.909,True
terraform-json,safe_unsupported_allow_narrowing,True,True,True,1,2.909,True
terraform-json,safe_unsupported_allow_narrowing,True,True,True,1,2.909,True
terraform-json,safe_unsupported_allow_narrowing,True,True,True,1,2.909,True
terraform-json,safe_unsupported_allow_narrowing,True,True,True,1,2.909,True
terraform-json,safe_unsupported_allow_narrowing,True,True,True,1,2.909,True
terraform-json,safe_unsupported_allow_narrowing,True,True,True,1,2.909,True
terraform-json,safe_unsupported_allow_narrowing,True,True,True,1,2.909,True
terraform-json,safe_unsupported_allow_narrowing,True,True,True,1,2.909,True
terraform-json,safe_unsupported_allow_narrowing,True,True,True,1,2.909,True
terraform-json,safe_unsupported_allow_narrowing,True,True,True,1,2.909,True
terraform-json,safe_unsupported_allow_narrowing,True,True,True,1,2.909,True
terraform-json,safe_unsupported_allow_narrowing,True,True,True,1,2.909,True
terraform-json,safe_unsupported_allow_narrowing,True,True,True,1,2.909,True
terraform-json,safe_unsupported_allow_narrowing,True,True,True,1,2.909,True
terraform-json,safe_unsupported_allow_narrowing,True,True,True,1,2.909,True
terraform-json,safe_unsupported_allow_narrowing,True,True,True,1,2.909,True
terraform-json,safe_unsupported_allow_narrowing,True,True,True,1,2.909,True
terraform-json,selected_claim_ref_env_repoid_safe,True,True,True,0,0.043,False
terraform-json,selected_claim_ref_env_repoid_safe,True,True,True,0,0.043,True
terraform-json,selected_claim_ref_env_repoid_safe,True,True,True,0,0.043,True
terraform-json,selected_claim_ref_env_repoid_safe,True,True,True,0,0.043,True
terraform-json,selected_claim_ref_env_repoid_safe,True,True,True,0,0.043,True
terraform-json,selected_claim_ref_env_repoid_safe,True,True,True,0,0.043,True
terraform-json,selected_claim_ref_env_repoid_safe,True,True,True,0,0.043,True
terraform-json,selected_claim_ref_env_repoid_safe,True,True,True,0,0.043,True
terraform-json,selected_claim_ref_env_repoid_safe,True,True,True,0,0.043,True
terraform-json,selected_claim_ref_env_repoid_safe,True,True,True,0,0.043,True
terraform-json,selected_claim_ref_env_repoid_safe,True,True,True,0,0.043,True
terraform-json,selected_claim_ref_env_repoid_safe,True,True,True,0,0.043,True
terraform-json,selected_claim_ref_env_repoid_safe,True,True,True,0,0.043,True
terraform-json,selected_claim_ref_env_repoid_safe,True,True,True,0,0.043,True
terraform-json,selected_claim_ref_env_repoid_safe,True,True,True,0,0.043,True
terraform-json,selected_claim_ref_env_repoid_safe,True,True,True,0,0.043,True
terraform-json,selected_claim_ref_env_repoid_safe,True,True,True,0,0.043,True
terraform-json,selected_claim_ref_env_repoid_safe,True,True,True,0,0.043,True
terraform-json,selected_claim_ref_env_repoid_safe,True,True,True,0,0.043,True
terraform-json,selected_claim_ref_env_repoid_safe,True,True,True,0,0.043,True
terraform-json,selected_claim_ref_env_repoid_safe,True,True,True,0,0.043,True
terraform-json,selected_claim_ref_env_repoid_safe,True,True,True,0,0.043,True
terraform-json,selected_claim_ref_env_repoid_safe,True,True,True,0,0.043,True
terraform-json,selected_claim_ref_env_repoid_safe,True,True,True,0,0.043,True
terraform-json,selected_claim_ref_env_repoid_safe,True,True,True,0,0.043,True
terraform-json,selected_claim_ref_env_repoid_safe,True,True,True,0,0.043,True
terraform-json,selected_claim_ref_env_repoid_safe,True,True,True,0,0.043,True
terraform-json,selected_claim_ref_env_repoid_safe,True,True,True,0,0.043,True
terraform-json,selected_claim_ref_env_repoid_safe,True,True,True,0,0.043,True
terraform-json,selected_claim_ref_env_repoid_safe,True,True,True,0,0.043,True
terraform-json,selected_claim_ref_env_repoid_safe,True,True,True,0,0.043,True
terraform-json,selected_claim_ref_env_repoid_safe,True,True,True,0,0.043,True
terraform-json,selected_claim_custom_property_without_ref_unsafe,False,False,True,1,0.051,False
terraform-json,selected_claim_custom_property_without_ref_unsafe,False,False,True,1,0.051,True
terraform-json,selected_claim_custom_property_without_ref_unsafe,False,False,True,1,0.051,True
terraform-json,selected_claim_custom_property_without_ref_unsafe,False,False,True,1,0.051,True
terraform-json,selected_claim_custom_property_without_ref_unsafe,False,False,True,1,0.051,True
terraform-json,selected_claim_custom_property_without_ref_unsafe,False,False,True,1,0.051,True
terraform-json,selected_claim_custom_property_without_ref_unsafe,False,False,True,1,0.051,True
terraform-json,selected_claim_custom_property_without_ref_unsafe,False,False,True,1,0.051,True
terraform-json,selected_claim_custom_property_without_ref_unsafe,False,False,True,1,0.051,True
terraform-json,selected_claim_custom_property_without_ref_unsafe,False,False,True,1,0.051,True
terraform-json,selected_claim_custom_property_without_ref_unsafe,False,False,True,1,0.051,True
terraform-json,selected_claim_custom_property_without_ref_unsafe,False,False,True,1,0.051,True
terraform-json,selected_claim_custom_property_without_ref_unsafe,False,False,True,1,0.051,True
terraform-json,selected_claim_custom_property_without_ref_unsafe,False,False,True,1,0.051,True
terraform-json,selected_claim_custom_property_without_ref_unsafe,False,False,True,1,0.051,True
terraform-json,selected_claim_custom_property_without_ref_unsafe,False,False,True,1,0.051,True
terraform-json,selected_claim_custom_property_without_ref_unsafe,False,False,True,1,0.051,True
terraform-json,selected_claim_custom_property_without_ref_unsafe,False,False,True,1,0.051,True
terraform-json,selected_claim_custom_property_without_ref_unsafe,False,False,True,1,0.051,True
terraform-json,selected_claim_custom_property_without_ref_unsafe,False,False,True,1,0.051,True
terraform-json,selected_claim_custom_property_without_ref_unsafe,False,False,True,1,0.051,True
terraform-json,selected_claim_custom_property_without_ref_unsafe,False,False,True,1,0.051,True
terraform-json,selected_claim_custom_property_without_ref_unsafe,False,False,True,1,0.051,True
terraform-json,selected_claim_custom_property_without_ref_unsafe,False,False,True,1,0.051,True
terraform-json,selected_claim_custom_property_without_ref_unsafe,False,False,True,1,0.051,True
terraform-json,selected_claim_custom_property_without_ref_unsafe,False,False,True,1,0.051,True
terraform-json,selected_claim_custom_property_without_ref_unsafe,False,False,True,1,0.051,True
terraform-json,selected_claim_custom_property_without_ref_unsafe,False,False,True,1,0.051,True
terraform-json,selected_claim_custom_property_without_ref_unsafe,False,False,True,1,0.051,True
terraform-json,selected_claim_custom_property_without_ref_unsafe,False,False,True,1,0.051,True
terraform-json,selected_claim_custom_property_without_ref_unsafe,False,False,True,1,0.051,True
terraform-json,selected_claim_custom_property_without_ref_unsafe,False,False,True,1,0.051,True
terraform-json,repo_suffix_wildcard,False,False,True,1,7.855,False
terraform-json,repo_suffix_wildcard,False,False,True,1,7.855,True
terraform-json,repo_suffix_wildcard,False,False,True,1,7.855,True
terraform-json,repo_suffix_wildcard,False,False,True,1,7.855,True
terraform-json,repo_suffix_wildcard,False,False,True,1,7.855,True
terraform-json,repo_suffix_wildcard,False,False,True,1,7.855,True
terraform-json,repo_suffix_wildcard,False,False,True,1,7.855,True
terraform-json,repo_suffix_wildcard,False,False,True,1,7.855,True
terraform-json,repo_suffix_wildcard,False,False,True,1,7.855,True
terraform-json,repo_suffix_wildcard,False,False,True,1,7.855,True
terraform-json,repo_suffix_wildcard,False,False,True,1,7.855,True
terraform-json,repo_suffix_wildcard,False,False,True,1,7.855,True
terraform-json,repo_suffix_wildcard,False,False,True,1,7.855,True
terraform-json,repo_suffix_wildcard,False,False,True,1,7.855,True
terraform-json,repo_suffix_wildcard,False,False,True,1,7.855,True
terraform-json,repo_suffix_wildcard,False,False,True,1,7.855,True
terraform-json,repo_suffix_wildcard,False,False,True,1,7.855,True
terraform-json,repo_suffix_wildcard,False,False,True,1,7.855,True
terraform-json,repo_suffix_wildcard,False,False,True,1,7.855,True
terraform-json,repo_suffix_wildcard,False,False,True,1,7.855,True
terraform-json,repo_suffix_wildcard,False,False,True,1,7.855,True
terraform-json,repo_suffix_wildcard,False,False,True,1,7.855,True
terraform-json,repo_suffix_wildcard,False,False,True,1,7.855,True
terraform-json,repo_suffix_wildcard,False,False,True,1,7.855,True
terraform-json,repo_suffix_wildcard,False,False,True,1,7.855,True
terraform-json,repo_suffix_wildcard,False,False,True,1,7.855,True
terraform-json,repo_suffix_wildcard,False,False,True,1,7.855,True
terraform-json,repo_suffix_wildcard,False,False,True,1,7.855,True
terraform-json,repo_suffix_wildcard,False,False,True,1,7.855,True
terraform-json,repo_suffix_wildcard,False,False,True,1,7.855,True
terraform-json,repo_suffix_wildcard,False,False,True,1,7.855,True
terraform-json,repo_suffix_wildcard,False,False,True,1,7.855,True
terraform-json,org_repo_wildcard,False,False,True,1,7.426,False
terraform-json,org_repo_wildcard,False,False,True,1,7.426,True
terraform-json,org_repo_wildcard,False,False,True,1,7.426,True
terraform-json,org_repo_wildcard,False,False,True,1,7.426,True
terraform-json,org_repo_wildcard,False,False,True,1,7.426,True
terraform-json,org_repo_wildcard,False,False,True,1,7.426,True
terraform-json,org_repo_wildcard,False,False,True,1,7.426,True
terraform-json,org_repo_wildcard,False,False,True,1,7.426,True
terraform-json,org_repo_wildcard,False,False,True,1,7.426,True
terraform-json,org_repo_wildcard,False,False,True,1,7.426,True
terraform-json,org_repo_wildcard,False,False,True,1,7.426,True
terraform-json,org_repo_wildcard,False,False,True,1,7.426,True
terraform-json,org_repo_wildcard,False,False,True,1,7.426,True
terraform-json,org_repo_wildcard,False,False,True,1,7.426,True
terraform-json,org_repo_wildcard,False,False,True,1,7.426,True
terraform-json,org_repo_wildcard,False,False,True,1,7.426,True
terraform-json,org_repo_wildcard,False,False,True,1,7.426,True
terraform-json,org_repo_wildcard,False,False,True,1,7.426,True
terraform-json,org_repo_wildcard,False,False,True,1,7.426,True
terraform-json,org_repo_wildcard,False,False,True,1,7.426,True
terraform-json,org_repo_wildcard,False,False,True,1,7.426,True
terraform-json,org_repo_wildcard,False,False,True,1,7.426,True
terraform-json,org_repo_wildcard,False,False,True,1,7.426,True
terraform-json,org_repo_wildcard,False,False,True,1,7.426,True
terraform-json,org_repo_wildcard,False,False,True,1,7.426,True
terraform-json,org_repo_wildcard,False,False,True,1,7.426,True
terraform-json,org_repo_wildcard,False,False,True,1,7.426,True
terraform-json,org_repo_wildcard,False,False,True,1,7.426,True
terraform-json,org_repo_wildcard,False,False,True,1,7.426,True
terraform-json,org_repo_wildcard,False,False,True,1,7.426,True
terraform-json,org_repo_wildcard,False,False,True,1,7.426,True
terraform-json,org_repo_wildcard,False,False,True,1,7.426,True
terraform-json,branch_wildcard,False,False,True,1,4.646,False
terraform-json,branch_wildcard,False,False,True,1,4.646,True
terraform-json,branch_wildcard,False,False,True,1,4.646,True
terraform-json,branch_wildcard,False,False,True,1,4.646,True
terraform-json,branch_wildcard,False,False,True,1,4.646,True
terraform-json,branch_wildcard,False,False,True,1,4.646,True
terraform-json,branch_wildcard,False,False,True,1,4.646,True
terraform-json,branch_wildcard,False,False,True,1,4.646,True
terraform-json,branch_wildcard,False,False,True,1,4.646,True
terraform-json,branch_wildcard,False,False,True,1,4.646,True
terraform-json,branch_wildcard,False,False,True,1,4.646,True
terraform-json,branch_wildcard,False,False,True,1,4.646,True
terraform-json,branch_wildcard,False,False,True,1,4.646,True
terraform-json,branch_wildcard,False,False,True,1,4.646,True
terraform-json,branch_wildcard,False,False,True,1,4.646,True
terraform-json,branch_wildcard,False,False,True,1,4.646,True
terraform-json,branch_wildcard,False,False,True,1,4.646,True
terraform-json,branch_wildcard,False,False,True,1,4.646,True
terraform-json,branch_wildcard,False,False,True,1,4.646,True
terraform-json,branch_wildcard,False,False,True,1,4.646,True
terraform-json,branch_wildcard,False,False,True,1,4.646,True
terraform-json,branch_wildcard,False,False,True,1,4.646,True
terraform-json,branch_wildcard,False,False,True,1,4.646,True
terraform-json,branch_wildcard,False,False,True,1,4.646,True
terraform-json,branch_wildcard,False,False,True,1,4.646,True
terraform-json,branch_wildcard,False,False,True,1,4.646,True
terraform-json,branch_wildcard,False,False,True,1,4.646,True
terraform-json,branch_wildcard,False,False,True,1,4.646,True
terraform-json,branch_wildcard,False,False,True,1,4.646,True
terraform-json,branch_wildcard,False,False,True,1,4.646,True
terraform-json,branch_wildcard,False,False,True,1,4.646,True
terraform-json,branch_wildcard,False,False,True,1,4.646,True
terraform-json,tag_as_prod,False,False,True,1,4.598,False
terraform-json,tag_as_prod,False,False,True,1,4.598,True
terraform-json,tag_as_prod,False,False,True,1,4.598,True
terraform-json,tag_as_prod,False,False,True,1,4.598,True
terraform-json,tag_as_prod,False,False,True,1,4.598,True
terraform-json,tag_as_prod,False,False,True,1,4.598,True
terraform-json,tag_as_prod,False,False,True,1,4.598,True
terraform-json,tag_as_prod,False,False,True,1,4.598,True
terraform-json,tag_as_prod,False,False,True,1,4.598,True
terraform-json,tag_as_prod,False,False,True,1,4.598,True
terraform-json,tag_as_prod,False,False,True,1,4.598,True
terraform-json,tag_as_prod,False,False,True,1,4.598,True
terraform-json,tag_as_prod,False,False,True,1,4.598,True
terraform-json,tag_as_prod,False,False,True,1,4.598,True
terraform-json,tag_as_prod,False,False,True,1,4.598,True
terraform-json,tag_as_prod,False,False,True,1,4.598,True
terraform-json,tag_as_prod,False,False,True,1,4.598,True
terraform-json,tag_as_prod,False,False,True,1,4.598,True
terraform-json,tag_as_prod,False,False,True,1,4.598,True
terraform-json,tag_as_prod,False,False,True,1,4.598,True
terraform-json,tag_as_prod,False,False,True,1,4.598,True
terraform-json,tag_as_prod,False,False,True,1,4.598,True
terraform-json,tag_as_prod,False,False,True,1,4.598,True
terraform-json,tag_as_prod,False,False,True,1,4.598,True
terraform-json,tag_as_prod,False,False,True,1,4.598,True
terraform-json,tag_as_prod,False,False,True,1,4.598,True
terraform-json,tag_as_prod,False,False,True,1,4.598,True
terraform-json,tag_as_prod,False,False,True,1,4.598,True
terraform-json,tag_as_prod,False,False,True,1,4.598,True
terraform-json,tag_as_prod,False,False,True,1,4.598,True
terraform-json,tag_as_prod,False,False,True,1,4.598,True
terraform-json,tag_as_prod,False,False,True,1,4.598,True
terraform-json,pull_request_exact,False,False,True,1,4.393,False
terraform-json,pull_request_exact,False,False,True,1,4.393,True
terraform-json,pull_request_exact,False,False,True,1,4.393,True
terraform-json,pull_request_exact,False,False,True,1,4.393,True
terraform-json,pull_request_exact,False,False,True,1,4.393,True
terraform-json,pull_request_exact,False,False,True,1,4.393,True
terraform-json,pull_request_exact,False,False,True,1,4.393,True
terraform-json,pull_request_exact,False,False,True,1,4.393,True
terraform-json,pull_request_exact,False,False,True,1,4.393,True
terraform-json,pull_request_exact,False,False,True,1,4.393,True
terraform-json,pull_request_exact,False,False,True,1,4.393,True
terraform-json,pull_request_exact,False,False,True,1,4.393,True
terraform-json,pull_request_exact,False,False,True,1,4.393,True
terraform-json,pull_request_exact,False,False,True,1,4.393,True
terraform-json,pull_request_exact,False,False,True,1,4.393,True
terraform-json,pull_request_exact,False,False,True,1,4.393,True
terraform-json,pull_request_exact,False,False,True,1,4.393,True
terraform-json,pull_request_exact,False,False,True,1,4.393,True
terraform-json,pull_request_exact,False,False,True,1,4.393,True
terraform-json,pull_request_exact,False,False,True,1,4.393,True
terraform-json,pull_request_exact,False,False,True,1,4.393,True
terraform-json,pull_request_exact,False,False,True,1,4.393,True
terraform-json,pull_request_exact,False,False,True,1,4.393,True
terraform-json,pull_request_exact,False,False,True,1,4.393,True
terraform-json,pull_request_exact,False,False,True,1,4.393,True
terraform-json,pull_request_exact,False,False,True,1,4.393,True
terraform-json,pull_request_exact,False,False,True,1,4.393,True
terraform-json,pull_request_exact,False,False,True,1,4.393,True
terraform-json,pull_request_exact,False,False,True,1,4.393,True
terraform-json,pull_request_exact,False,False,True,1,4.393,True
terraform-json,pull_request_exact,False,False,True,1,4.393,True
terraform-json,pull_request_exact,False,False,True,1,4.393,True
terraform-json,missing_subject,False,False,True,2,6.974,False
terraform-json,missing_subject,False,False,True,2,6.974,True
terraform-json,missing_subject,False,False,True,2,6.974,True
terraform-json,missing_subject,False,False,True,2,6.974,True
terraform-json,missing_subject,False,False,True,2,6.974,True
terraform-json,missing_subject,False,False,True,2,6.974,True
terraform-json,missing_subject,False,False,True,2,6.974,True
terraform-json,missing_subject,False,False,True,2,6.974,True
terraform-json,missing_subject,False,False,True,2,6.974,True
terraform-json,missing_subject,False,False,True,2,6.974,True
terraform-json,missing_subject,False,False,True,2,6.974,True
terraform-json,missing_subject,False,False,True,2,6.974,True
terraform-json,missing_subject,False,False,True,2,6.974,True
terraform-json,missing_subject,False,False,True,2,6.974,True
terraform-json,missing_subject,False,False,True,2,6.974,True
terraform-json,missing_subject,False,False,True,2,6.974,True
terraform-json,missing_subject,False,False,True,2,6.974,True
terraform-json,missing_subject,False,False,True,2,6.974,True
terraform-json,missing_subject,False,False,True,2,6.974,True
terraform-json,missing_subject,False,False,True,2,6.974,True
terraform-json,missing_subject,False,False,True,2,6.974,True
terraform-json,missing_subject,False,False,True,2,6.974,True
terraform-json,missing_subject,False,False,True,2,6.974,True
terraform-json,missing_subject,False,False,True,2,6.974,True
terraform-json,missing_subject,False,False,True,2,6.974,True
terraform-json,missing_subject,False,False,True,2,6.974,True
terraform-json,missing_subject,False,False,True,2,6.974,True
terraform-json,missing_subject,False,False,True,2,6.974,True
terraform-json,missing_subject,False,False,True,2,6.974,True
terraform-json,missing_subject,False,False,True,2,6.974,True
terraform-json,missing_subject,False,False,True,2,6.974,True
terraform-json,missing_subject,False,False,True,2,6.974,True
terraform-json,audience_wildcard,False,False,True,1,2.959,False
terraform-json,audience_wildcard,False,False,True,1,2.959,True
terraform-json,audience_wildcard,False,False,True,1,2.959,True
terraform-json,audience_wildcard,False,False,True,1,2.959,True
terraform-json,audience_wildcard,False,False,True,1,2.959,True
terraform-json,audience_wildcard,False,False,True,1,2.959,True
terraform-json,audience_wildcard,False,False,True,1,2.959,True
terraform-json,audience_wildcard,False,False,True,1,2.959,True
terraform-json,audience_wildcard,False,False,True,1,2.959,True
terraform-json,audience_wildcard,False,False,True,1,2.959,True
terraform-json,audience_wildcard,False,False,True,1,2.959,True
terraform-json,audience_wildcard,False,False,True,1,2.959,True
terraform-json,audience_wildcard,False,False,True,1,2.959,True
terraform-json,audience_wildcard,False,False,True,1,2.959,True
terraform-json,audience_wildcard,False,False,True,1,2.959,True
terraform-json,audience_wildcard,False,False,True,1,2.959,True
terraform-json,audience_wildcard,False,False,True,1,2.959,True
terraform-json,audience_wildcard,False,False,True,1,2.959,True
terraform-json,audience_wildcard,False,False,True,1,2.959,True
terraform-json,audience_wildcard,False,False,True,1,2.959,True
terraform-json,audience_wildcard,False,False,True,1,2.959,True
terraform-json,audience_wildcard,False,False,True,1,2.959,True
terraform-json,audience_wildcard,False,False,True,1,2.959,True
terraform-json,audience_wildcard,False,False,True,1,2.959,True
terraform-json,audience_wildcard,False,False,True,1,2.959,True
terraform-json,audience_wildcard,False,False,True,1,2.959,True
terraform-json,audience_wildcard,False,False,True,1,2.959,True
terraform-json,audience_wildcard,False,False,True,1,2.959,True
terraform-json,audience_wildcard,False,False,True,1,2.959,True
terraform-json,audience_wildcard,False,False,True,1,2.959,True
terraform-json,audience_wildcard,False,False,True,1,2.959,True
terraform-json,audience_wildcard,False,False,True,1,2.959,True
terraform-json,literal_star_audience,False,False,True,1,2.904,False
terraform-json,literal_star_audience,False,False,True,1,2.904,True
terraform-json,literal_star_audience,False,False,True,1,2.904,True
terraform-json,literal_star_audience,False,False,True,1,2.904,True
terraform-json,literal_star_audience,False,False,True,1,2.904,True
terraform-json,literal_star_audience,False,False,True,1,2.904,True
terraform-json,literal_star_audience,False,False,True,1,2.904,True
terraform-json,literal_star_audience,False,False,True,1,2.904,True
terraform-json,literal_star_audience,False,False,True,1,2.904,True
terraform-json,literal_star_audience,False,False,True,1,2.904,True
terraform-json,literal_star_audience,False,False,True,1,2.904,True
terraform-json,literal_star_audience,False,False,True,1,2.904,True
terraform-json,literal_star_audience,False,False,True,1,2.904,True
terraform-json,literal_star_audience,False,False,True,1,2.904,True
terraform-json,literal_star_audience,False,False,True,1,2.904,True
terraform-json,literal_star_audience,False,False,True,1,2.904,True
terraform-json,literal_star_audience,False,False,True,1,2.904,True
terraform-json,literal_star_audience,False,False,True,1,2.904,True
terraform-json,literal_star_audience,False,False,True,1,2.904,True
terraform-json,literal_star_audience,False,False,True,1,2.904,True
terraform-json,literal_star_audience,False,False,True,1,2.904,True
terraform-json,literal_star_audience,False,False,True,1,2.904,True
terraform-json,literal_star_audience,False,False,True,1,2.904,True
terraform-json,literal_star_audience,False,False,True,1,2.904,True
terraform-json,literal_star_audience,False,False,True,1,2.904,True
terraform-json,literal_star_audience,False,False,True,1,2.904,True
terraform-json,literal_star_audience,False,False,True,1,2.904,True
terraform-json,literal_star_audience,False,False,True,1,2.904,True
terraform-json,literal_star_audience,False,False,True,1,2.904,True
terraform-json,literal_star_audience,False,False,True,1,2.904,True
terraform-json,literal_star_audience,False,False,True,1,2.904,True
terraform-json,literal_star_audience,False,False,True,1,2.904,True
terraform-json,literal_question_audience,False,False,True,1,3.023,False
terraform-json,literal_question_audience,False,False,True,1,3.023,True
terraform-json,literal_question_audience,False,False,True,1,3.023,True
terraform-json,literal_question_audience,False,False,True,1,3.023,True
terraform-json,literal_question_audience,False,False,True,1,3.023,True
terraform-json,literal_question_audience,False,False,True,1,3.023,True
terraform-json,literal_question_audience,False,False,True,1,3.023,True
terraform-json,literal_question_audience,False,False,True,1,3.023,True
terraform-json,literal_question_audience,False,False,True,1,3.023,True
terraform-json,literal_question_audience,False,False,True,1,3.023,True
terraform-json,literal_question_audience,False,False,True,1,3.023,True
terraform-json,literal_question_audience,False,False,True,1,3.023,True
terraform-json,literal_question_audience,False,False,True,1,3.023,True
terraform-json,literal_question_audience,False,False,True,1,3.023,True
terraform-json,literal_question_audience,False,False,True,1,3.023,True
terraform-json,literal_question_audience,False,False,True,1,3.023,True
terraform-json,literal_question_audience,False,False,True,1,3.023,True
terraform-json,literal_question_audience,False,False,True,1,3.023,True
terraform-json,literal_question_audience,False,False,True,1,3.023,True
terraform-json,literal_question_audience,False,False,True,1,3.023,True
terraform-json,literal_question_audience,False,False,True,1,3.023,True
terraform-json,literal_question_audience,False,False,True,1,3.023,True
terraform-json,literal_question_audience,False,False,True,1,3.023,True
terraform-json,literal_question_audience,False,False,True,1,3.023,True
terraform-json,literal_question_audience,False,False,True,1,3.023,True
terraform-json,literal_question_audience,False,False,True,1,3.023,True
terraform-json,literal_question_audience,False,False,True,1,3.023,True
terraform-json,literal_question_audience,False,False,True,1,3.023,True
terraform-json,literal_question_audience,False,False,True,1,3.023,True
terraform-json,literal_question_audience,False,False,True,1,3.023,True
terraform-json,literal_question_audience,False,False,True,1,3.023,True
terraform-json,literal_question_audience,False,False,True,1,3.023,True
terraform-json,multi_statement_broad,False,False,True,1,6.802,False
terraform-json,multi_statement_broad,False,False,True,1,6.802,True
terraform-json,multi_statement_broad,False,False,True,1,6.802,True
terraform-json,multi_statement_broad,False,False,True,1,6.802,True
terraform-json,multi_statement_broad,False,False,True,1,6.802,True
terraform-json,multi_statement_broad,False,False,True,1,6.802,True
terraform-json,multi_statement_broad,False,False,True,1,6.802,True
terraform-json,multi_statement_broad,False,False,True,1,6.802,True
terraform-json,multi_statement_broad,False,False,True,1,6.802,True
terraform-json,multi_statement_broad,False,False,True,1,6.802,True
terraform-json,multi_statement_broad,False,False,True,1,6.802,True
terraform-json,multi_statement_broad,False,False,True,1,6.802,True
terraform-json,multi_statement_broad,False,False,True,1,6.802,True
terraform-json,multi_statement_broad,False,False,True,1,6.802,True
terraform-json,multi_statement_broad,False,False,True,1,6.802,True
terraform-json,multi_statement_broad,False,False,True,1,6.802,True
terraform-json,multi_statement_broad,False,False,True,1,6.802,True
terraform-json,multi_statement_broad,False,False,True,1,6.802,True
terraform-json,multi_statement_broad,False,False,True,1,6.802,True
terraform-json,multi_statement_broad,False,False,True,1,6.802,True
terraform-json,multi_statement_broad,False,False,True,1,6.802,True
terraform-json,multi_statement_broad,False,False,True,1,6.802,True
terraform-json,multi_statement_broad,False,False,True,1,6.802,True
terraform-json,multi_statement_broad,False,False,True,1,6.802,True
terraform-json,multi_statement_broad,False,False,True,1,6.802,True
terraform-json,multi_statement_broad,False,False,True,1,6.802,True
terraform-json,multi_statement_broad,False,False,True,1,6.802,True
terraform-json,multi_statement_broad,False,False,True,1,6.802,True
terraform-json,multi_statement_broad,False,False,True,1,6.802,True
terraform-json,multi_statement_broad,False,False,True,1,6.802,True
terraform-json,multi_statement_broad,False,False,True,1,6.802,True
terraform-json,multi_statement_broad,False,False,True,1,6.802,True
terraform-json,unprotected_environment,False,False,True,1,2.85,False
terraform-json,unprotected_environment,False,False,True,1,2.85,True
terraform-json,unprotected_environment,False,False,True,1,2.85,True
terraform-json,unprotected_environment,False,False,True,1,2.85,True
terraform-json,unprotected_environment,False,False,True,1,2.85,True
terraform-json,unprotected_environment,False,False,True,1,2.85,True
terraform-json,unprotected_environment,False,False,True,1,2.85,True
terraform-json,unprotected_environment,False,False,True,1,2.85,True
terraform-json,unprotected_environment,False,False,True,1,2.85,True
terraform-json,unprotected_environment,False,False,True,1,2.85,True
terraform-json,unprotected_environment,False,False,True,1,2.85,True
terraform-json,unprotected_environment,False,False,True,1,2.85,True
terraform-json,unprotected_environment,False,False,True,1,2.85,True
terraform-json,unprotected_environment,False,False,True,1,2.85,True
terraform-json,unprotected_environment,False,False,True,1,2.85,True
terraform-json,unprotected_environment,False,False,True,1,2.85,True
terraform-json,unprotected_environment,False,False,True,1,2.85,True
terraform-json,unprotected_environment,False,False,True,1,2.85,True
terraform-json,unprotected_environment,False,False,True,1,2.85,True
terraform-json,unprotected_environment,False,False,True,1,2.85,True
terraform-json,unprotected_environment,False,False,True,1,2.85,True
terraform-json,unprotected_environment,False,False,True,1,2.85,True
terraform-json,unprotected_environment,False,False,True,1,2.85,True
terraform-json,unprotected_environment,False,False,True,1,2.85,True
terraform-json,unprotected_environment,False,False,True,1,2.85,True
terraform-json,unprotected_environment,False,False,True,1,2.85,True
terraform-json,unprotected_environment,False,False,True,1,2.85,True
terraform-json,unprotected_environment,False,False,True,1,2.85,True
terraform-json,unprotected_environment,False,False,True,1,2.85,True
terraform-json,unprotected_environment,False,False,True,1,2.85,True
terraform-json,unprotected_environment,False,False,True,1,2.85,True
terraform-json,unprotected_environment,False,False,True,1,2.85,True
terraform-json,environment_wildcard,False,False,True,2,4.453,False
terraform-json,environment_wildcard,False,False,True,2,4.453,True
terraform-json,environment_wildcard,False,False,True,2,4.453,True
terraform-json,environment_wildcard,False,False,True,2,4.453,True
terraform-json,environment_wildcard,False,False,True,2,4.453,True
terraform-json,environment_wildcard,False,False,True,2,4.453,True
terraform-json,environment_wildcard,False,False,True,2,4.453,True
terraform-json,environment_wildcard,False,False,True,2,4.453,True
terraform-json,environment_wildcard,False,False,True,2,4.453,True
terraform-json,environment_wildcard,False,False,True,2,4.453,True
terraform-json,environment_wildcard,False,False,True,2,4.453,True
terraform-json,environment_wildcard,False,False,True,2,4.453,True
terraform-json,environment_wildcard,False,False,True,2,4.453,True
terraform-json,environment_wildcard,False,False,True,2,4.453,True
terraform-json,environment_wildcard,False,False,True,2,4.453,True
terraform-json,environment_wildcard,False,False,True,2,4.453,True
terraform-json,environment_wildcard,False,False,True,2,4.453,True
terraform-json,environment_wildcard,False,False,True,2,4.453,True
terraform-json,environment_wildcard,False,False,True,2,4.453,True
terraform-json,environment_wildcard,False,False,True,2,4.453,True
terraform-json,environment_wildcard,False,False,True,2,4.453,True
terraform-json,environment_wildcard,False,False,True,2,4.453,True
terraform-json,environment_wildcard,False,False,True,2,4.453,True
terraform-json,environment_wildcard,False,False,True,2,4.453,True
terraform-json,environment_wildcard,False,False,True,2,4.453,True
terraform-json,environment_wildcard,False,False,True,2,4.453,True
terraform-json,environment_wildcard,False,False,True,2,4.453,True
terraform-json,environment_wildcard,False,False,True,2,4.453,True
terraform-json,environment_wildcard,False,False,True,2,4.453,True
terraform-json,environment_wildcard,False,False,True,2,4.453,True
terraform-json,environment_wildcard,False,False,True,2,4.453,True
terraform-json,environment_wildcard,False,False,True,2,4.453,True
terraform-json,cross_repository_environment_governance,False,False,True,1,2.711,False
terraform-json,cross_repository_environment_governance,False,False,True,1,2.711,True
terraform-json,cross_repository_environment_governance,False,False,True,1,2.711,True
terraform-json,cross_repository_environment_governance,False,False,True,1,2.711,True
terraform-json,cross_repository_environment_governance,False,False,True,1,2.711,True
terraform-json,cross_repository_environment_governance,False,False,True,1,2.711,True
terraform-json,cross_repository_environment_governance,False,False,True,1,2.711,True
terraform-json,cross_repository_environment_governance,False,False,True,1,2.711,True
terraform-json,cross_repository_environment_governance,False,False,True,1,2.711,True
terraform-json,cross_repository_environment_governance,False,False,True,1,2.711,True
terraform-json,cross_repository_environment_governance,False,False,True,1,2.711,True
terraform-json,cross_repository_environment_governance,False,False,True,1,2.711,True
terraform-json,cross_repository_environment_governance,False,False,True,1,2.711,True
terraform-json,cross_repository_environment_governance,False,False,True,1,2.711,True
terraform-json,cross_repository_environment_governance,False,False,True,1,2.711,True
terraform-json,cross_repository_environment_governance,False,False,True,1,2.711,True
terraform-json,cross_repository_environment_governance,False,False,True,1,2.711,True
terraform-json,cross_repository_environment_governance,False,False,True,1,2.711,True
terraform-json,cross_repository_environment_governance,False,False,True,1,2.711,True
terraform-json,cross_repository_environment_governance,False,False,True,1,2.711,True
terraform-json,cross_repository_environment_governance,False,False,True,1,2.711,True
terraform-json,cross_repository_environment_governance,False,False,True,1,2.711,True
terraform-json,cross_repository_environment_governance,False,False,True,1,2.711,True
terraform-json,cross_repository_environment_governance,False,False,True,1,2.711,True
terraform-json,cross_repository_environment_governance,False,False,True,1,2.711,True
terraform-json,cross_repository_environment_governance,False,False,True,1,2.711,True
terraform-json,cross_repository_environment_governance,False,False,True,1,2.711,True
terraform-json,cross_repository_environment_governance,False,False,True,1,2.711,True
terraform-json,cross_repository_environment_governance,False,False,True,1,2.711,True
terraform-json,cross_repository_environment_governance,False,False,True,1,2.711,True
terraform-json,cross_repository_environment_governance,False,False,True,1,2.711,True
terraform-json,cross_repository_environment_governance,False,False,True,1,2.711,True
terraform-json,audience_list_broad,False,False,True,1,3.8,False
terraform-json,audience_list_broad,False,False,True,1,3.8,True
terraform-json,audience_list_broad,False,False,True,1,3.8,True
terraform-json,audience_list_broad,False,False,True,1,3.8,True
terraform-json,audience_list_broad,False,False,True,1,3.8,True
terraform-json,audience_list_broad,False,False,True,1,3.8,True
terraform-json,audience_list_broad,False,False,True,1,3.8,True
terraform-json,audience_list_broad,False,False,True,1,3.8,True
terraform-json,audience_list_broad,False,False,True,1,3.8,True
terraform-json,audience_list_broad,False,False,True,1,3.8,True
terraform-json,audience_list_broad,False,False,True,1,3.8,True
terraform-json,audience_list_broad,False,False,True,1,3.8,True
terraform-json,audience_list_broad,False,False,True,1,3.8,True
terraform-json,audience_list_broad,False,False,True,1,3.8,True
terraform-json,audience_list_broad,False,False,True,1,3.8,True
terraform-json,audience_list_broad,False,False,True,1,3.8,True
terraform-json,audience_list_broad,False,False,True,1,3.8,True
terraform-json,audience_list_broad,False,False,True,1,3.8,True
terraform-json,audience_list_broad,False,False,True,1,3.8,True
terraform-json,audience_list_broad,False,False,True,1,3.8,True
terraform-json,audience_list_broad,False,False,True,1,3.8,True
terraform-json,audience_list_broad,False,False,True,1,3.8,True
terraform-json,audience_list_broad,False,False,True,1,3.8,True
terraform-json,audience_list_broad,False,False,True,1,3.8,True
terraform-json,audience_list_broad,False,False,True,1,3.8,True
terraform-json,audience_list_broad,False,False,True,1,3.8,True
terraform-json,audience_list_broad,False,False,True,1,3.8,True
terraform-json,audience_list_broad,False,False,True,1,3.8,True
terraform-json,audience_list_broad,False,False,True,1,3.8,True
terraform-json,audience_list_broad,False,False,True,1,3.8,True
terraform-json,audience_list_broad,False,False,True,1,3.8,True
terraform-json,audience_list_broad,False,False,True,1,3.8,True
terraform-json,repo_prefix_typo,False,False,True,1,8.583,False
terraform-json,repo_prefix_typo,False,False,True,1,8.583,True
terraform-json,repo_prefix_typo,False,False,True,1,8.583,True
terraform-json,repo_prefix_typo,False,False,True,1,8.583,True
terraform-json,repo_prefix_typo,False,False,True,1,8.583,True
terraform-json,repo_prefix_typo,False,False,True,1,8.583,True
terraform-json,repo_prefix_typo,False,False,True,1,8.583,True
terraform-json,repo_prefix_typo,False,False,True,1,8.583,True
terraform-json,repo_prefix_typo,False,False,True,1,8.583,True
terraform-json,repo_prefix_typo,False,False,True,1,8.583,True
terraform-json,repo_prefix_typo,False,False,True,1,8.583,True
terraform-json,repo_prefix_typo,False,False,True,1,8.583,True
terraform-json,repo_prefix_typo,False,False,True,1,8.583,True
terraform-json,repo_prefix_typo,False,False,True,1,8.583,True
terraform-json,repo_prefix_typo,False,False,True,1,8.583,True
terraform-json,repo_prefix_typo,False,False,True,1,8.583,True
terraform-json,repo_prefix_typo,False,False,True,1,8.583,True
terraform-json,repo_prefix_typo,False,False,True,1,8.583,True
terraform-json,repo_prefix_typo,False,False,True,1,8.583,True
terraform-json,repo_prefix_typo,False,False,True,1,8.583,True
terraform-json,repo_prefix_typo,False,False,True,1,8.583,True
terraform-json,repo_prefix_typo,False,False,True,1,8.583,True
terraform-json,repo_prefix_typo,False,False,True,1,8.583,True
terraform-json,repo_prefix_typo,False,False,True,1,8.583,True
terraform-json,repo_prefix_typo,False,False,True,1,8.583,True
terraform-json,repo_prefix_typo,False,False,True,1,8.583,True
terraform-json,repo_prefix_typo,False,False,True,1,8.583,True
terraform-json,repo_prefix_typo,False,False,True,1,8.583,True
terraform-json,repo_prefix_typo,False,False,True,1,8.583,True
terraform-json,repo_prefix_typo,False,False,True,1,8.583,True
terraform-json,repo_prefix_typo,False,False,True,1,8.583,True
terraform-json,repo_prefix_typo,False,False,True,1,8.583,True
terraform-json,mixed_env_and_branch_broad,False,False,True,1,7.565,False
terraform-json,mixed_env_and_branch_broad,False,False,True,1,7.565,True
terraform-json,mixed_env_and_branch_broad,False,False,True,1,7.565,True
terraform-json,mixed_env_and_branch_broad,False,False,True,1,7.565,True
terraform-json,mixed_env_and_branch_broad,False,False,True,1,7.565,True
terraform-json,mixed_env_and_branch_broad,False,False,True,1,7.565,True
terraform-json,mixed_env_and_branch_broad,False,False,True,1,7.565,True
terraform-json,mixed_env_and_branch_broad,False,False,True,1,7.565,True
terraform-json,mixed_env_and_branch_broad,False,False,True,1,7.565,True
terraform-json,mixed_env_and_branch_broad,False,False,True,1,7.565,True
terraform-json,mixed_env_and_branch_broad,False,False,True,1,7.565,True
terraform-json,mixed_env_and_branch_broad,False,False,True,1,7.565,True
terraform-json,mixed_env_and_branch_broad,False,False,True,1,7.565,True
terraform-json,mixed_env_and_branch_broad,False,False,True,1,7.565,True
terraform-json,mixed_env_and_branch_broad,False,False,True,1,7.565,True
terraform-json,mixed_env_and_branch_broad,False,False,True,1,7.565,True
terraform-json,mixed_env_and_branch_broad,False,False,True,1,7.565,True
terraform-json,mixed_env_and_branch_broad,False,False,True,1,7.565,True
terraform-json,mixed_env_and_branch_broad,False,False,True,1,7.565,True
terraform-json,mixed_env_and_branch_broad,False,False,True,1,7.565,True
terraform-json,mixed_env_and_branch_broad,False,False,True,1,7.565,True
terraform-json,mixed_env_and_branch_broad,False,False,True,1,7.565,True
terraform-json,mixed_env_and_branch_broad,False,False,True,1,7.565,True
terraform-json,mixed_env_and_branch_broad,False,False,True,1,7.565,True
terraform-json,mixed_env_and_branch_broad,False,False,True,1,7.565,True
terraform-json,mixed_env_and_branch_broad,False,False,True,1,7.565,True
terraform-json,mixed_env_and_branch_broad,False,False,True,1,7.565,True
terraform-json,mixed_env_and_branch_broad,False,False,True,1,7.565,True
terraform-json,mixed_env_and_branch_broad,False,False,True,1,7.565,True
terraform-json,mixed_env_and_branch_broad,False,False,True,1,7.565,True
terraform-json,mixed_env_and_branch_broad,False,False,True,1,7.565,True
terraform-json,mixed_env_and_branch_broad,False,False,True,1,7.565,True
terraform-json,conjunctive_ref_broad,False,False,True,1,6.54,False
terraform-json,conjunctive_ref_broad,False,False,True,1,6.54,True
terraform-json,conjunctive_ref_broad,False,False,True,1,6.54,True
terraform-json,conjunctive_ref_broad,False,False,True,1,6.54,True
terraform-json,conjunctive_ref_broad,False,False,True,1,6.54,True
terraform-json,conjunctive_ref_broad,False,False,True,1,6.54,True
terraform-json,conjunctive_ref_broad,False,False,True,1,6.54,True
terraform-json,conjunctive_ref_broad,False,False,True,1,6.54,True
terraform-json,conjunctive_ref_broad,False,False,True,1,6.54,True
terraform-json,conjunctive_ref_broad,False,False,True,1,6.54,True
terraform-json,conjunctive_ref_broad,False,False,True,1,6.54,True
terraform-json,conjunctive_ref_broad,False,False,True,1,6.54,True
terraform-json,conjunctive_ref_broad,False,False,True,1,6.54,True
terraform-json,conjunctive_ref_broad,False,False,True,1,6.54,True
terraform-json,conjunctive_ref_broad,False,False,True,1,6.54,True
terraform-json,conjunctive_ref_broad,False,False,True,1,6.54,True
terraform-json,conjunctive_ref_broad,False,False,True,1,6.54,True
terraform-json,conjunctive_ref_broad,False,False,True,1,6.54,True
terraform-json,conjunctive_ref_broad,False,False,True,1,6.54,True
terraform-json,conjunctive_ref_broad,False,False,True,1,6.54,True
terraform-json,conjunctive_ref_broad,False,False,True,1,6.54,True
terraform-json,conjunctive_ref_broad,False,False,True,1,6.54,True
terraform-json,conjunctive_ref_broad,False,False,True,1,6.54,True
terraform-json,conjunctive_ref_broad,False,False,True,1,6.54,True
terraform-json,conjunctive_ref_broad,False,False,True,1,6.54,True
terraform-json,conjunctive_ref_broad,False,False,True,1,6.54,True
terraform-json,conjunctive_ref_broad,False,False,True,1,6.54,True
terraform-json,conjunctive_ref_broad,False,False,True,1,6.54,True
terraform-json,conjunctive_ref_broad,False,False,True,1,6.54,True
terraform-json,conjunctive_ref_broad,False,False,True,1,6.54,True
terraform-json,conjunctive_ref_broad,False,False,True,1,6.54,True
terraform-json,conjunctive_ref_broad,False,False,True,1,6.54,True
terraform-json,unsupported_deny_cannot_discharge,False,False,True,1,5.224,False
terraform-json,unsupported_deny_cannot_discharge,False,False,True,1,5.224,True
terraform-json,unsupported_deny_cannot_discharge,False,False,True,1,5.224,True
terraform-json,unsupported_deny_cannot_discharge,False,False,True,1,5.224,True
terraform-json,unsupported_deny_cannot_discharge,False,False,True,1,5.224,True
terraform-json,unsupported_deny_cannot_discharge,False,False,True,1,5.224,True
terraform-json,unsupported_deny_cannot_discharge,False,False,True,1,5.224,True
terraform-json,unsupported_deny_cannot_discharge,False,False,True,1,5.224,True
terraform-json,unsupported_deny_cannot_discharge,False,False,True,1,5.224,True
terraform-json,unsupported_deny_cannot_discharge,False,False,True,1,5.224,True
terraform-json,unsupported_deny_cannot_discharge,False,False,True,1,5.224,True
terraform-json,unsupported_deny_cannot_discharge,False,False,True,1,5.224,True
terraform-json,unsupported_deny_cannot_discharge,False,False,True,1,5.224,True
terraform-json,unsupported_deny_cannot_discharge,False,False,True,1,5.224,True
terraform-json,unsupported_deny_cannot_discharge,False,False,True,1,5.224,True
terraform-json,unsupported_deny_cannot_discharge,False,False,True,1,5.224,True
terraform-json,unsupported_deny_cannot_discharge,False,False,True,1,5.224,True
terraform-json,unsupported_deny_cannot_discharge,False,False,True,1,5.224,True
terraform-json,unsupported_deny_cannot_discharge,False,False,True,1,5.224,True
terraform-json,unsupported_deny_cannot_discharge,False,False,True,1,5.224,True
terraform-json,unsupported_deny_cannot_discharge,False,False,True,1,5.224,True
terraform-json,unsupported_deny_cannot_discharge,False,False,True,1,5.224,True
terraform-json,unsupported_deny_cannot_discharge,False,False,True,1,5.224,True
terraform-json,unsupported_deny_cannot_discharge,False,False,True,1,5.224,True
terraform-json,unsupported_deny_cannot_discharge,False,False,True,1,5.224,True
terraform-json,unsupported_deny_cannot_discharge,False,False,True,1,5.224,True
terraform-json,unsupported_deny_cannot_discharge,False,False,True,1,5.224,True
terraform-json,unsupported_deny_cannot_discharge,False,False,True,1,5.224,True
terraform-json,unsupported_deny_cannot_discharge,False,False,True,1,5.224,True
terraform-json,unsupported_deny_cannot_discharge,False,False,True,1,5.224,True
terraform-json,unsupported_deny_cannot_discharge,False,False,True,1,5.224,True
terraform-json,unsupported_deny_cannot_discharge,False,False,True,1,5.224,True
terraform-json,safe_deny_narrowing,True,True,True,0,3.424,False
terraform-json,safe_deny_narrowing,True,True,True,0,3.424,True
terraform-json,safe_deny_narrowing,True,True,True,0,3.424,True
terraform-json,safe_deny_narrowing,True,True,True,0,3.424,True
terraform-json,safe_deny_narrowing,True,True,True,0,3.424,True
terraform-json,safe_deny_narrowing,True,True,True,0,3.424,True
terraform-json,safe_deny_narrowing,True,True,True,0,3.424,True
terraform-json,safe_deny_narrowing,True,True,True,0,3.424,True
terraform-json,safe_deny_narrowing,True,True,True,0,3.424,True
terraform-json,safe_deny_narrowing,True,True,True,0,3.424,True
terraform-json,safe_deny_narrowing,True,True,True,0,3.424,True
terraform-json,safe_deny_narrowing,True,True,True,0,3.424,True
terraform-json,safe_deny_narrowing,True,True,True,0,3.424,True
terraform-json,safe_deny_narrowing,True,True,True,0,3.424,True
terraform-json,safe_deny_narrowing,True,True,True,0,3.424,True
terraform-json,safe_deny_narrowing,True,True,True,0,3.424,True
terraform-json,safe_deny_narrowing,True,True,True,0,3.424,True
terraform-json,safe_deny_narrowing,True,True,True,0,3.424,True
terraform-json,safe_deny_narrowing,True,True,True,0,3.424,True
terraform-json,safe_deny_narrowing,True,True,True,0,3.424,True
terraform-json,safe_deny_narrowing,True,True,True,0,3.424,True
terraform-json,safe_deny_narrowing,True,True,True,0,3.424,True
terraform-json,safe_deny_narrowing,True,True,True,0,3.424,True
terraform-json,safe_deny_narrowing,True,True,True,0,3.424,True
terraform-json,safe_deny_narrowing,True,True,True,0,3.424,True
terraform-json,safe_deny_narrowing,True,True,True,0,3.424,True
terraform-json,safe_deny_narrowing,True,True,True,0,3.424,True
terraform-json,safe_deny_narrowing,True,True,True,0,3.424,True
terraform-json,safe_deny_narrowing,True,True,True,0,3.424,True
terraform-json,safe_deny_narrowing,True,True,True,0,3.424,True
terraform-json,safe_deny_narrowing,True,True,True,0,3.424,True
terraform-json,safe_deny_narrowing,True,True,True,0,3.424,True
terraform-json,unqualified_claim_keys,False,False,True,5,7.482,False
terraform-json,unqualified_claim_keys,False,False,True,5,7.482,True
terraform-json,unqualified_claim_keys,False,False,True,5,7.482,True
terraform-json,unqualified_claim_keys,False,False,True,5,7.482,True
terraform-json,unqualified_claim_keys,False,False,True,5,7.482,True
terraform-json,unqualified_claim_keys,False,False,True,5,7.482,True
terraform-json,unqualified_claim_keys,False,False,True,5,7.482,True
terraform-json,unqualified_claim_keys,False,False,True,5,7.482,True
terraform-json,unqualified_claim_keys,False,False,True,5,7.482,True
terraform-json,unqualified_claim_keys,False,False,True,5,7.482,True
terraform-json,unqualified_claim_keys,False,False,True,5,7.482,True
terraform-json,unqualified_claim_keys,False,False,True,5,7.482,True
terraform-json,unqualified_claim_keys,False,False,True,5,7.482,True
terraform-json,unqualified_claim_keys,False,False,True,5,7.482,True
terraform-json,unqualified_claim_keys,False,False,True,5,7.482,True
terraform-json,unqualified_claim_keys,False,False,True,5,7.482,True
terraform-json,unqualified_claim_keys,False,False,True,5,7.482,True
terraform-json,unqualified_claim_keys,False,False,True,5,7.482,True
terraform-json,unqualified_claim_keys,False,False,True,5,7.482,True
terraform-json,unqualified_claim_keys,False,False,True,5,7.482,True
terraform-json,unqualified_claim_keys,False,False,True,5,7.482,True
terraform-json,unqualified_claim_keys,False,False,True,5,7.482,True
terraform-json,unqualified_claim_keys,False,False,True,5,7.482,True
terraform-json,unqualified_claim_keys,False,False,True,5,7.482,True
terraform-json,unqualified_claim_keys,False,False,True,5,7.482,True
terraform-json,unqualified_claim_keys,False,False,True,5,7.482,True
terraform-json,unqualified_claim_keys,False,False,True,5,7.482,True
terraform-json,unqualified_claim_keys,False,False,True,5,7.482,True
terraform-json,unqualified_claim_keys,False,False,True,5,7.482,True
terraform-json,unqualified_claim_keys,False,False,True,5,7.482,True
terraform-json,unqualified_claim_keys,False,False,True,5,7.482,True
terraform-json,unqualified_claim_keys,False,False,True,5,7.482,True
terraform-json,substring_principal,False,False,True,1,0.742,False
terraform-json,substring_principal,False,False,True,1,0.742,True
terraform-json,substring_principal,False,False,True,1,0.742,True
terraform-json,substring_principal,False,False,True,1,0.742,True
terraform-json,substring_principal,False,False,True,1,0.742,True
terraform-json,substring_principal,False,False,True,1,0.742,True
terraform-json,substring_principal,False,False,True,1,0.742,True
terraform-json,substring_principal,False,False,True,1,0.742,True
terraform-json,substring_principal,False,False,True,1,0.742,True
terraform-json,substring_principal,False,False,True,1,0.742,True
terraform-json,substring_principal,False,False,True,1,0.742,True
terraform-json,substring_principal,False,False,True,1,0.742,True
terraform-json,substring_principal,False,False,True,1,0.742,True
terraform-json,substring_principal,False,False,True,1,0.742,True
terraform-json,substring_principal,False,False,True,1,0.742,True
terraform-json,substring_principal,False,False,True,1,0.742,True
terraform-json,substring_principal,False,False,True,1,0.742,True
terraform-json,substring_principal,False,False,True,1,0.742,True
terraform-json,substring_principal,False,False,True,1,0.742,True
terraform-json,substring_principal,False,False,True,1,0.742,True
terraform-json,substring_principal,False,False,True,1,0.742,True
terraform-json,substring_principal,False,False,True,1,0.742,True
terraform-json,substring_principal,False,False,True,1,0.742,True
terraform-json,substring_principal,False,False,True,1,0.742,True
terraform-json,substring_principal,False,False,True,1,0.742,True
terraform-json,substring_principal,False,False,True,1,0.742,True
terraform-json,substring_principal,False,False,True,1,0.742,True
terraform-json,substring_principal,False,False,True,1,0.742,True
terraform-json,substring_principal,False,False,True,1,0.742,True
terraform-json,substring_principal,False,False,True,1,0.742,True
terraform-json,substring_principal,False,False,True,1,0.742,True
terraform-json,substring_principal,False,False,True,1,0.742,True
terraform-json,non_github_principal,False,False,True,1,0.732,False
terraform-json,non_github_principal,False,False,True,1,0.732,True
terraform-json,non_github_principal,False,False,True,1,0.732,True
terraform-json,non_github_principal,False,False,True,1,0.732,True
terraform-json,non_github_principal,False,False,True,1,0.732,True
terraform-json,non_github_principal,False,False,True,1,0.732,True
terraform-json,non_github_principal,False,False,True,1,0.732,True
terraform-json,non_github_principal,False,False,True,1,0.732,True
terraform-json,non_github_principal,False,False,True,1,0.732,True
terraform-json,non_github_principal,False,False,True,1,0.732,True
terraform-json,non_github_principal,False,False,True,1,0.732,True
terraform-json,non_github_principal,False,False,True,1,0.732,True
terraform-json,non_github_principal,False,False,True,1,0.732,True
terraform-json,non_github_principal,False,False,True,1,0.732,True
terraform-json,non_github_principal,False,False,True,1,0.732,True
terraform-json,non_github_principal,False,False,True,1,0.732,True
terraform-json,non_github_principal,False,False,True,1,0.732,True
terraform-json,non_github_principal,False,False,True,1,0.732,True
terraform-json,non_github_principal,False,False,True,1,0.732,True
terraform-json,non_github_principal,False,False,True,1,0.732,True
terraform-json,non_github_principal,False,False,True,1,0.732,True
terraform-json,non_github_principal,False,False,True,1,0.732,True
terraform-json,non_github_principal,False,False,True,1,0.732,True
terraform-json,non_github_principal,False,False,True,1,0.732,True
terraform-json,non_github_principal,False,False,True,1,0.732,True
terraform-json,non_github_principal,False,False,True,1,0.732,True
terraform-json,non_github_principal,False,False,True,1,0.732,True
terraform-json,non_github_principal,False,False,True,1,0.732,True
terraform-json,non_github_principal,False,False,True,1,0.732,True
terraform-json,non_github_principal,False,False,True,1,0.732,True
terraform-json,non_github_principal,False,False,True,1,0.732,True
terraform-json,non_github_principal,False,False,True,1,0.732,True
cloudformation-json,safe_exact_branch,True,True,True,0,3.017,False
cloudformation-json,safe_exact_branch,True,True,True,0,3.017,True
cloudformation-json,safe_exact_branch,True,True,True,0,3.017,True
cloudformation-json,safe_exact_branch,True,True,True,0,3.017,True
cloudformation-json,safe_exact_branch,True,True,True,0,3.017,True
cloudformation-json,safe_exact_branch,True,True,True,0,3.017,True
cloudformation-json,safe_exact_branch,True,True,True,0,3.017,True
cloudformation-json,safe_exact_branch,True,True,True,0,3.017,True
cloudformation-json,safe_exact_branch,True,True,True,0,3.017,True
cloudformation-json,safe_exact_branch,True,True,True,0,3.017,True
cloudformation-json,safe_exact_branch,True,True,True,0,3.017,True
cloudformation-json,safe_exact_branch,True,True,True,0,3.017,True
cloudformation-json,safe_exact_branch,True,True,True,0,3.017,True
cloudformation-json,safe_exact_branch,True,True,True,0,3.017,True
cloudformation-json,safe_exact_branch,True,True,True,0,3.017,True
cloudformation-json,safe_exact_branch,True,True,True,0,3.017,True
cloudformation-json,safe_exact_branch,True,True,True,0,3.017,True
cloudformation-json,safe_exact_branch,True,True,True,0,3.017,True
cloudformation-json,safe_exact_branch,True,True,True,0,3.017,True
cloudformation-json,safe_exact_branch,True,True,True,0,3.017,True
cloudformation-json,safe_exact_branch,True,True,True,0,3.017,True
cloudformation-json,safe_exact_branch,True,True,True,0,3.017,True
cloudformation-json,safe_exact_branch,True,True,True,0,3.017,True
cloudformation-json,safe_exact_branch,True,True,True,0,3.017,True
cloudformation-json,safe_exact_branch,True,True,True,0,3.017,True
cloudformation-json,safe_exact_branch,True,True,True,0,3.017,True
cloudformation-json,safe_exact_branch,True,True,True,0,3.017,True
cloudformation-json,safe_exact_branch,True,True,True,0,3.017,True
cloudformation-json,safe_exact_branch,True,True,True,0,3.017,True
cloudformation-json,safe_exact_branch,True,True,True,0,3.017,True
cloudformation-json,safe_exact_branch,True,True,True,0,3.017,True
cloudformation-json,safe_exact_branch,True,True,True,0,3.017,True
cloudformation-json,safe_release_tags,True,True,True,0,4.686,False
cloudformation-json,safe_release_tags,True,True,True,0,4.686,True
cloudformation-json,safe_release_tags,True,True,True,0,4.686,True
cloudformation-json,safe_release_tags,True,True,True,0,4.686,True
cloudformation-json,safe_release_tags,True,True,True,0,4.686,True
cloudformation-json,safe_release_tags,True,True,True,0,4.686,True
cloudformation-json,safe_release_tags,True,True,True,0,4.686,True
cloudformation-json,safe_release_tags,True,True,True,0,4.686,True
cloudformation-json,safe_release_tags,True,True,True,0,4.686,True
cloudformation-json,safe_release_tags,True,True,True,0,4.686,True
cloudformation-json,safe_release_tags,True,True,True,0,4.686,True
cloudformation-json,safe_release_tags,True,True,True,0,4.686,True
cloudformation-json,safe_release_tags,True,True,True,0,4.686,True
cloudformation-json,safe_release_tags,True,True,True,0,4.686,True
cloudformation-json,safe_release_tags,True,True,True,0,4.686,True
cloudformation-json,safe_release_tags,True,True,True,0,4.686,True
cloudformation-json,safe_release_tags,True,True,True,0,4.686,True
cloudformation-json,safe_release_tags,True,True,True,0,4.686,True
cloudformation-json,safe_release_tags,True,True,True,0,4.686,True
cloudformation-json,safe_release_tags,True,True,True,0,4.686,True
cloudformation-json,safe_release_tags,True,True,True,0,4.686,True
cloudformation-json,safe_release_tags,True,True,True,0,4.686,True
cloudformation-json,safe_release_tags,True,True,True,0,4.686,True
cloudformation-json,safe_release_tags,True,True,True,0,4.686,True
cloudformation-json,safe_release_tags,True,True,True,0,4.686,True
cloudformation-json,safe_release_tags,True,True,True,0,4.686,True
cloudformation-json,safe_release_tags,True,True,True,0,4.686,True
cloudformation-json,safe_release_tags,True,True,True,0,4.686,True
cloudformation-json,safe_release_tags,True,True,True,0,4.686,True
cloudformation-json,safe_release_tags,True,True,True,0,4.686,True
cloudformation-json,safe_release_tags,True,True,True,0,4.686,True
cloudformation-json,safe_release_tags,True,True,True,0,4.686,True
cloudformation-json,safe_protected_environment,True,True,True,0,2.955,False
cloudformation-json,safe_protected_environment,True,True,True,0,2.955,True
cloudformation-json,safe_protected_environment,True,True,True,0,2.955,True
cloudformation-json,safe_protected_environment,True,True,True,0,2.955,True
cloudformation-json,safe_protected_environment,True,True,True,0,2.955,True
cloudformation-json,safe_protected_environment,True,True,True,0,2.955,True
cloudformation-json,safe_protected_environment,True,True,True,0,2.955,True
cloudformation-json,safe_protected_environment,True,True,True,0,2.955,True
cloudformation-json,safe_protected_environment,True,True,True,0,2.955,True
cloudformation-json,safe_protected_environment,True,True,True,0,2.955,True
cloudformation-json,safe_protected_environment,True,True,True,0,2.955,True
cloudformation-json,safe_protected_environment,True,True,True,0,2.955,True
cloudformation-json,safe_protected_environment,True,True,True,0,2.955,True
cloudformation-json,safe_protected_environment,True,True,True,0,2.955,True
cloudformation-json,safe_protected_environment,True,True,True,0,2.955,True
cloudformation-json,safe_protected_environment,True,True,True,0,2.955,True
cloudformation-json,safe_protected_environment,True,True,True,0,2.955,True
cloudformation-json,safe_protected_environment,True,True,True,0,2.955,True
cloudformation-json,safe_protected_environment,True,True,True,0,2.955,True
cloudformation-json,safe_protected_environment,True,True,True,0,2.955,True
cloudformation-json,safe_protected_environment,True,True,True,0,2.955,True
cloudformation-json,safe_protected_environment,True,True,True,0,2.955,True
cloudformation-json,safe_protected_environment,True,True,True,0,2.955,True
cloudformation-json,safe_protected_environment,True,True,True,0,2.955,True
cloudformation-json,safe_protected_environment,True,True,True,0,2.955,True
cloudformation-json,safe_protected_environment,True,True,True,0,2.955,True
cloudformation-json,safe_protected_environment,True,True,True,0,2.955,True
cloudformation-json,safe_protected_environment,True,True,True,0,2.955,True
cloudformation-json,safe_protected_environment,True,True,True,0,2.955,True
cloudformation-json,safe_protected_environment,True,True,True,0,2.955,True
cloudformation-json,safe_protected_environment,True,True,True,0,2.955,True
cloudformation-json,safe_protected_environment,True,True,True,0,2.955,True
cloudformation-json,safe_two_release_branches,True,True,True,0,3.832,False
cloudformation-json,safe_two_release_branches,True,True,True,0,3.832,True
cloudformation-json,safe_two_release_branches,True,True,True,0,3.832,True
cloudformation-json,safe_two_release_branches,True,True,True,0,3.832,True
cloudformation-json,safe_two_release_branches,True,True,True,0,3.832,True
cloudformation-json,safe_two_release_branches,True,True,True,0,3.832,True
cloudformation-json,safe_two_release_branches,True,True,True,0,3.832,True
cloudformation-json,safe_two_release_branches,True,True,True,0,3.832,True
cloudformation-json,safe_two_release_branches,True,True,True,0,3.832,True
cloudformation-json,safe_two_release_branches,True,True,True,0,3.832,True
cloudformation-json,safe_two_release_branches,True,True,True,0,3.832,True
cloudformation-json,safe_two_release_branches,True,True,True,0,3.832,True
cloudformation-json,safe_two_release_branches,True,True,True,0,3.832,True
cloudformation-json,safe_two_release_branches,True,True,True,0,3.832,True
cloudformation-json,safe_two_release_branches,True,True,True,0,3.832,True
cloudformation-json,safe_two_release_branches,True,True,True,0,3.832,True
cloudformation-json,safe_two_release_branches,True,True,True,0,3.832,True
cloudformation-json,safe_two_release_branches,True,True,True,0,3.832,True
cloudformation-json,safe_two_release_branches,True,True,True,0,3.832,True
cloudformation-json,safe_two_release_branches,True,True,True,0,3.832,True
cloudformation-json,safe_two_release_branches,True,True,True,0,3.832,True
cloudformation-json,safe_two_release_branches,True,True,True,0,3.832,True
cloudformation-json,safe_two_release_branches,True,True,True,0,3.832,True
cloudformation-json,safe_two_release_branches,True,True,True,0,3.832,True
cloudformation-json,safe_two_release_branches,True,True,True,0,3.832,True
cloudformation-json,safe_two_release_branches,True,True,True,0,3.832,True
cloudformation-json,safe_two_release_branches,True,True,True,0,3.832,True
cloudformation-json,safe_two_release_branches,True,True,True,0,3.832,True
cloudformation-json,safe_two_release_branches,True,True,True,0,3.832,True
cloudformation-json,safe_two_release_branches,True,True,True,0,3.832,True
cloudformation-json,safe_two_release_branches,True,True,True,0,3.832,True
cloudformation-json,safe_two_release_branches,True,True,True,0,3.832,True
cloudformation-json,safe_dual_audience,True,True,True,0,3.521,False
cloudformation-json,safe_dual_audience,True,True,True,0,3.521,True
cloudformation-json,safe_dual_audience,True,True,True,0,3.521,True
cloudformation-json,safe_dual_audience,True,True,True,0,3.521,True
cloudformation-json,safe_dual_audience,True,True,True,0,3.521,True
cloudformation-json,safe_dual_audience,True,True,True,0,3.521,True
cloudformation-json,safe_dual_audience,True,True,True,0,3.521,True
cloudformation-json,safe_dual_audience,True,True,True,0,3.521,True
cloudformation-json,safe_dual_audience,True,True,True,0,3.521,True
cloudformation-json,safe_dual_audience,True,True,True,0,3.521,True
cloudformation-json,safe_dual_audience,True,True,True,0,3.521,True
cloudformation-json,safe_dual_audience,True,True,True,0,3.521,True
cloudformation-json,safe_dual_audience,True,True,True,0,3.521,True
cloudformation-json,safe_dual_audience,True,True,True,0,3.521,True
cloudformation-json,safe_dual_audience,True,True,True,0,3.521,True
cloudformation-json,safe_dual_audience,True,True,True,0,3.521,True
cloudformation-json,safe_dual_audience,True,True,True,0,3.521,True
cloudformation-json,safe_dual_audience,True,True,True,0,3.521,True
cloudformation-json,safe_dual_audience,True,True,True,0,3.521,True
cloudformation-json,safe_dual_audience,True,True,True,0,3.521,True
cloudformation-json,safe_dual_audience,True,True,True,0,3.521,True
cloudformation-json,safe_dual_audience,True,True,True,0,3.521,True
cloudformation-json,safe_dual_audience,True,True,True,0,3.521,True
cloudformation-json,safe_dual_audience,True,True,True,0,3.521,True
cloudformation-json,safe_dual_audience,True,True,True,0,3.521,True
cloudformation-json,safe_dual_audience,True,True,True,0,3.521,True
cloudformation-json,safe_dual_audience,True,True,True,0,3.521,True
cloudformation-json,safe_dual_audience,True,True,True,0,3.521,True
cloudformation-json,safe_dual_audience,True,True,True,0,3.521,True
cloudformation-json,safe_dual_audience,True,True,True,0,3.521,True
cloudformation-json,safe_dual_audience,True,True,True,0,3.521,True
cloudformation-json,safe_dual_audience,True,True,True,0,3.521,True
cloudformation-json,safe_split_statements,True,True,True,0,7.026,False
cloudformation-json,safe_split_statements,True,True,True,0,7.026,True
cloudformation-json,safe_split_statements,True,True,True,0,7.026,True
cloudformation-json,safe_split_statements,True,True,True,0,7.026,True
cloudformation-json,safe_split_statements,True,True,True,0,7.026,True
cloudformation-json,safe_split_statements,True,True,True,0,7.026,True
cloudformation-json,safe_split_statements,True,True,True,0,7.026,True
cloudformation-json,safe_split_statements,True,True,True,0,7.026,True
cloudformation-json,safe_split_statements,True,True,True,0,7.026,True
cloudformation-json,safe_split_statements,True,True,True,0,7.026,True
cloudformation-json,safe_split_statements,True,True,True,0,7.026,True
cloudformation-json,safe_split_statements,True,True,True,0,7.026,True
cloudformation-json,safe_split_statements,True,True,True,0,7.026,True
cloudformation-json,safe_split_statements,True,True,True,0,7.026,True
cloudformation-json,safe_split_statements,True,True,True,0,7.026,True
cloudformation-json,safe_split_statements,True,True,True,0,7.026,True
cloudformation-json,safe_split_statements,True,True,True,0,7.026,True
cloudformation-json,safe_split_statements,True,True,True,0,7.026,True
cloudformation-json,safe_split_statements,True,True,True,0,7.026,True
cloudformation-json,safe_split_statements,True,True,True,0,7.026,True
cloudformation-json,safe_split_statements,True,True,True,0,7.026,True
cloudformation-json,safe_split_statements,True,True,True,0,7.026,True
cloudformation-json,safe_split_statements,True,True,True,0,7.026,True
cloudformation-json,safe_split_statements,True,True,True,0,7.026,True
cloudformation-json,safe_split_statements,True,True,True,0,7.026,True
cloudformation-json,safe_split_statements,True,True,True,0,7.026,True
cloudformation-json,safe_split_statements,True,True,True,0,7.026,True
cloudformation-json,safe_split_statements,True,True,True,0,7.026,True
cloudformation-json,safe_split_statements,True,True,True,0,7.026,True
cloudformation-json,safe_split_statements,True,True,True,0,7.026,True
cloudformation-json,safe_split_statements,True,True,True,0,7.026,True
cloudformation-json,safe_split_statements,True,True,True,0,7.026,True
cloudformation-json,safe_conjunctive_refinement,True,True,True,0,5.6,False
cloudformation-json,safe_conjunctive_refinement,True,True,True,0,5.6,True
cloudformation-json,safe_conjunctive_refinement,True,True,True,0,5.6,True
cloudformation-json,safe_conjunctive_refinement,True,True,True,0,5.6,True
cloudformation-json,safe_conjunctive_refinement,True,True,True,0,5.6,True
cloudformation-json,safe_conjunctive_refinement,True,True,True,0,5.6,True
cloudformation-json,safe_conjunctive_refinement,True,True,True,0,5.6,True
cloudformation-json,safe_conjunctive_refinement,True,True,True,0,5.6,True
cloudformation-json,safe_conjunctive_refinement,True,True,True,0,5.6,True
cloudformation-json,safe_conjunctive_refinement,True,True,True,0,5.6,True
cloudformation-json,safe_conjunctive_refinement,True,True,True,0,5.6,True
cloudformation-json,safe_conjunctive_refinement,True,True,True,0,5.6,True
cloudformation-json,safe_conjunctive_refinement,True,True,True,0,5.6,True
cloudformation-json,safe_conjunctive_refinement,True,True,True,0,5.6,True
cloudformation-json,safe_conjunctive_refinement,True,True,True,0,5.6,True
cloudformation-json,safe_conjunctive_refinement,True,True,True,0,5.6,True
cloudformation-json,safe_conjunctive_refinement,True,True,True,0,5.6,True
cloudformation-json,safe_conjunctive_refinement,True,True,True,0,5.6,True
cloudformation-json,safe_conjunctive_refinement,True,True,True,0,5.6,True
cloudformation-json,safe_conjunctive_refinement,True,True,True,0,5.6,True
cloudformation-json,safe_conjunctive_refinement,True,True,True,0,5.6,True
cloudformation-json,safe_conjunctive_refinement,True,True,True,0,5.6,True
cloudformation-json,safe_conjunctive_refinement,True,True,True,0,5.6,True
cloudformation-json,safe_conjunctive_refinement,True,True,True,0,5.6,True
cloudformation-json,safe_conjunctive_refinement,True,True,True,0,5.6,True
cloudformation-json,safe_conjunctive_refinement,True,True,True,0,5.6,True
cloudformation-json,safe_conjunctive_refinement,True,True,True,0,5.6,True
cloudformation-json,safe_conjunctive_refinement,True,True,True,0,5.6,True
cloudformation-json,safe_conjunctive_refinement,True,True,True,0,5.6,True
cloudformation-json,safe_conjunctive_refinement,True,True,True,0,5.6,True
cloudformation-json,safe_conjunctive_refinement,True,True,True,0,5.6,True
cloudformation-json,safe_conjunctive_refinement,True,True,True,0,5.6,True
cloudformation-json,safe_dynamic_alphabet,True,True,True,0,3.295,False
cloudformation-json,safe_dynamic_alphabet,True,True,True,0,3.295,True
cloudformation-json,safe_dynamic_alphabet,True,True,True,0,3.295,True
cloudformation-json,safe_dynamic_alphabet,True,True,True,0,3.295,True
cloudformation-json,safe_dynamic_alphabet,True,True,True,0,3.295,True
cloudformation-json,safe_dynamic_alphabet,True,True,True,0,3.295,True
cloudformation-json,safe_dynamic_alphabet,True,True,True,0,3.295,True
cloudformation-json,safe_dynamic_alphabet,True,True,True,0,3.295,True
cloudformation-json,safe_dynamic_alphabet,True,True,True,0,3.295,True
cloudformation-json,safe_dynamic_alphabet,True,True,True,0,3.295,True
cloudformation-json,safe_dynamic_alphabet,True,True,True,0,3.295,True
cloudformation-json,safe_dynamic_alphabet,True,True,True,0,3.295,True
cloudformation-json,safe_dynamic_alphabet,True,True,True,0,3.295,True
cloudformation-json,safe_dynamic_alphabet,True,True,True,0,3.295,True
cloudformation-json,safe_dynamic_alphabet,True,True,True,0,3.295,True
cloudformation-json,safe_dynamic_alphabet,True,True,True,0,3.295,True
cloudformation-json,safe_dynamic_alphabet,True,True,True,0,3.295,True
cloudformation-json,safe_dynamic_alphabet,True,True,True,0,3.295,True
cloudformation-json,safe_dynamic_alphabet,True,True,True,0,3.295,True
cloudformation-json,safe_dynamic_alphabet,True,True,True,0,3.295,True
cloudformation-json,safe_dynamic_alphabet,True,True,True,0,3.295,True
cloudformation-json,safe_dynamic_alphabet,True,True,True,0,3.295,True
cloudformation-json,safe_dynamic_alphabet,True,True,True,0,3.295,True
cloudformation-json,safe_dynamic_alphabet,True,True,True,0,3.295,True
cloudformation-json,safe_dynamic_alphabet,True,True,True,0,3.295,True
cloudformation-json,safe_dynamic_alphabet,True,True,True,0,3.295,True
cloudformation-json,safe_dynamic_alphabet,True,True,True,0,3.295,True
cloudformation-json,safe_dynamic_alphabet,True,True,True,0,3.295,True
cloudformation-json,safe_dynamic_alphabet,True,True,True,0,3.295,True
cloudformation-json,safe_dynamic_alphabet,True,True,True,0,3.295,True
cloudformation-json,safe_dynamic_alphabet,True,True,True,0,3.295,True
cloudformation-json,safe_dynamic_alphabet,True,True,True,0,3.295,True
cloudformation-json,safe_branch_slash,True,True,True,0,3.486,False
cloudformation-json,safe_branch_slash,True,True,True,0,3.486,True
cloudformation-json,safe_branch_slash,True,True,True,0,3.486,True
cloudformation-json,safe_branch_slash,True,True,True,0,3.486,True
cloudformation-json,safe_branch_slash,True,True,True,0,3.486,True
cloudformation-json,safe_branch_slash,True,True,True,0,3.486,True
cloudformation-json,safe_branch_slash,True,True,True,0,3.486,True
cloudformation-json,safe_branch_slash,True,True,True,0,3.486,True
cloudformation-json,safe_branch_slash,True,True,True,0,3.486,True
cloudformation-json,safe_branch_slash,True,True,True,0,3.486,True
cloudformation-json,safe_branch_slash,True,True,True,0,3.486,True
cloudformation-json,safe_branch_slash,True,True,True,0,3.486,True
cloudformation-json,safe_branch_slash,True,True,True,0,3.486,True
cloudformation-json,safe_branch_slash,True,True,True,0,3.486,True
cloudformation-json,safe_branch_slash,True,True,True,0,3.486,True
cloudformation-json,safe_branch_slash,True,True,True,0,3.486,True
cloudformation-json,safe_branch_slash,True,True,True,0,3.486,True
cloudformation-json,safe_branch_slash,True,True,True,0,3.486,True
cloudformation-json,safe_branch_slash,True,True,True,0,3.486,True
cloudformation-json,safe_branch_slash,True,True,True,0,3.486,True
cloudformation-json,safe_branch_slash,True,True,True,0,3.486,True
cloudformation-json,safe_branch_slash,True,True,True,0,3.486,True
cloudformation-json,safe_branch_slash,True,True,True,0,3.486,True
cloudformation-json,safe_branch_slash,True,True,True,0,3.486,True
cloudformation-json,safe_branch_slash,True,True,True,0,3.486,True
cloudformation-json,safe_branch_slash,True,True,True,0,3.486,True
cloudformation-json,safe_branch_slash,True,True,True,0,3.486,True
cloudformation-json,safe_branch_slash,True,True,True,0,3.486,True
cloudformation-json,safe_branch_slash,True,True,True,0,3.486,True
cloudformation-json,safe_branch_slash,True,True,True,0,3.486,True
cloudformation-json,safe_branch_slash,True,True,True,0,3.486,True
cloudformation-json,safe_branch_slash,True,True,True,0,3.486,True
cloudformation-json,safe_encoded_colon_environment,True,True,True,0,3.528,False
cloudformation-json,safe_encoded_colon_environment,True,True,True,0,3.528,True
cloudformation-json,safe_encoded_colon_environment,True,True,True,0,3.528,True
cloudformation-json,safe_encoded_colon_environment,True,True,True,0,3.528,True
cloudformation-json,safe_encoded_colon_environment,True,True,True,0,3.528,True
cloudformation-json,safe_encoded_colon_environment,True,True,True,0,3.528,True
cloudformation-json,safe_encoded_colon_environment,True,True,True,0,3.528,True
cloudformation-json,safe_encoded_colon_environment,True,True,True,0,3.528,True
cloudformation-json,safe_encoded_colon_environment,True,True,True,0,3.528,True
cloudformation-json,safe_encoded_colon_environment,True,True,True,0,3.528,True
cloudformation-json,safe_encoded_colon_environment,True,True,True,0,3.528,True
cloudformation-json,safe_encoded_colon_environment,True,True,True,0,3.528,True
cloudformation-json,safe_encoded_colon_environment,True,True,True,0,3.528,True
cloudformation-json,safe_encoded_colon_environment,True,True,True,0,3.528,True
cloudformation-json,safe_encoded_colon_environment,True,True,True,0,3.528,True
cloudformation-json,safe_encoded_colon_environment,True,True,True,0,3.528,True
cloudformation-json,safe_encoded_colon_environment,True,True,True,0,3.528,True
cloudformation-json,safe_encoded_colon_environment,True,True,True,0,3.528,True
cloudformation-json,safe_encoded_colon_environment,True,True,True,0,3.528,True
cloudformation-json,safe_encoded_colon_environment,True,True,True,0,3.528,True
cloudformation-json,safe_encoded_colon_environment,True,True,True,0,3.528,True
cloudformation-json,safe_encoded_colon_environment,True,True,True,0,3.528,True
cloudformation-json,safe_encoded_colon_environment,True,True,True,0,3.528,True
cloudformation-json,safe_encoded_colon_environment,True,True,True,0,3.528,True
cloudformation-json,safe_encoded_colon_environment,True,True,True,0,3.528,True
cloudformation-json,safe_encoded_colon_environment,True,True,True,0,3.528,True
cloudformation-json,safe_encoded_colon_environment,True,True,True,0,3.528,True
cloudformation-json,safe_encoded_colon_environment,True,True,True,0,3.528,True
cloudformation-json,safe_encoded_colon_environment,True,True,True,0,3.528,True
cloudformation-json,safe_encoded_colon_environment,True,True,True,0,3.528,True
cloudformation-json,safe_encoded_colon_environment,True,True,True,0,3.528,True
cloudformation-json,safe_encoded_colon_environment,True,True,True,0,3.528,True
cloudformation-json,safe_unsupported_allow_narrowing,True,True,True,1,2.979,False
cloudformation-json,safe_unsupported_allow_narrowing,True,True,True,1,2.979,True
cloudformation-json,safe_unsupported_allow_narrowing,True,True,True,1,2.979,True
cloudformation-json,safe_unsupported_allow_narrowing,True,True,True,1,2.979,True
cloudformation-json,safe_unsupported_allow_narrowing,True,True,True,1,2.979,True
cloudformation-json,safe_unsupported_allow_narrowing,True,True,True,1,2.979,True
cloudformation-json,safe_unsupported_allow_narrowing,True,True,True,1,2.979,True
cloudformation-json,safe_unsupported_allow_narrowing,True,True,True,1,2.979,True
cloudformation-json,safe_unsupported_allow_narrowing,True,True,True,1,2.979,True
cloudformation-json,safe_unsupported_allow_narrowing,True,True,True,1,2.979,True
cloudformation-json,safe_unsupported_allow_narrowing,True,True,True,1,2.979,True
cloudformation-json,safe_unsupported_allow_narrowing,True,True,True,1,2.979,True
cloudformation-json,safe_unsupported_allow_narrowing,True,True,True,1,2.979,True
cloudformation-json,safe_unsupported_allow_narrowing,True,True,True,1,2.979,True
cloudformation-json,safe_unsupported_allow_narrowing,True,True,True,1,2.979,True
cloudformation-json,safe_unsupported_allow_narrowing,True,True,True,1,2.979,True
cloudformation-json,safe_unsupported_allow_narrowing,True,True,True,1,2.979,True
cloudformation-json,safe_unsupported_allow_narrowing,True,True,True,1,2.979,True
cloudformation-json,safe_unsupported_allow_narrowing,True,True,True,1,2.979,True
cloudformation-json,safe_unsupported_allow_narrowing,True,True,True,1,2.979,True
cloudformation-json,safe_unsupported_allow_narrowing,True,True,True,1,2.979,True
cloudformation-json,safe_unsupported_allow_narrowing,True,True,True,1,2.979,True
cloudformation-json,safe_unsupported_allow_narrowing,True,True,True,1,2.979,True
cloudformation-json,safe_unsupported_allow_narrowing,True,True,True,1,2.979,True
cloudformation-json,safe_unsupported_allow_narrowing,True,True,True,1,2.979,True
cloudformation-json,safe_unsupported_allow_narrowing,True,True,True,1,2.979,True
cloudformation-json,safe_unsupported_allow_narrowing,True,True,True,1,2.979,True
cloudformation-json,safe_unsupported_allow_narrowing,True,True,True,1,2.979,True
cloudformation-json,safe_unsupported_allow_narrowing,True,True,True,1,2.979,True
cloudformation-json,safe_unsupported_allow_narrowing,True,True,True,1,2.979,True
cloudformation-json,safe_unsupported_allow_narrowing,True,True,True,1,2.979,True
cloudformation-json,safe_unsupported_allow_narrowing,True,True,True,1,2.979,True
cloudformation-json,selected_claim_ref_env_repoid_safe,True,True,True,0,0.045,False
cloudformation-json,selected_claim_ref_env_repoid_safe,True,True,True,0,0.045,True
cloudformation-json,selected_claim_ref_env_repoid_safe,True,True,True,0,0.045,True
cloudformation-json,selected_claim_ref_env_repoid_safe,True,True,True,0,0.045,True
cloudformation-json,selected_claim_ref_env_repoid_safe,True,True,True,0,0.045,True
cloudformation-json,selected_claim_ref_env_repoid_safe,True,True,True,0,0.045,True
cloudformation-json,selected_claim_ref_env_repoid_safe,True,True,True,0,0.045,True
cloudformation-json,selected_claim_ref_env_repoid_safe,True,True,True,0,0.045,True
cloudformation-json,selected_claim_ref_env_repoid_safe,True,True,True,0,0.045,True
cloudformation-json,selected_claim_ref_env_repoid_safe,True,True,True,0,0.045,True
cloudformation-json,selected_claim_ref_env_repoid_safe,True,True,True,0,0.045,True
cloudformation-json,selected_claim_ref_env_repoid_safe,True,True,True,0,0.045,True
cloudformation-json,selected_claim_ref_env_repoid_safe,True,True,True,0,0.045,True
cloudformation-json,selected_claim_ref_env_repoid_safe,True,True,True,0,0.045,True
cloudformation-json,selected_claim_ref_env_repoid_safe,True,True,True,0,0.045,True
cloudformation-json,selected_claim_ref_env_repoid_safe,True,True,True,0,0.045,True
cloudformation-json,selected_claim_ref_env_repoid_safe,True,True,True,0,0.045,True
cloudformation-json,selected_claim_ref_env_repoid_safe,True,True,True,0,0.045,True
cloudformation-json,selected_claim_ref_env_repoid_safe,True,True,True,0,0.045,True
cloudformation-json,selected_claim_ref_env_repoid_safe,True,True,True,0,0.045,True
cloudformation-json,selected_claim_ref_env_repoid_safe,True,True,True,0,0.045,True
cloudformation-json,selected_claim_ref_env_repoid_safe,True,True,True,0,0.045,True
cloudformation-json,selected_claim_ref_env_repoid_safe,True,True,True,0,0.045,True
cloudformation-json,selected_claim_ref_env_repoid_safe,True,True,True,0,0.045,True
cloudformation-json,selected_claim_ref_env_repoid_safe,True,True,True,0,0.045,True
cloudformation-json,selected_claim_ref_env_repoid_safe,True,True,True,0,0.045,True
cloudformation-json,selected_claim_ref_env_repoid_safe,True,True,True,0,0.045,True
cloudformation-json,selected_claim_ref_env_repoid_safe,True,True,True,0,0.045,True
cloudformation-json,selected_claim_ref_env_repoid_safe,True,True,True,0,0.045,True
cloudformation-json,selected_claim_ref_env_repoid_safe,True,True,True,0,0.045,True
cloudformation-json,selected_claim_ref_env_repoid_safe,True,True,True,0,0.045,True
cloudformation-json,selected_claim_ref_env_repoid_safe,True,True,True,0,0.045,True
cloudformation-json,selected_claim_custom_property_without_ref_unsafe,False,False,True,1,0.043,False
cloudformation-json,selected_claim_custom_property_without_ref_unsafe,False,False,True,1,0.043,True
cloudformation-json,selected_claim_custom_property_without_ref_unsafe,False,False,True,1,0.043,True
cloudformation-json,selected_claim_custom_property_without_ref_unsafe,False,False,True,1,0.043,True
cloudformation-json,selected_claim_custom_property_without_ref_unsafe,False,False,True,1,0.043,True
cloudformation-json,selected_claim_custom_property_without_ref_unsafe,False,False,True,1,0.043,True
cloudformation-json,selected_claim_custom_property_without_ref_unsafe,False,False,True,1,0.043,True
cloudformation-json,selected_claim_custom_property_without_ref_unsafe,False,False,True,1,0.043,True
cloudformation-json,selected_claim_custom_property_without_ref_unsafe,False,False,True,1,0.043,True
cloudformation-json,selected_claim_custom_property_without_ref_unsafe,False,False,True,1,0.043,True
cloudformation-json,selected_claim_custom_property_without_ref_unsafe,False,False,True,1,0.043,True
cloudformation-json,selected_claim_custom_property_without_ref_unsafe,False,False,True,1,0.043,True
cloudformation-json,selected_claim_custom_property_without_ref_unsafe,False,False,True,1,0.043,True
cloudformation-json,selected_claim_custom_property_without_ref_unsafe,False,False,True,1,0.043,True
cloudformation-json,selected_claim_custom_property_without_ref_unsafe,False,False,True,1,0.043,True
cloudformation-json,selected_claim_custom_property_without_ref_unsafe,False,False,True,1,0.043,True
cloudformation-json,selected_claim_custom_property_without_ref_unsafe,False,False,True,1,0.043,True
cloudformation-json,selected_claim_custom_property_without_ref_unsafe,False,False,True,1,0.043,True
cloudformation-json,selected_claim_custom_property_without_ref_unsafe,False,False,True,1,0.043,True
cloudformation-json,selected_claim_custom_property_without_ref_unsafe,False,False,True,1,0.043,True
cloudformation-json,selected_claim_custom_property_without_ref_unsafe,False,False,True,1,0.043,True
cloudformation-json,selected_claim_custom_property_without_ref_unsafe,False,False,True,1,0.043,True
cloudformation-json,selected_claim_custom_property_without_ref_unsafe,False,False,True,1,0.043,True
cloudformation-json,selected_claim_custom_property_without_ref_unsafe,False,False,True,1,0.043,True
cloudformation-json,selected_claim_custom_property_without_ref_unsafe,False,False,True,1,0.043,True
cloudformation-json,selected_claim_custom_property_without_ref_unsafe,False,False,True,1,0.043,True
cloudformation-json,selected_claim_custom_property_without_ref_unsafe,False,False,True,1,0.043,True
cloudformation-json,selected_claim_custom_property_without_ref_unsafe,False,False,True,1,0.043,True
cloudformation-json,selected_claim_custom_property_without_ref_unsafe,False,False,True,1,0.043,True
cloudformation-json,selected_claim_custom_property_without_ref_unsafe,False,False,True,1,0.043,True
cloudformation-json,selected_claim_custom_property_without_ref_unsafe,False,False,True,1,0.043,True
cloudformation-json,selected_claim_custom_property_without_ref_unsafe,False,False,True,1,0.043,True
cloudformation-json,repo_suffix_wildcard,False,False,True,1,6.158,False
cloudformation-json,repo_suffix_wildcard,False,False,True,1,6.158,True
cloudformation-json,repo_suffix_wildcard,False,False,True,1,6.158,True
cloudformation-json,repo_suffix_wildcard,False,False,True,1,6.158,True
cloudformation-json,repo_suffix_wildcard,False,False,True,1,6.158,True
cloudformation-json,repo_suffix_wildcard,False,False,True,1,6.158,True
cloudformation-json,repo_suffix_wildcard,False,False,True,1,6.158,True
cloudformation-json,repo_suffix_wildcard,False,False,True,1,6.158,True
cloudformation-json,repo_suffix_wildcard,False,False,True,1,6.158,True
cloudformation-json,repo_suffix_wildcard,False,False,True,1,6.158,True
cloudformation-json,repo_suffix_wildcard,False,False,True,1,6.158,True
cloudformation-json,repo_suffix_wildcard,False,False,True,1,6.158,True
cloudformation-json,repo_suffix_wildcard,False,False,True,1,6.158,True
cloudformation-json,repo_suffix_wildcard,False,False,True,1,6.158,True
cloudformation-json,repo_suffix_wildcard,False,False,True,1,6.158,True
cloudformation-json,repo_suffix_wildcard,False,False,True,1,6.158,True
cloudformation-json,repo_suffix_wildcard,False,False,True,1,6.158,True
cloudformation-json,repo_suffix_wildcard,False,False,True,1,6.158,True
cloudformation-json,repo_suffix_wildcard,False,False,True,1,6.158,True
cloudformation-json,repo_suffix_wildcard,False,False,True,1,6.158,True
cloudformation-json,repo_suffix_wildcard,False,False,True,1,6.158,True
cloudformation-json,repo_suffix_wildcard,False,False,True,1,6.158,True
cloudformation-json,repo_suffix_wildcard,False,False,True,1,6.158,True
cloudformation-json,repo_suffix_wildcard,False,False,True,1,6.158,True
cloudformation-json,repo_suffix_wildcard,False,False,True,1,6.158,True
cloudformation-json,repo_suffix_wildcard,False,False,True,1,6.158,True
cloudformation-json,repo_suffix_wildcard,False,False,True,1,6.158,True
cloudformation-json,repo_suffix_wildcard,False,False,True,1,6.158,True
cloudformation-json,repo_suffix_wildcard,False,False,True,1,6.158,True
cloudformation-json,repo_suffix_wildcard,False,False,True,1,6.158,True
cloudformation-json,repo_suffix_wildcard,False,False,True,1,6.158,True
cloudformation-json,repo_suffix_wildcard,False,False,True,1,6.158,True
cloudformation-json,org_repo_wildcard,False,False,True,1,7.634,False
cloudformation-json,org_repo_wildcard,False,False,True,1,7.634,True
cloudformation-json,org_repo_wildcard,False,False,True,1,7.634,True
cloudformation-json,org_repo_wildcard,False,False,True,1,7.634,True
cloudformation-json,org_repo_wildcard,False,False,True,1,7.634,True
cloudformation-json,org_repo_wildcard,False,False,True,1,7.634,True
cloudformation-json,org_repo_wildcard,False,False,True,1,7.634,True
cloudformation-json,org_repo_wildcard,False,False,True,1,7.634,True
cloudformation-json,org_repo_wildcard,False,False,True,1,7.634,True
cloudformation-json,org_repo_wildcard,False,False,True,1,7.634,True
cloudformation-json,org_repo_wildcard,False,False,True,1,7.634,True
cloudformation-json,org_repo_wildcard,False,False,True,1,7.634,True
cloudformation-json,org_repo_wildcard,False,False,True,1,7.634,True
cloudformation-json,org_repo_wildcard,False,False,True,1,7.634,True
cloudformation-json,org_repo_wildcard,False,False,True,1,7.634,True
cloudformation-json,org_repo_wildcard,False,False,True,1,7.634,True
cloudformation-json,org_repo_wildcard,False,False,True,1,7.634,True
cloudformation-json,org_repo_wildcard,False,False,True,1,7.634,True
cloudformation-json,org_repo_wildcard,False,False,True,1,7.634,True
cloudformation-json,org_repo_wildcard,False,False,True,1,7.634,True
cloudformation-json,org_repo_wildcard,False,False,True,1,7.634,True
cloudformation-json,org_repo_wildcard,False,False,True,1,7.634,True
cloudformation-json,org_repo_wildcard,False,False,True,1,7.634,True
cloudformation-json,org_repo_wildcard,False,False,True,1,7.634,True
cloudformation-json,org_repo_wildcard,False,False,True,1,7.634,True
cloudformation-json,org_repo_wildcard,False,False,True,1,7.634,True
cloudformation-json,org_repo_wildcard,False,False,True,1,7.634,True
cloudformation-json,org_repo_wildcard,False,False,True,1,7.634,True
cloudformation-json,org_repo_wildcard,False,False,True,1,7.634,True
cloudformation-json,org_repo_wildcard,False,False,True,1,7.634,True
cloudformation-json,org_repo_wildcard,False,False,True,1,7.634,True
cloudformation-json,org_repo_wildcard,False,False,True,1,7.634,True
cloudformation-json,branch_wildcard,False,False,True,1,4.744,False
cloudformation-json,branch_wildcard,False,False,True,1,4.744,True
cloudformation-json,branch_wildcard,False,False,True,1,4.744,True
cloudformation-json,branch_wildcard,False,False,True,1,4.744,True
cloudformation-json,branch_wildcard,False,False,True,1,4.744,True
cloudformation-json,branch_wildcard,False,False,True,1,4.744,True
cloudformation-json,branch_wildcard,False,False,True,1,4.744,True
cloudformation-json,branch_wildcard,False,False,True,1,4.744,True
cloudformation-json,branch_wildcard,False,False,True,1,4.744,True
cloudformation-json,branch_wildcard,False,False,True,1,4.744,True
cloudformation-json,branch_wildcard,False,False,True,1,4.744,True
cloudformation-json,branch_wildcard,False,False,True,1,4.744,True
cloudformation-json,branch_wildcard,False,False,True,1,4.744,True
cloudformation-json,branch_wildcard,False,False,True,1,4.744,True
cloudformation-json,branch_wildcard,False,False,True,1,4.744,True
cloudformation-json,branch_wildcard,False,False,True,1,4.744,True
cloudformation-json,branch_wildcard,False,False,True,1,4.744,True
cloudformation-json,branch_wildcard,False,False,True,1,4.744,True
cloudformation-json,branch_wildcard,False,False,True,1,4.744,True
cloudformation-json,branch_wildcard,False,False,True,1,4.744,True
cloudformation-json,branch_wildcard,False,False,True,1,4.744,True
cloudformation-json,branch_wildcard,False,False,True,1,4.744,True
cloudformation-json,branch_wildcard,False,False,True,1,4.744,True
cloudformation-json,branch_wildcard,False,False,True,1,4.744,True
cloudformation-json,branch_wildcard,False,False,True,1,4.744,True
cloudformation-json,branch_wildcard,False,False,True,1,4.744,True
cloudformation-json,branch_wildcard,False,False,True,1,4.744,True
cloudformation-json,branch_wildcard,False,False,True,1,4.744,True
cloudformation-json,branch_wildcard,False,False,True,1,4.744,True
cloudformation-json,branch_wildcard,False,False,True,1,4.744,True
cloudformation-json,branch_wildcard,False,False,True,1,4.744,True
cloudformation-json,branch_wildcard,False,False,True,1,4.744,True
cloudformation-json,tag_as_prod,False,False,True,1,4.651,False
cloudformation-json,tag_as_prod,False,False,True,1,4.651,True
cloudformation-json,tag_as_prod,False,False,True,1,4.651,True
cloudformation-json,tag_as_prod,False,False,True,1,4.651,True
cloudformation-json,tag_as_prod,False,False,True,1,4.651,True
cloudformation-json,tag_as_prod,False,False,True,1,4.651,True
cloudformation-json,tag_as_prod,False,False,True,1,4.651,True
cloudformation-json,tag_as_prod,False,False,True,1,4.651,True
cloudformation-json,tag_as_prod,False,False,True,1,4.651,True
cloudformation-json,tag_as_prod,False,False,True,1,4.651,True
cloudformation-json,tag_as_prod,False,False,True,1,4.651,True
cloudformation-json,tag_as_prod,False,False,True,1,4.651,True
cloudformation-json,tag_as_prod,False,False,True,1,4.651,True
cloudformation-json,tag_as_prod,False,False,True,1,4.651,True
cloudformation-json,tag_as_prod,False,False,True,1,4.651,True
cloudformation-json,tag_as_prod,False,False,True,1,4.651,True
cloudformation-json,tag_as_prod,False,False,True,1,4.651,True
cloudformation-json,tag_as_prod,False,False,True,1,4.651,True
cloudformation-json,tag_as_prod,False,False,True,1,4.651,True
cloudformation-json,tag_as_prod,False,False,True,1,4.651,True
cloudformation-json,tag_as_prod,False,False,True,1,4.651,True
cloudformation-json,tag_as_prod,False,False,True,1,4.651,True
cloudformation-json,tag_as_prod,False,False,True,1,4.651,True
cloudformation-json,tag_as_prod,False,False,True,1,4.651,True
cloudformation-json,tag_as_prod,False,False,True,1,4.651,True
cloudformation-json,tag_as_prod,False,False,True,1,4.651,True
cloudformation-json,tag_as_prod,False,False,True,1,4.651,True
cloudformation-json,tag_as_prod,False,False,True,1,4.651,True
cloudformation-json,tag_as_prod,False,False,True,1,4.651,True
cloudformation-json,tag_as_prod,False,False,True,1,4.651,True
cloudformation-json,tag_as_prod,False,False,True,1,4.651,True
cloudformation-json,tag_as_prod,False,False,True,1,4.651,True
cloudformation-json,pull_request_exact,False,False,True,1,4.335,False
cloudformation-json,pull_request_exact,False,False,True,1,4.335,True
cloudformation-json,pull_request_exact,False,False,True,1,4.335,True
cloudformation-json,pull_request_exact,False,False,True,1,4.335,True
cloudformation-json,pull_request_exact,False,False,True,1,4.335,True
cloudformation-json,pull_request_exact,False,False,True,1,4.335,True
cloudformation-json,pull_request_exact,False,False,True,1,4.335,True
cloudformation-json,pull_request_exact,False,False,True,1,4.335,True
cloudformation-json,pull_request_exact,False,False,True,1,4.335,True
cloudformation-json,pull_request_exact,False,False,True,1,4.335,True
cloudformation-json,pull_request_exact,False,False,True,1,4.335,True
cloudformation-json,pull_request_exact,False,False,True,1,4.335,True
cloudformation-json,pull_request_exact,False,False,True,1,4.335,True
cloudformation-json,pull_request_exact,False,False,True,1,4.335,True
cloudformation-json,pull_request_exact,False,False,True,1,4.335,True
cloudformation-json,pull_request_exact,False,False,True,1,4.335,True
cloudformation-json,pull_request_exact,False,False,True,1,4.335,True
cloudformation-json,pull_request_exact,False,False,True,1,4.335,True
cloudformation-json,pull_request_exact,False,False,True,1,4.335,True
cloudformation-json,pull_request_exact,False,False,True,1,4.335,True
cloudformation-json,pull_request_exact,False,False,True,1,4.335,True
cloudformation-json,pull_request_exact,False,False,True,1,4.335,True
cloudformation-json,pull_request_exact,False,False,True,1,4.335,True
cloudformation-json,pull_request_exact,False,False,True,1,4.335,True
cloudformation-json,pull_request_exact,False,False,True,1,4.335,True
cloudformation-json,pull_request_exact,False,False,True,1,4.335,True
cloudformation-json,pull_request_exact,False,False,True,1,4.335,True
cloudformation-json,pull_request_exact,False,False,True,1,4.335,True
cloudformation-json,pull_request_exact,False,False,True,1,4.335,True
cloudformation-json,pull_request_exact,False,False,True,1,4.335,True
cloudformation-json,pull_request_exact,False,False,True,1,4.335,True
cloudformation-json,pull_request_exact,False,False,True,1,4.335,True
cloudformation-json,missing_subject,False,False,True,2,7.034,False
cloudformation-json,missing_subject,False,False,True,2,7.034,True
cloudformation-json,missing_subject,False,False,True,2,7.034,True
cloudformation-json,missing_subject,False,False,True,2,7.034,True
cloudformation-json,missing_subject,False,False,True,2,7.034,True
cloudformation-json,missing_subject,False,False,True,2,7.034,True
cloudformation-json,missing_subject,False,False,True,2,7.034,True
cloudformation-json,missing_subject,False,False,True,2,7.034,True
cloudformation-json,missing_subject,False,False,True,2,7.034,True
cloudformation-json,missing_subject,False,False,True,2,7.034,True
cloudformation-json,missing_subject,False,False,True,2,7.034,True
cloudformation-json,missing_subject,False,False,True,2,7.034,True
cloudformation-json,missing_subject,False,False,True,2,7.034,True
cloudformation-json,missing_subject,False,False,True,2,7.034,True
cloudformation-json,missing_subject,False,False,True,2,7.034,True
cloudformation-json,missing_subject,False,False,True,2,7.034,True
cloudformation-json,missing_subject,False,False,True,2,7.034,True
cloudformation-json,missing_subject,False,False,True,2,7.034,True
cloudformation-json,missing_subject,False,False,True,2,7.034,True
cloudformation-json,missing_subject,False,False,True,2,7.034,True
cloudformation-json,missing_subject,False,False,True,2,7.034,True
cloudformation-json,missing_subject,False,False,True,2,7.034,True
cloudformation-json,missing_subject,False,False,True,2,7.034,True
cloudformation-json,missing_subject,False,False,True,2,7.034,True
cloudformation-json,missing_subject,False,False,True,2,7.034,True
cloudformation-json,missing_subject,False,False,True,2,7.034,True
cloudformation-json,missing_subject,False,False,True,2,7.034,True
cloudformation-json,missing_subject,False,False,True,2,7.034,True
cloudformation-json,missing_subject,False,False,True,2,7.034,True
cloudformation-json,missing_subject,False,False,True,2,7.034,True
cloudformation-json,missing_subject,False,False,True,2,7.034,True
cloudformation-json,missing_subject,False,False,True,2,7.034,True
cloudformation-json,audience_wildcard,False,False,True,1,3.222,False
cloudformation-json,audience_wildcard,False,False,True,1,3.222,True
cloudformation-json,audience_wildcard,False,False,True,1,3.222,True
cloudformation-json,audience_wildcard,False,False,True,1,3.222,True
cloudformation-json,audience_wildcard,False,False,True,1,3.222,True
cloudformation-json,audience_wildcard,False,False,True,1,3.222,True
cloudformation-json,audience_wildcard,False,False,True,1,3.222,True
cloudformation-json,audience_wildcard,False,False,True,1,3.222,True
cloudformation-json,audience_wildcard,False,False,True,1,3.222,True
cloudformation-json,audience_wildcard,False,False,True,1,3.222,True
cloudformation-json,audience_wildcard,False,False,True,1,3.222,True
cloudformation-json,audience_wildcard,False,False,True,1,3.222,True
cloudformation-json,audience_wildcard,False,False,True,1,3.222,True
cloudformation-json,audience_wildcard,False,False,True,1,3.222,True
cloudformation-json,audience_wildcard,False,False,True,1,3.222,True
cloudformation-json,audience_wildcard,False,False,True,1,3.222,True
cloudformation-json,audience_wildcard,False,False,True,1,3.222,True
cloudformation-json,audience_wildcard,False,False,True,1,3.222,True
cloudformation-json,audience_wildcard,False,False,True,1,3.222,True
cloudformation-json,audience_wildcard,False,False,True,1,3.222,True
cloudformation-json,audience_wildcard,False,False,True,1,3.222,True
cloudformation-json,audience_wildcard,False,False,True,1,3.222,True
cloudformation-json,audience_wildcard,False,False,True,1,3.222,True
cloudformation-json,audience_wildcard,False,False,True,1,3.222,True
cloudformation-json,audience_wildcard,False,False,True,1,3.222,True
cloudformation-json,audience_wildcard,False,False,True,1,3.222,True
cloudformation-json,audience_wildcard,False,False,True,1,3.222,True
cloudformation-json,audience_wildcard,False,False,True,1,3.222,True
cloudformation-json,audience_wildcard,False,False,True,1,3.222,True
cloudformation-json,audience_wildcard,False,False,True,1,3.222,True
cloudformation-json,audience_wildcard,False,False,True,1,3.222,True
cloudformation-json,audience_wildcard,False,False,True,1,3.222,True
cloudformation-json,literal_star_audience,False,False,True,1,3.13,False
cloudformation-json,literal_star_audience,False,False,True,1,3.13,True
cloudformation-json,literal_star_audience,False,False,True,1,3.13,True
cloudformation-json,literal_star_audience,False,False,True,1,3.13,True
cloudformation-json,literal_star_audience,False,False,True,1,3.13,True
cloudformation-json,literal_star_audience,False,False,True,1,3.13,True
cloudformation-json,literal_star_audience,False,False,True,1,3.13,True
cloudformation-json,literal_star_audience,False,False,True,1,3.13,True
cloudformation-json,literal_star_audience,False,False,True,1,3.13,True
cloudformation-json,literal_star_audience,False,False,True,1,3.13,True
cloudformation-json,literal_star_audience,False,False,True,1,3.13,True
cloudformation-json,literal_star_audience,False,False,True,1,3.13,True
cloudformation-json,literal_star_audience,False,False,True,1,3.13,True
cloudformation-json,literal_star_audience,False,False,True,1,3.13,True
cloudformation-json,literal_star_audience,False,False,True,1,3.13,True
cloudformation-json,literal_star_audience,False,False,True,1,3.13,True
cloudformation-json,literal_star_audience,False,False,True,1,3.13,True
cloudformation-json,literal_star_audience,False,False,True,1,3.13,True
cloudformation-json,literal_star_audience,False,False,True,1,3.13,True
cloudformation-json,literal_star_audience,False,False,True,1,3.13,True
cloudformation-json,literal_star_audience,False,False,True,1,3.13,True
cloudformation-json,literal_star_audience,False,False,True,1,3.13,True
cloudformation-json,literal_star_audience,False,False,True,1,3.13,True
cloudformation-json,literal_star_audience,False,False,True,1,3.13,True
cloudformation-json,literal_star_audience,False,False,True,1,3.13,True
cloudformation-json,literal_star_audience,False,False,True,1,3.13,True
cloudformation-json,literal_star_audience,False,False,True,1,3.13,True
cloudformation-json,literal_star_audience,False,False,True,1,3.13,True
cloudformation-json,literal_star_audience,False,False,True,1,3.13,True
cloudformation-json,literal_star_audience,False,False,True,1,3.13,True
cloudformation-json,literal_star_audience,False,False,True,1,3.13,True
cloudformation-json,literal_star_audience,False,False,True,1,3.13,True
cloudformation-json,literal_question_audience,False,False,True,1,2.994,False
cloudformation-json,literal_question_audience,False,False,True,1,2.994,True
cloudformation-json,literal_question_audience,False,False,True,1,2.994,True
cloudformation-json,literal_question_audience,False,False,True,1,2.994,True
cloudformation-json,literal_question_audience,False,False,True,1,2.994,True
cloudformation-json,literal_question_audience,False,False,True,1,2.994,True
cloudformation-json,literal_question_audience,False,False,True,1,2.994,True
cloudformation-json,literal_question_audience,False,False,True,1,2.994,True
cloudformation-json,literal_question_audience,False,False,True,1,2.994,True
cloudformation-json,literal_question_audience,False,False,True,1,2.994,True
cloudformation-json,literal_question_audience,False,False,True,1,2.994,True
cloudformation-json,literal_question_audience,False,False,True,1,2.994,True
cloudformation-json,literal_question_audience,False,False,True,1,2.994,True
cloudformation-json,literal_question_audience,False,False,True,1,2.994,True
cloudformation-json,literal_question_audience,False,False,True,1,2.994,True
cloudformation-json,literal_question_audience,False,False,True,1,2.994,True
cloudformation-json,literal_question_audience,False,False,True,1,2.994,True
cloudformation-json,literal_question_audience,False,False,True,1,2.994,True
cloudformation-json,literal_question_audience,False,False,True,1,2.994,True
cloudformation-json,literal_question_audience,False,False,True,1,2.994,True
cloudformation-json,literal_question_audience,False,False,True,1,2.994,True
cloudformation-json,literal_question_audience,False,False,True,1,2.994,True
cloudformation-json,literal_question_audience,False,False,True,1,2.994,True
cloudformation-json,literal_question_audience,False,False,True,1,2.994,True
cloudformation-json,literal_question_audience,False,False,True,1,2.994,True
cloudformation-json,literal_question_audience,False,False,True,1,2.994,True
cloudformation-json,literal_question_audience,False,False,True,1,2.994,True
cloudformation-json,literal_question_audience,False,False,True,1,2.994,True
cloudformation-json,literal_question_audience,False,False,True,1,2.994,True
cloudformation-json,literal_question_audience,False,False,True,1,2.994,True
cloudformation-json,literal_question_audience,False,False,True,1,2.994,True
cloudformation-json,literal_question_audience,False,False,True,1,2.994,True
cloudformation-json,multi_statement_broad,False,False,True,1,6.975,False
cloudformation-json,multi_statement_broad,False,False,True,1,6.975,True
cloudformation-json,multi_statement_broad,False,False,True,1,6.975,True
cloudformation-json,multi_statement_broad,False,False,True,1,6.975,True
cloudformation-json,multi_statement_broad,False,False,True,1,6.975,True
cloudformation-json,multi_statement_broad,False,False,True,1,6.975,True
cloudformation-json,multi_statement_broad,False,False,True,1,6.975,True
cloudformation-json,multi_statement_broad,False,False,True,1,6.975,True
cloudformation-json,multi_statement_broad,False,False,True,1,6.975,True
cloudformation-json,multi_statement_broad,False,False,True,1,6.975,True
cloudformation-json,multi_statement_broad,False,False,True,1,6.975,True
cloudformation-json,multi_statement_broad,False,False,True,1,6.975,True
cloudformation-json,multi_statement_broad,False,False,True,1,6.975,True
cloudformation-json,multi_statement_broad,False,False,True,1,6.975,True
cloudformation-json,multi_statement_broad,False,False,True,1,6.975,True
cloudformation-json,multi_statement_broad,False,False,True,1,6.975,True
cloudformation-json,multi_statement_broad,False,False,True,1,6.975,True
cloudformation-json,multi_statement_broad,False,False,True,1,6.975,True
cloudformation-json,multi_statement_broad,False,False,True,1,6.975,True
cloudformation-json,multi_statement_broad,False,False,True,1,6.975,True
cloudformation-json,multi_statement_broad,False,False,True,1,6.975,True
cloudformation-json,multi_statement_broad,False,False,True,1,6.975,True
cloudformation-json,multi_statement_broad,False,False,True,1,6.975,True
cloudformation-json,multi_statement_broad,False,False,True,1,6.975,True
cloudformation-json,multi_statement_broad,False,False,True,1,6.975,True
cloudformation-json,multi_statement_broad,False,False,True,1,6.975,True
cloudformation-json,multi_statement_broad,False,False,True,1,6.975,True
cloudformation-json,multi_statement_broad,False,False,True,1,6.975,True
cloudformation-json,multi_statement_broad,False,False,True,1,6.975,True
cloudformation-json,multi_statement_broad,False,False,True,1,6.975,True
cloudformation-json,multi_statement_broad,False,False,True,1,6.975,True
cloudformation-json,multi_statement_broad,False,False,True,1,6.975,True
cloudformation-json,unprotected_environment,False,False,True,1,2.874,False
cloudformation-json,unprotected_environment,False,False,True,1,2.874,True
cloudformation-json,unprotected_environment,False,False,True,1,2.874,True
cloudformation-json,unprotected_environment,False,False,True,1,2.874,True
cloudformation-json,unprotected_environment,False,False,True,1,2.874,True
cloudformation-json,unprotected_environment,False,False,True,1,2.874,True
cloudformation-json,unprotected_environment,False,False,True,1,2.874,True
cloudformation-json,unprotected_environment,False,False,True,1,2.874,True
cloudformation-json,unprotected_environment,False,False,True,1,2.874,True
cloudformation-json,unprotected_environment,False,False,True,1,2.874,True
cloudformation-json,unprotected_environment,False,False,True,1,2.874,True
cloudformation-json,unprotected_environment,False,False,True,1,2.874,True
cloudformation-json,unprotected_environment,False,False,True,1,2.874,True
cloudformation-json,unprotected_environment,False,False,True,1,2.874,True
cloudformation-json,unprotected_environment,False,False,True,1,2.874,True
cloudformation-json,unprotected_environment,False,False,True,1,2.874,True
cloudformation-json,unprotected_environment,False,False,True,1,2.874,True
cloudformation-json,unprotected_environment,False,False,True,1,2.874,True
cloudformation-json,unprotected_environment,False,False,True,1,2.874,True
cloudformation-json,unprotected_environment,False,False,True,1,2.874,True
cloudformation-json,unprotected_environment,False,False,True,1,2.874,True
cloudformation-json,unprotected_environment,False,False,True,1,2.874,True
cloudformation-json,unprotected_environment,False,False,True,1,2.874,True
cloudformation-json,unprotected_environment,False,False,True,1,2.874,True
cloudformation-json,unprotected_environment,False,False,True,1,2.874,True
cloudformation-json,unprotected_environment,False,False,True,1,2.874,True
cloudformation-json,unprotected_environment,False,False,True,1,2.874,True
cloudformation-json,unprotected_environment,False,False,True,1,2.874,True
cloudformation-json,unprotected_environment,False,False,True,1,2.874,True
cloudformation-json,unprotected_environment,False,False,True,1,2.874,True
cloudformation-json,unprotected_environment,False,False,True,1,2.874,True
cloudformation-json,unprotected_environment,False,False,True,1,2.874,True
cloudformation-json,environment_wildcard,False,False,True,2,4.586,False
cloudformation-json,environment_wildcard,False,False,True,2,4.586,True
cloudformation-json,environment_wildcard,False,False,True,2,4.586,True
cloudformation-json,environment_wildcard,False,False,True,2,4.586,True
cloudformation-json,environment_wildcard,False,False,True,2,4.586,True
cloudformation-json,environment_wildcard,False,False,True,2,4.586,True
cloudformation-json,environment_wildcard,False,False,True,2,4.586,True
cloudformation-json,environment_wildcard,False,False,True,2,4.586,True
cloudformation-json,environment_wildcard,False,False,True,2,4.586,True
cloudformation-json,environment_wildcard,False,False,True,2,4.586,True
cloudformation-json,environment_wildcard,False,False,True,2,4.586,True
cloudformation-json,environment_wildcard,False,False,True,2,4.586,True
cloudformation-json,environment_wildcard,False,False,True,2,4.586,True
cloudformation-json,environment_wildcard,False,False,True,2,4.586,True
cloudformation-json,environment_wildcard,False,False,True,2,4.586,True
cloudformation-json,environment_wildcard,False,False,True,2,4.586,True
cloudformation-json,environment_wildcard,False,False,True,2,4.586,True
cloudformation-json,environment_wildcard,False,False,True,2,4.586,True
cloudformation-json,environment_wildcard,False,False,True,2,4.586,True
cloudformation-json,environment_wildcard,False,False,True,2,4.586,True
cloudformation-json,environment_wildcard,False,False,True,2,4.586,True
cloudformation-json,environment_wildcard,False,False,True,2,4.586,True
cloudformation-json,environment_wildcard,False,False,True,2,4.586,True
cloudformation-json,environment_wildcard,False,False,True,2,4.586,True
cloudformation-json,environment_wildcard,False,False,True,2,4.586,True
cloudformation-json,environment_wildcard,False,False,True,2,4.586,True
cloudformation-json,environment_wildcard,False,False,True,2,4.586,True
cloudformation-json,environment_wildcard,False,False,True,2,4.586,True
cloudformation-json,environment_wildcard,False,False,True,2,4.586,True
cloudformation-json,environment_wildcard,False,False,True,2,4.586,True
cloudformation-json,environment_wildcard,False,False,True,2,4.586,True
cloudformation-json,environment_wildcard,False,False,True,2,4.586,True
cloudformation-json,cross_repository_environment_governance,False,False,True,1,2.849,False
cloudformation-json,cross_repository_environment_governance,False,False,True,1,2.849,True
cloudformation-json,cross_repository_environment_governance,False,False,True,1,2.849,True
cloudformation-json,cross_repository_environment_governance,False,False,True,1,2.849,True
cloudformation-json,cross_repository_environment_governance,False,False,True,1,2.849,True
cloudformation-json,cross_repository_environment_governance,False,False,True,1,2.849,True
cloudformation-json,cross_repository_environment_governance,False,False,True,1,2.849,True
cloudformation-json,cross_repository_environment_governance,False,False,True,1,2.849,True
cloudformation-json,cross_repository_environment_governance,False,False,True,1,2.849,True
cloudformation-json,cross_repository_environment_governance,False,False,True,1,2.849,True
cloudformation-json,cross_repository_environment_governance,False,False,True,1,2.849,True
cloudformation-json,cross_repository_environment_governance,False,False,True,1,2.849,True
cloudformation-json,cross_repository_environment_governance,False,False,True,1,2.849,True
cloudformation-json,cross_repository_environment_governance,False,False,True,1,2.849,True
cloudformation-json,cross_repository_environment_governance,False,False,True,1,2.849,True
cloudformation-json,cross_repository_environment_governance,False,False,True,1,2.849,True
cloudformation-json,cross_repository_environment_governance,False,False,True,1,2.849,True
cloudformation-json,cross_repository_environment_governance,False,False,True,1,2.849,True
cloudformation-json,cross_repository_environment_governance,False,False,True,1,2.849,True
cloudformation-json,cross_repository_environment_governance,False,False,True,1,2.849,True
cloudformation-json,cross_repository_environment_governance,False,False,True,1,2.849,True
cloudformation-json,cross_repository_environment_governance,False,False,True,1,2.849,True
cloudformation-json,cross_repository_environment_governance,False,False,True,1,2.849,True
cloudformation-json,cross_repository_environment_governance,False,False,True,1,2.849,True
cloudformation-json,cross_repository_environment_governance,False,False,True,1,2.849,True
cloudformation-json,cross_repository_environment_governance,False,False,True,1,2.849,True
cloudformation-json,cross_repository_environment_governance,False,False,True,1,2.849,True
cloudformation-json,cross_repository_environment_governance,False,False,True,1,2.849,True
cloudformation-json,cross_repository_environment_governance,False,False,True,1,2.849,True
cloudformation-json,cross_repository_environment_governance,False,False,True,1,2.849,True
cloudformation-json,cross_repository_environment_governance,False,False,True,1,2.849,True
cloudformation-json,cross_repository_environment_governance,False,False,True,1,2.849,True
cloudformation-json,audience_list_broad,False,False,True,1,3.873,False
cloudformation-json,audience_list_broad,False,False,True,1,3.873,True
cloudformation-json,audience_list_broad,False,False,True,1,3.873,True
cloudformation-json,audience_list_broad,False,False,True,1,3.873,True
cloudformation-json,audience_list_broad,False,False,True,1,3.873,True
cloudformation-json,audience_list_broad,False,False,True,1,3.873,True
cloudformation-json,audience_list_broad,False,False,True,1,3.873,True
cloudformation-json,audience_list_broad,False,False,True,1,3.873,True
cloudformation-json,audience_list_broad,False,False,True,1,3.873,True
cloudformation-json,audience_list_broad,False,False,True,1,3.873,True
cloudformation-json,audience_list_broad,False,False,True,1,3.873,True
cloudformation-json,audience_list_broad,False,False,True,1,3.873,True
cloudformation-json,audience_list_broad,False,False,True,1,3.873,True
cloudformation-json,audience_list_broad,False,False,True,1,3.873,True
cloudformation-json,audience_list_broad,False,False,True,1,3.873,True
cloudformation-json,audience_list_broad,False,False,True,1,3.873,True
cloudformation-json,audience_list_broad,False,False,True,1,3.873,True
cloudformation-json,audience_list_broad,False,False,True,1,3.873,True
cloudformation-json,audience_list_broad,False,False,True,1,3.873,True
cloudformation-json,audience_list_broad,False,False,True,1,3.873,True
cloudformation-json,audience_list_broad,False,False,True,1,3.873,True
cloudformation-json,audience_list_broad,False,False,True,1,3.873,True
cloudformation-json,audience_list_broad,False,False,True,1,3.873,True
cloudformation-json,audience_list_broad,False,False,True,1,3.873,True
cloudformation-json,audience_list_broad,False,False,True,1,3.873,True
cloudformation-json,audience_list_broad,False,False,True,1,3.873,True
cloudformation-json,audience_list_broad,False,False,True,1,3.873,True
cloudformation-json,audience_list_broad,False,False,True,1,3.873,True
cloudformation-json,audience_list_broad,False,False,True,1,3.873,True
cloudformation-json,audience_list_broad,False,False,True,1,3.873,True
cloudformation-json,audience_list_broad,False,False,True,1,3.873,True
cloudformation-json,audience_list_broad,False,False,True,1,3.873,True
cloudformation-json,repo_prefix_typo,False,False,True,1,8.09,False
cloudformation-json,repo_prefix_typo,False,False,True,1,8.09,True
cloudformation-json,repo_prefix_typo,False,False,True,1,8.09,True
cloudformation-json,repo_prefix_typo,False,False,True,1,8.09,True
cloudformation-json,repo_prefix_typo,False,False,True,1,8.09,True
cloudformation-json,repo_prefix_typo,False,False,True,1,8.09,True
cloudformation-json,repo_prefix_typo,False,False,True,1,8.09,True
cloudformation-json,repo_prefix_typo,False,False,True,1,8.09,True
cloudformation-json,repo_prefix_typo,False,False,True,1,8.09,True
cloudformation-json,repo_prefix_typo,False,False,True,1,8.09,True
cloudformation-json,repo_prefix_typo,False,False,True,1,8.09,True
cloudformation-json,repo_prefix_typo,False,False,True,1,8.09,True
cloudformation-json,repo_prefix_typo,False,False,True,1,8.09,True
cloudformation-json,repo_prefix_typo,False,False,True,1,8.09,True
cloudformation-json,repo_prefix_typo,False,False,True,1,8.09,True
cloudformation-json,repo_prefix_typo,False,False,True,1,8.09,True
cloudformation-json,repo_prefix_typo,False,False,True,1,8.09,True
cloudformation-json,repo_prefix_typo,False,False,True,1,8.09,True
cloudformation-json,repo_prefix_typo,False,False,True,1,8.09,True
cloudformation-json,repo_prefix_typo,False,False,True,1,8.09,True
cloudformation-json,repo_prefix_typo,False,False,True,1,8.09,True
cloudformation-json,repo_prefix_typo,False,False,True,1,8.09,True
cloudformation-json,repo_prefix_typo,False,False,True,1,8.09,True
cloudformation-json,repo_prefix_typo,False,False,True,1,8.09,True
cloudformation-json,repo_prefix_typo,False,False,True,1,8.09,True
cloudformation-json,repo_prefix_typo,False,False,True,1,8.09,True
cloudformation-json,repo_prefix_typo,False,False,True,1,8.09,True
cloudformation-json,repo_prefix_typo,False,False,True,1,8.09,True
cloudformation-json,repo_prefix_typo,False,False,True,1,8.09,True
cloudformation-json,repo_prefix_typo,False,False,True,1,8.09,True
cloudformation-json,repo_prefix_typo,False,False,True,1,8.09,True
cloudformation-json,repo_prefix_typo,False,False,True,1,8.09,True
cloudformation-json,mixed_env_and_branch_broad,False,False,True,1,6.832,False
cloudformation-json,mixed_env_and_branch_broad,False,False,True,1,6.832,True
cloudformation-json,mixed_env_and_branch_broad,False,False,True,1,6.832,True
cloudformation-json,mixed_env_and_branch_broad,False,False,True,1,6.832,True
cloudformation-json,mixed_env_and_branch_broad,False,False,True,1,6.832,True
cloudformation-json,mixed_env_and_branch_broad,False,False,True,1,6.832,True
cloudformation-json,mixed_env_and_branch_broad,False,False,True,1,6.832,True
cloudformation-json,mixed_env_and_branch_broad,False,False,True,1,6.832,True
cloudformation-json,mixed_env_and_branch_broad,False,False,True,1,6.832,True
cloudformation-json,mixed_env_and_branch_broad,False,False,True,1,6.832,True
cloudformation-json,mixed_env_and_branch_broad,False,False,True,1,6.832,True
cloudformation-json,mixed_env_and_branch_broad,False,False,True,1,6.832,True
cloudformation-json,mixed_env_and_branch_broad,False,False,True,1,6.832,True
cloudformation-json,mixed_env_and_branch_broad,False,False,True,1,6.832,True
cloudformation-json,mixed_env_and_branch_broad,False,False,True,1,6.832,True
cloudformation-json,mixed_env_and_branch_broad,False,False,True,1,6.832,True
cloudformation-json,mixed_env_and_branch_broad,False,False,True,1,6.832,True
cloudformation-json,mixed_env_and_branch_broad,False,False,True,1,6.832,True
cloudformation-json,mixed_env_and_branch_broad,False,False,True,1,6.832,True
cloudformation-json,mixed_env_and_branch_broad,False,False,True,1,6.832,True
cloudformation-json,mixed_env_and_branch_broad,False,False,True,1,6.832,True
cloudformation-json,mixed_env_and_branch_broad,False,False,True,1,6.832,True
cloudformation-json,mixed_env_and_branch_broad,False,False,True,1,6.832,True
cloudformation-json,mixed_env_and_branch_broad,False,False,True,1,6.832,True
cloudformation-json,mixed_env_and_branch_broad,False,False,True,1,6.832,True
cloudformation-json,mixed_env_and_branch_broad,False,False,True,1,6.832,True
cloudformation-json,mixed_env_and_branch_broad,False,False,True,1,6.832,True
cloudformation-json,mixed_env_and_branch_broad,False,False,True,1,6.832,True
cloudformation-json,mixed_env_and_branch_broad,False,False,True,1,6.832,True
cloudformation-json,mixed_env_and_branch_broad,False,False,True,1,6.832,True
cloudformation-json,mixed_env_and_branch_broad,False,False,True,1,6.832,True
cloudformation-json,mixed_env_and_branch_broad,False,False,True,1,6.832,True
cloudformation-json,conjunctive_ref_broad,False,False,True,1,6.555,False
cloudformation-json,conjunctive_ref_broad,False,False,True,1,6.555,True
cloudformation-json,conjunctive_ref_broad,False,False,True,1,6.555,True
cloudformation-json,conjunctive_ref_broad,False,False,True,1,6.555,True
cloudformation-json,conjunctive_ref_broad,False,False,True,1,6.555,True
cloudformation-json,conjunctive_ref_broad,False,False,True,1,6.555,True
cloudformation-json,conjunctive_ref_broad,False,False,True,1,6.555,True
cloudformation-json,conjunctive_ref_broad,False,False,True,1,6.555,True
cloudformation-json,conjunctive_ref_broad,False,False,True,1,6.555,True
cloudformation-json,conjunctive_ref_broad,False,False,True,1,6.555,True
cloudformation-json,conjunctive_ref_broad,False,False,True,1,6.555,True
cloudformation-json,conjunctive_ref_broad,False,False,True,1,6.555,True
cloudformation-json,conjunctive_ref_broad,False,False,True,1,6.555,True
cloudformation-json,conjunctive_ref_broad,False,False,True,1,6.555,True
cloudformation-json,conjunctive_ref_broad,False,False,True,1,6.555,True
cloudformation-json,conjunctive_ref_broad,False,False,True,1,6.555,True
cloudformation-json,conjunctive_ref_broad,False,False,True,1,6.555,True
cloudformation-json,conjunctive_ref_broad,False,False,True,1,6.555,True
cloudformation-json,conjunctive_ref_broad,False,False,True,1,6.555,True
cloudformation-json,conjunctive_ref_broad,False,False,True,1,6.555,True
cloudformation-json,conjunctive_ref_broad,False,False,True,1,6.555,True
cloudformation-json,conjunctive_ref_broad,False,False,True,1,6.555,True
cloudformation-json,conjunctive_ref_broad,False,False,True,1,6.555,True
cloudformation-json,conjunctive_ref_broad,False,False,True,1,6.555,True
cloudformation-json,conjunctive_ref_broad,False,False,True,1,6.555,True
cloudformation-json,conjunctive_ref_broad,False,False,True,1,6.555,True
cloudformation-json,conjunctive_ref_broad,False,False,True,1,6.555,True
cloudformation-json,conjunctive_ref_broad,False,False,True,1,6.555,True
cloudformation-json,conjunctive_ref_broad,False,False,True,1,6.555,True
cloudformation-json,conjunctive_ref_broad,False,False,True,1,6.555,True
cloudformation-json,conjunctive_ref_broad,False,False,True,1,6.555,True
cloudformation-json,conjunctive_ref_broad,False,False,True,1,6.555,True
cloudformation-json,unsupported_deny_cannot_discharge,False,False,True,1,5.443,False
cloudformation-json,unsupported_deny_cannot_discharge,False,False,True,1,5.443,True
cloudformation-json,unsupported_deny_cannot_discharge,False,False,True,1,5.443,True
cloudformation-json,unsupported_deny_cannot_discharge,False,False,True,1,5.443,True
cloudformation-json,unsupported_deny_cannot_discharge,False,False,True,1,5.443,True
cloudformation-json,unsupported_deny_cannot_discharge,False,False,True,1,5.443,True
cloudformation-json,unsupported_deny_cannot_discharge,False,False,True,1,5.443,True
cloudformation-json,unsupported_deny_cannot_discharge,False,False,True,1,5.443,True
cloudformation-json,unsupported_deny_cannot_discharge,False,False,True,1,5.443,True
cloudformation-json,unsupported_deny_cannot_discharge,False,False,True,1,5.443,True
cloudformation-json,unsupported_deny_cannot_discharge,False,False,True,1,5.443,True
cloudformation-json,unsupported_deny_cannot_discharge,False,False,True,1,5.443,True
cloudformation-json,unsupported_deny_cannot_discharge,False,False,True,1,5.443,True
cloudformation-json,unsupported_deny_cannot_discharge,False,False,True,1,5.443,True
cloudformation-json,unsupported_deny_cannot_discharge,False,False,True,1,5.443,True
cloudformation-json,unsupported_deny_cannot_discharge,False,False,True,1,5.443,True
cloudformation-json,unsupported_deny_cannot_discharge,False,False,True,1,5.443,True
cloudformation-json,unsupported_deny_cannot_discharge,False,False,True,1,5.443,True
cloudformation-json,unsupported_deny_cannot_discharge,False,False,True,1,5.443,True
cloudformation-json,unsupported_deny_cannot_discharge,False,False,True,1,5.443,True
cloudformation-json,unsupported_deny_cannot_discharge,False,False,True,1,5.443,True
cloudformation-json,unsupported_deny_cannot_discharge,False,False,True,1,5.443,True
cloudformation-json,unsupported_deny_cannot_discharge,False,False,True,1,5.443,True
cloudformation-json,unsupported_deny_cannot_discharge,False,False,True,1,5.443,True
cloudformation-json,unsupported_deny_cannot_discharge,False,False,True,1,5.443,True
cloudformation-json,unsupported_deny_cannot_discharge,False,False,True,1,5.443,True
cloudformation-json,unsupported_deny_cannot_discharge,False,False,True,1,5.443,True
cloudformation-json,unsupported_deny_cannot_discharge,False,False,True,1,5.443,True
cloudformation-json,unsupported_deny_cannot_discharge,False,False,True,1,5.443,True
cloudformation-json,unsupported_deny_cannot_discharge,False,False,True,1,5.443,True
cloudformation-json,unsupported_deny_cannot_discharge,False,False,True,1,5.443,True
cloudformation-json,unsupported_deny_cannot_discharge,False,False,True,1,5.443,True
cloudformation-json,safe_deny_narrowing,True,True,True,0,3.586,False
cloudformation-json,safe_deny_narrowing,True,True,True,0,3.586,True
cloudformation-json,safe_deny_narrowing,True,True,True,0,3.586,True
cloudformation-json,safe_deny_narrowing,True,True,True,0,3.586,True
cloudformation-json,safe_deny_narrowing,True,True,True,0,3.586,True
cloudformation-json,safe_deny_narrowing,True,True,True,0,3.586,True
cloudformation-json,safe_deny_narrowing,True,True,True,0,3.586,True
cloudformation-json,safe_deny_narrowing,True,True,True,0,3.586,True
cloudformation-json,safe_deny_narrowing,True,True,True,0,3.586,True
cloudformation-json,safe_deny_narrowing,True,True,True,0,3.586,True
cloudformation-json,safe_deny_narrowing,True,True,True,0,3.586,True
cloudformation-json,safe_deny_narrowing,True,True,True,0,3.586,True
cloudformation-json,safe_deny_narrowing,True,True,True,0,3.586,True
cloudformation-json,safe_deny_narrowing,True,True,True,0,3.586,True
cloudformation-json,safe_deny_narrowing,True,True,True,0,3.586,True
cloudformation-json,safe_deny_narrowing,True,True,True,0,3.586,True
cloudformation-json,safe_deny_narrowing,True,True,True,0,3.586,True
cloudformation-json,safe_deny_narrowing,True,True,True,0,3.586,True
cloudformation-json,safe_deny_narrowing,True,True,True,0,3.586,True
cloudformation-json,safe_deny_narrowing,True,True,True,0,3.586,True
cloudformation-json,safe_deny_narrowing,True,True,True,0,3.586,True
cloudformation-json,safe_deny_narrowing,True,True,True,0,3.586,True
cloudformation-json,safe_deny_narrowing,True,True,True,0,3.586,True
cloudformation-json,safe_deny_narrowing,True,True,True,0,3.586,True
cloudformation-json,safe_deny_narrowing,True,True,True,0,3.586,True
cloudformation-json,safe_deny_narrowing,True,True,True,0,3.586,True
cloudformation-json,safe_deny_narrowing,True,True,True,0,3.586,True
cloudformation-json,safe_deny_narrowing,True,True,True,0,3.586,True
cloudformation-json,safe_deny_narrowing,True,True,True,0,3.586,True
cloudformation-json,safe_deny_narrowing,True,True,True,0,3.586,True
cloudformation-json,safe_deny_narrowing,True,True,True,0,3.586,True
cloudformation-json,safe_deny_narrowing,True,True,True,0,3.586,True
cloudformation-json,unqualified_claim_keys,False,False,True,5,7.274,False
cloudformation-json,unqualified_claim_keys,False,False,True,5,7.274,True
cloudformation-json,unqualified_claim_keys,False,False,True,5,7.274,True
cloudformation-json,unqualified_claim_keys,False,False,True,5,7.274,True
cloudformation-json,unqualified_claim_keys,False,False,True,5,7.274,True
cloudformation-json,unqualified_claim_keys,False,False,True,5,7.274,True
cloudformation-json,unqualified_claim_keys,False,False,True,5,7.274,True
cloudformation-json,unqualified_claim_keys,False,False,True,5,7.274,True
cloudformation-json,unqualified_claim_keys,False,False,True,5,7.274,True
cloudformation-json,unqualified_claim_keys,False,False,True,5,7.274,True
cloudformation-json,unqualified_claim_keys,False,False,True,5,7.274,True
cloudformation-json,unqualified_claim_keys,False,False,True,5,7.274,True
cloudformation-json,unqualified_claim_keys,False,False,True,5,7.274,True
cloudformation-json,unqualified_claim_keys,False,False,True,5,7.274,True
cloudformation-json,unqualified_claim_keys,False,False,True,5,7.274,True
cloudformation-json,unqualified_claim_keys,False,False,True,5,7.274,True
cloudformation-json,unqualified_claim_keys,False,False,True,5,7.274,True
cloudformation-json,unqualified_claim_keys,False,False,True,5,7.274,True
cloudformation-json,unqualified_claim_keys,False,False,True,5,7.274,True
cloudformation-json,unqualified_claim_keys,False,False,True,5,7.274,True
cloudformation-json,unqualified_claim_keys,False,False,True,5,7.274,True
cloudformation-json,unqualified_claim_keys,False,False,True,5,7.274,True
cloudformation-json,unqualified_claim_keys,False,False,True,5,7.274,True
cloudformation-json,unqualified_claim_keys,False,False,True,5,7.274,True
cloudformation-json,unqualified_claim_keys,False,False,True,5,7.274,True
cloudformation-json,unqualified_claim_keys,False,False,True,5,7.274,True
cloudformation-json,unqualified_claim_keys,False,False,True,5,7.274,True
cloudformation-json,unqualified_claim_keys,False,False,True,5,7.274,True
cloudformation-json,unqualified_claim_keys,False,False,True,5,7.274,True
cloudformation-json,unqualified_claim_keys,False,False,True,5,7.274,True
cloudformation-json,unqualified_claim_keys,False,False,True,5,7.274,True
cloudformation-json,unqualified_claim_keys,False,False,True,5,7.274,True
cloudformation-json,substring_principal,False,False,True,1,0.733,False
cloudformation-json,substring_principal,False,False,True,1,0.733,True
cloudformation-json,substring_principal,False,False,True,1,0.733,True
cloudformation-json,substring_principal,False,False,True,1,0.733,True
cloudformation-json,substring_principal,False,False,True,1,0.733,True
cloudformation-json,substring_principal,False,False,True,1,0.733,True
cloudformation-json,substring_principal,False,False,True,1,0.733,True
cloudformation-json,substring_principal,False,False,True,1,0.733,True
cloudformation-json,substring_principal,False,False,True,1,0.733,True
cloudformation-json,substring_principal,False,False,True,1,0.733,True
cloudformation-json,substring_principal,False,False,True,1,0.733,True
cloudformation-json,substring_principal,False,False,True,1,0.733,True
cloudformation-json,substring_principal,False,False,True,1,0.733,True
cloudformation-json,substring_principal,False,False,True,1,0.733,True
cloudformation-json,substring_principal,False,False,True,1,0.733,True
cloudformation-json,substring_principal,False,False,True,1,0.733,True
cloudformation-json,substring_principal,False,False,True,1,0.733,True
cloudformation-json,substring_principal,False,False,True,1,0.733,True
cloudformation-json,substring_principal,False,False,True,1,0.733,True
cloudformation-json,substring_principal,False,False,True,1,0.733,True
cloudformation-json,substring_principal,False,False,True,1,0.733,True
cloudformation-json,substring_principal,False,False,True,1,0.733,True
cloudformation-json,substring_principal,False,False,True,1,0.733,True
cloudformation-json,substring_principal,False,False,True,1,0.733,True
cloudformation-json,substring_principal,False,False,True,1,0.733,True
cloudformation-json,substring_principal,False,False,True,1,0.733,True
cloudformation-json,substring_principal,False,False,True,1,0.733,True
cloudformation-json,substring_principal,False,False,True,1,0.733,True
cloudformation-json,substring_principal,False,False,True,1,0.733,True
cloudformation-json,substring_principal,False,False,True,1,0.733,True
cloudformation-json,substring_principal,False,False,True,1,0.733,True
cloudformation-json,substring_principal,False,False,True,1,0.733,True
cloudformation-json,non_github_principal,False,False,True,1,0.719,False
cloudformation-json,non_github_principal,False,False,True,1,0.719,True
cloudformation-json,non_github_principal,False,False,True,1,0.719,True
cloudformation-json,non_github_principal,False,False,True,1,0.719,True
cloudformation-json,non_github_principal,False,False,True,1,0.719,True
cloudformation-json,non_github_principal,False,False,True,1,0.719,True
cloudformation-json,non_github_principal,False,False,True,1,0.719,True
cloudformation-json,non_github_principal,False,False,True,1,0.719,True
cloudformation-json,non_github_principal,False,False,True,1,0.719,True
cloudformation-json,non_github_principal,False,False,True,1,0.719,True
cloudformation-json,non_github_principal,False,False,True,1,0.719,True
cloudformation-json,non_github_principal,False,False,True,1,0.719,True
cloudformation-json,non_github_principal,False,False,True,1,0.719,True
cloudformation-json,non_github_principal,False,False,True,1,0.719,True
cloudformation-json,non_github_principal,False,False,True,1,0.719,True
cloudformation-json,non_github_principal,False,False,True,1,0.719,True
cloudformation-json,non_github_principal,False,False,True,1,0.719,True
cloudformation-json,non_github_principal,False,False,True,1,0.719,True
cloudformation-json,non_github_principal,False,False,True,1,0.719,True
cloudformation-json,non_github_principal,False,False,True,1,0.719,True
cloudformation-json,non_github_principal,False,False,True,1,0.719,True
cloudformation-json,non_github_principal,False,False,True,1,0.719,True
cloudformation-json,non_github_principal,False,False,True,1,0.719,True
cloudformation-json,non_github_principal,False,False,True,1,0.719,True
cloudformation-json,non_github_principal,False,False,True,1,0.719,True
cloudformation-json,non_github_principal,False,False,True,1,0.719,True
cloudformation-json,non_github_principal,False,False,True,1,0.719,True
cloudformation-json,non_github_principal,False,False,True,1,0.719,True
cloudformation-json,non_github_principal,False,False,True,1,0.719,True
cloudformation-json,non_github_principal,False,False,True,1,0.719,True
cloudformation-json,non_github_principal,False,False,True,1,0.719,True
cloudformation-json,non_github_principal,False,False,True,1,0.719,True
