template,atom,expected_safe,fedfence_safe,correct,findings,ms,transported
audience_list_broad,0,False,False,True,1,3.18,False
audience_list_broad,1,False,False,True,1,3.18,True
audience_list_broad,2,False,False,True,1,3.18,True
audience_list_broad,3,False,False,True,1,3.18,True
audience_list_broad,4,False,False,True,1,3.18,True
audience_list_broad,5,False,False,True,1,3.18,True
audience_list_broad,6,False,False,True,1,3.18,True
audience_list_broad,7,False,False,True,1,3.18,True
audience_list_broad,8,False,False,True,1,3.18,True
audience_list_broad,9,False,False,True,1,3.18,True
audience_list_broad,10,False,False,True,1,3.18,True
audience_list_broad,11,False,False,True,1,3.18,True
audience_list_broad,12,False,False,True,1,3.18,True
audience_list_broad,13,False,False,True,1,3.18,True
audience_list_broad,14,False,False,True,1,3.18,True
audience_list_broad,15,False,False,True,1,3.18,True
audience_list_broad,16,False,False,True,1,3.18,True
audience_list_broad,17,False,False,True,1,3.18,True
audience_list_broad,18,False,False,True,1,3.18,True
audience_list_broad,19,False,False,True,1,3.18,True
audience_list_broad,20,False,False,True,1,3.18,True
audience_list_broad,21,False,False,True,1,3.18,True
audience_list_broad,22,False,False,True,1,3.18,True
audience_list_broad,23,False,False,True,1,3.18,True
audience_list_broad,24,False,False,True,1,3.18,True
audience_list_broad,25,False,False,True,1,3.18,True
audience_list_broad,26,False,False,True,1,3.18,True
audience_list_broad,27,False,False,True,1,3.18,True
audience_list_broad,28,False,False,True,1,3.18,True
audience_list_broad,29,False,False,True,1,3.18,True
audience_list_broad,30,False,False,True,1,3.18,True
audience_list_broad,31,False,False,True,1,3.18,True
audience_list_broad,32,False,False,True,1,3.18,True
audience_list_broad,33,False,False,True,1,3.18,True
audience_list_broad,34,False,False,True,1,3.18,True
audience_list_broad,35,False,False,True,1,3.18,True
audience_list_broad,36,False,False,True,1,3.18,True
audience_list_broad,37,False,False,True,1,3.18,True
audience_list_broad,38,False,False,True,1,3.18,True
audience_list_broad,39,False,False,True,1,3.18,True
audience_list_broad,40,False,False,True,1,3.18,True
audience_list_broad,41,False,False,True,1,3.18,True
audience_list_broad,42,False,False,True,1,3.18,True
audience_list_broad,43,False,False,True,1,3.18,True
audience_list_broad,44,False,False,True,1,3.18,True
audience_list_broad,45,False,False,True,1,3.18,True
audience_list_broad,46,False,False,True,1,3.18,True
audience_list_broad,47,False,False,True,1,3.18,True
audience_list_broad,48,False,False,True,1,3.18,True
audience_list_broad,49,False,False,True,1,3.18,True
audience_list_broad,50,False,False,True,1,3.18,True
audience_list_broad,51,False,False,True,1,3.18,True
audience_list_broad,52,False,False,True,1,3.18,True
audience_list_broad,53,False,False,True,1,3.18,True
audience_list_broad,54,False,False,True,1,3.18,True
audience_list_broad,55,False,False,True,1,3.18,True
audience_list_broad,56,False,False,True,1,3.18,True
audience_list_broad,57,False,False,True,1,3.18,True
audience_list_broad,58,False,False,True,1,3.18,True
audience_list_broad,59,False,False,True,1,3.18,True
audience_list_broad,60,False,False,True,1,3.18,True
audience_list_broad,61,False,False,True,1,3.18,True
audience_list_broad,62,False,False,True,1,3.18,True
audience_list_broad,63,False,False,True,1,3.18,True
audience_list_broad,64,False,False,True,1,3.18,True
audience_list_broad,65,False,False,True,1,3.18,True
audience_list_broad,66,False,False,True,1,3.18,True
audience_list_broad,67,False,False,True,1,3.18,True
audience_list_broad,68,False,False,True,1,3.18,True
audience_list_broad,69,False,False,True,1,3.18,True
audience_list_broad,70,False,False,True,1,3.18,True
audience_list_broad,71,False,False,True,1,3.18,True
audience_list_broad,72,False,False,True,1,3.18,True
audience_list_broad,73,False,False,True,1,3.18,True
audience_list_broad,74,False,False,True,1,3.18,True
audience_list_broad,75,False,False,True,1,3.18,True
audience_list_broad,76,False,False,True,1,3.18,True
audience_list_broad,77,False,False,True,1,3.18,True
audience_list_broad,78,False,False,True,1,3.18,True
audience_list_broad,79,False,False,True,1,3.18,True
audience_list_broad,80,False,False,True,1,3.18,True
audience_list_broad,81,False,False,True,1,3.18,True
audience_list_broad,82,False,False,True,1,3.18,True
audience_list_broad,83,False,False,True,1,3.18,True
audience_list_broad,84,False,False,True,1,3.18,True
audience_list_broad,85,False,False,True,1,3.18,True
audience_list_broad,86,False,False,True,1,3.18,True
audience_list_broad,87,False,False,True,1,3.18,True
audience_list_broad,88,False,False,True,1,3.18,True
audience_list_broad,89,False,False,True,1,3.18,True
audience_list_broad,90,False,False,True,1,3.18,True
audience_list_broad,91,False,False,True,1,3.18,True
audience_list_broad,92,False,False,True,1,3.18,True
audience_list_broad,93,False,False,True,1,3.18,True
audience_list_broad,94,False,False,True,1,3.18,True
audience_list_broad,95,False,False,True,1,3.18,True
audience_list_broad,96,False,False,True,1,3.18,True
audience_list_broad,97,False,False,True,1,3.18,True
audience_list_broad,98,False,False,True,1,3.18,True
audience_list_broad,99,False,False,True,1,3.18,True
audience_list_broad,100,False,False,True,1,3.18,True
audience_list_broad,101,False,False,True,1,3.18,True
audience_list_broad,102,False,False,True,1,3.18,True
audience_list_broad,103,False,False,True,1,3.18,True
audience_list_broad,104,False,False,True,1,3.18,True
audience_list_broad,105,False,False,True,1,3.18,True
audience_list_broad,106,False,False,True,1,3.18,True
audience_list_broad,107,False,False,True,1,3.18,True
audience_list_broad,108,False,False,True,1,3.18,True
audience_list_broad,109,False,False,True,1,3.18,True
audience_list_broad,110,False,False,True,1,3.18,True
audience_list_broad,111,False,False,True,1,3.18,True
audience_list_broad,112,False,False,True,1,3.18,True
audience_list_broad,113,False,False,True,1,3.18,True
audience_list_broad,114,False,False,True,1,3.18,True
audience_list_broad,115,False,False,True,1,3.18,True
audience_list_broad,116,False,False,True,1,3.18,True
audience_list_broad,117,False,False,True,1,3.18,True
audience_list_broad,118,False,False,True,1,3.18,True
audience_list_broad,119,False,False,True,1,3.18,True
audience_list_broad,120,False,False,True,1,3.18,True
audience_list_broad,121,False,False,True,1,3.18,True
audience_list_broad,122,False,False,True,1,3.18,True
audience_list_broad,123,False,False,True,1,3.18,True
audience_list_broad,124,False,False,True,1,3.18,True
audience_list_broad,125,False,False,True,1,3.18,True
audience_list_broad,126,False,False,True,1,3.18,True
audience_list_broad,127,False,False,True,1,3.18,True
audience_wildcard,0,False,False,True,1,2.433,False
audience_wildcard,1,False,False,True,1,2.433,True
audience_wildcard,2,False,False,True,1,2.433,True
audience_wildcard,3,False,False,True,1,2.433,True
audience_wildcard,4,False,False,True,1,2.433,True
audience_wildcard,5,False,False,True,1,2.433,True
audience_wildcard,6,False,False,True,1,2.433,True
audience_wildcard,7,False,False,True,1,2.433,True
audience_wildcard,8,False,False,True,1,2.433,True
audience_wildcard,9,False,False,True,1,2.433,True
audience_wildcard,10,False,False,True,1,2.433,True
audience_wildcard,11,False,False,True,1,2.433,True
audience_wildcard,12,False,False,True,1,2.433,True
audience_wildcard,13,False,False,True,1,2.433,True
audience_wildcard,14,False,False,True,1,2.433,True
audience_wildcard,15,False,False,True,1,2.433,True
audience_wildcard,16,False,False,True,1,2.433,True
audience_wildcard,17,False,False,True,1,2.433,True
audience_wildcard,18,False,False,True,1,2.433,True
audience_wildcard,19,False,False,True,1,2.433,True
audience_wildcard,20,False,False,True,1,2.433,True
audience_wildcard,21,False,False,True,1,2.433,True
audience_wildcard,22,False,False,True,1,2.433,True
audience_wildcard,23,False,False,True,1,2.433,True
audience_wildcard,24,False,False,True,1,2.433,True
audience_wildcard,25,False,False,True,1,2.433,True
audience_wildcard,26,False,False,True,1,2.433,True
audience_wildcard,27,False,False,True,1,2.433,True
audience_wildcard,28,False,False,True,1,2.433,True
audience_wildcard,29,False,False,True,1,2.433,True
audience_wildcard,30,False,False,True,1,2.433,True
audience_wildcard,31,False,False,True,1,2.433,True
audience_wildcard,32,False,False,True,1,2.433,True
audience_wildcard,33,False,False,True,1,2.433,True
audience_wildcard,34,False,False,True,1,2.433,True
audience_wildcard,35,False,False,True,1,2.433,True
audience_wildcard,36,False,False,True,1,2.433,True
audience_wildcard,37,False,False,True,1,2.433,True
audience_wildcard,38,False,False,True,1,2.433,True
audience_wildcard,39,False,False,True,1,2.433,True
audience_wildcard,40,False,False,True,1,2.433,True
audience_wildcard,41,False,False,True,1,2.433,True
audience_wildcard,42,False,False,True,1,2.433,True
audience_wildcard,43,False,False,True,1,2.433,True
audience_wildcard,44,False,False,True,1,2.433,True
audience_wildcard,45,False,False,True,1,2.433,True
audience_wildcard,46,False,False,True,1,2.433,True
audience_wildcard,47,False,False,True,1,2.433,True
audience_wildcard,48,False,False,True,1,2.433,True
audience_wildcard,49,False,False,True,1,2.433,True
audience_wildcard,50,False,False,True,1,2.433,True
audience_wildcard,51,False,False,True,1,2.433,True
audience_wildcard,52,False,False,True,1,2.433,True
audience_wildcard,53,False,False,True,1,2.433,True
audience_wildcard,54,False,False,True,1,2.433,True
audience_wildcard,55,False,False,True,1,2.433,True
audience_wildcard,56,False,False,True,1,2.433,True
audience_wildcard,57,False,False,True,1,2.433,True
audience_wildcard,58,False,False,True,1,2.433,True
audience_wildcard,59,False,False,True,1,2.433,True
audience_wildcard,60,False,False,True,1,2.433,True
audience_wildcard,61,False,False,True,1,2.433,True
audience_wildcard,62,False,False,True,1,2.433,True
audience_wildcard,63,False,False,True,1,2.433,True
audience_wildcard,64,False,False,True,1,2.433,True
audience_wildcard,65,False,False,True,1,2.433,True
audience_wildcard,66,False,False,True,1,2.433,True
audience_wildcard,67,False,False,True,1,2.433,True
audience_wildcard,68,False,False,True,1,2.433,True
audience_wildcard,69,False,False,True,1,2.433,True
audience_wildcard,70,False,False,True,1,2.433,True
audience_wildcard,71,False,False,True,1,2.433,True
audience_wildcard,72,False,False,True,1,2.433,True
audience_wildcard,73,False,False,True,1,2.433,True
audience_wildcard,74,False,False,True,1,2.433,True
audience_wildcard,75,False,False,True,1,2.433,True
audience_wildcard,76,False,False,True,1,2.433,True
audience_wildcard,77,False,False,True,1,2.433,True
audience_wildcard,78,False,False,True,1,2.433,True
audience_wildcard,79,False,False,True,1,2.433,True
audience_wildcard,80,False,False,True,1,2.433,True
audience_wildcard,81,False,False,True,1,2.433,True
audience_wildcard,82,False,False,True,1,2.433,True
audience_wildcard,83,False,False,True,1,2.433,True
audience_wildcard,84,False,False,True,1,2.433,True
audience_wildcard,85,False,False,True,1,2.433,True
audience_wildcard,86,False,False,True,1,2.433,True
audience_wildcard,87,False,False,True,1,2.433,True
audience_wildcard,88,False,False,True,1,2.433,True
audience_wildcard,89,False,False,True,1,2.433,True
audience_wildcard,90,False,False,True,1,2.433,True
audience_wildcard,91,False,False,True,1,2.433,True
audience_wildcard,92,False,False,True,1,2.433,True
audience_wildcard,93,False,False,True,1,2.433,True
audience_wildcard,94,False,False,True,1,2.433,True
audience_wildcard,95,False,False,True,1,2.433,True
audience_wildcard,96,False,False,True,1,2.433,True
audience_wildcard,97,False,False,True,1,2.433,True
audience_wildcard,98,False,False,True,1,2.433,True
audience_wildcard,99,False,False,True,1,2.433,True
audience_wildcard,100,False,False,True,1,2.433,True
audience_wildcard,101,False,False,True,1,2.433,True
audience_wildcard,102,False,False,True,1,2.433,True
audience_wildcard,103,False,False,True,1,2.433,True
audience_wildcard,104,False,False,True,1,2.433,True
audience_wildcard,105,False,False,True,1,2.433,True
audience_wildcard,106,False,False,True,1,2.433,True
audience_wildcard,107,False,False,True,1,2.433,True
audience_wildcard,108,False,False,True,1,2.433,True
audience_wildcard,109,False,False,True,1,2.433,True
audience_wildcard,110,False,False,True,1,2.433,True
audience_wildcard,111,False,False,True,1,2.433,True
audience_wildcard,112,False,False,True,1,2.433,True
audience_wildcard,113,False,False,True,1,2.433,True
audience_wildcard,114,False,False,True,1,2.433,True
audience_wildcard,115,False,False,True,1,2.433,True
audience_wildcard,116,False,False,True,1,2.433,True
audience_wildcard,117,False,False,True,1,2.433,True
audience_wildcard,118,False,False,True,1,2.433,True
audience_wildcard,119,False,False,True,1,2.433,True
audience_wildcard,120,False,False,True,1,2.433,True
audience_wildcard,121,False,False,True,1,2.433,True
audience_wildcard,122,False,False,True,1,2.433,True
audience_wildcard,123,False,False,True,1,2.433,True
audience_wildcard,124,False,False,True,1,2.433,True
audience_wildcard,125,False,False,True,1,2.433,True
audience_wildcard,126,False,False,True,1,2.433,True
audience_wildcard,127,False,False,True,1,2.433,True
branch_wildcard,0,False,False,True,1,3.986,False
branch_wildcard,1,False,False,True,1,3.986,True
branch_wildcard,2,False,False,True,1,3.986,True
branch_wildcard,3,False,False,True,1,3.986,True
branch_wildcard,4,False,False,True,1,3.986,True
branch_wildcard,5,False,False,True,1,3.986,True
branch_wildcard,6,False,False,True,1,3.986,True
branch_wildcard,7,False,False,True,1,3.986,True
branch_wildcard,8,False,False,True,1,3.986,True
branch_wildcard,9,False,False,True,1,3.986,True
branch_wildcard,10,False,False,True,1,3.986,True
branch_wildcard,11,False,False,True,1,3.986,True
branch_wildcard,12,False,False,True,1,3.986,True
branch_wildcard,13,False,False,True,1,3.986,True
branch_wildcard,14,False,False,True,1,3.986,True
branch_wildcard,15,False,False,True,1,3.986,True
branch_wildcard,16,False,False,True,1,3.986,True
branch_wildcard,17,False,False,True,1,3.986,True
branch_wildcard,18,False,False,True,1,3.986,True
branch_wildcard,19,False,False,True,1,3.986,True
branch_wildcard,20,False,False,True,1,3.986,True
branch_wildcard,21,False,False,True,1,3.986,True
branch_wildcard,22,False,False,True,1,3.986,True
branch_wildcard,23,False,False,True,1,3.986,True
branch_wildcard,24,False,False,True,1,3.986,True
branch_wildcard,25,False,False,True,1,3.986,True
branch_wildcard,26,False,False,True,1,3.986,True
branch_wildcard,27,False,False,True,1,3.986,True
branch_wildcard,28,False,False,True,1,3.986,True
branch_wildcard,29,False,False,True,1,3.986,True
branch_wildcard,30,False,False,True,1,3.986,True
branch_wildcard,31,False,False,True,1,3.986,True
branch_wildcard,32,False,False,True,1,3.986,True
branch_wildcard,33,False,False,True,1,3.986,True
branch_wildcard,34,False,False,True,1,3.986,True
branch_wildcard,35,False,False,True,1,3.986,True
branch_wildcard,36,False,False,True,1,3.986,True
branch_wildcard,37,False,False,True,1,3.986,True
branch_wildcard,38,False,False,True,1,3.986,True
branch_wildcard,39,False,False,True,1,3.986,True
branch_wildcard,40,False,False,True,1,3.986,True
branch_wildcard,41,False,False,True,1,3.986,True
branch_wildcard,42,False,False,True,1,3.986,True
branch_wildcard,43,False,False,True,1,3.986,True
branch_wildcard,44,False,False,True,1,3.986,True
branch_wildcard,45,False,False,True,1,3.986,True
branch_wildcard,46,False,False,True,1,3.986,True
branch_wildcard,47,False,False,True,1,3.986,True
branch_wildcard,48,False,False,True,1,3.986,True
branch_wildcard,49,False,False,True,1,3.986,True
branch_wildcard,50,False,False,True,1,3.986,True
branch_wildcard,51,False,False,True,1,3.986,True
branch_wildcard,52,False,False,True,1,3.986,True
branch_wildcard,53,False,False,True,1,3.986,True
branch_wildcard,54,False,False,True,1,3.986,True
branch_wildcard,55,False,False,True,1,3.986,True
branch_wildcard,56,False,False,True,1,3.986,True
branch_wildcard,57,False,False,True,1,3.986,True
branch_wildcard,58,False,False,True,1,3.986,True
branch_wildcard,59,False,False,True,1,3.986,True
branch_wildcard,60,False,False,True,1,3.986,True
branch_wildcard,61,False,False,True,1,3.986,True
branch_wildcard,62,False,False,True,1,3.986,True
branch_wildcard,63,False,False,True,1,3.986,True
branch_wildcard,64,False,False,True,1,3.986,True
branch_wildcard,65,False,False,True,1,3.986,True
branch_wildcard,66,False,False,True,1,3.986,True
branch_wildcard,67,False,False,True,1,3.986,True
branch_wildcard,68,False,False,True,1,3.986,True
branch_wildcard,69,False,False,True,1,3.986,True
branch_wildcard,70,False,False,True,1,3.986,True
branch_wildcard,71,False,False,True,1,3.986,True
branch_wildcard,72,False,False,True,1,3.986,True
branch_wildcard,73,False,False,True,1,3.986,True
branch_wildcard,74,False,False,True,1,3.986,True
branch_wildcard,75,False,False,True,1,3.986,True
branch_wildcard,76,False,False,True,1,3.986,True
branch_wildcard,77,False,False,True,1,3.986,True
branch_wildcard,78,False,False,True,1,3.986,True
branch_wildcard,79,False,False,True,1,3.986,True
branch_wildcard,80,False,False,True,1,3.986,True
branch_wildcard,81,False,False,True,1,3.986,True
branch_wildcard,82,False,False,True,1,3.986,True
branch_wildcard,83,False,False,True,1,3.986,True
branch_wildcard,84,False,False,True,1,3.986,True
branch_wildcard,85,False,False,True,1,3.986,True
branch_wildcard,86,False,False,True,1,3.986,True
branch_wildcard,87,False,False,True,1,3.986,True
branch_wildcard,88,False,False,True,1,3.986,True
branch_wildcard,89,False,False,True,1,3.986,True
branch_wildcard,90,False,False,True,1,3.986,True
branch_wildcard,91,False,False,True,1,3.986,True
branch_wildcard,92,False,False,True,1,3.986,True
branch_wildcard,93,False,False,True,1,3.986,True
branch_wildcard,94,False,False,True,1,3.986,True
branch_wildcard,95,False,False,True,1,3.986,True
branch_wildcard,96,False,False,True,1,3.986,True
branch_wildcard,97,False,False,True,1,3.986,True
branch_wildcard,98,False,False,True,1,3.986,True
branch_wildcard,99,False,False,True,1,3.986,True
branch_wildcard,100,False,False,True,1,3.986,True
branch_wildcard,101,False,False,True,1,3.986,True
branch_wildcard,102,False,False,True,1,3.986,True
branch_wildcard,103,False,False,True,1,3.986,True
branch_wildcard,104,False,False,True,1,3.986,True
branch_wildcard,105,False,False,True,1,3.986,True
branch_wildcard,106,False,False,True,1,3.986,True
branch_wildcard,107,False,False,True,1,3.986,True
branch_wildcard,108,False,False,True,1,3.986,True
branch_wildcard,109,False,False,True,1,3.986,True
branch_wildcard,110,False,False,True,1,3.986,True
branch_wildcard,111,False,False,True,1,3.986,True
branch_wildcard,112,False,False,True,1,3.986,True
branch_wildcard,113,False,False,True,1,3.986,True
branch_wildcard,114,False,False,True,1,3.986,True
branch_wildcard,115,False,False,True,1,3.986,True
branch_wildcard,116,False,False,True,1,3.986,True
branch_wildcard,117,False,False,True,1,3.986,True
branch_wildcard,118,False,False,True,1,3.986,True
branch_wildcard,119,False,False,True,1,3.986,True
branch_wildcard,120,False,False,True,1,3.986,True
branch_wildcard,121,False,False,True,1,3.986,True
branch_wildcard,122,False,False,True,1,3.986,True
branch_wildcard,123,False,False,True,1,3.986,True
branch_wildcard,124,False,False,True,1,3.986,True
branch_wildcard,125,False,False,True,1,3.986,True
branch_wildcard,126,False,False,True,1,3.986,True
branch_wildcard,127,False,False,True,1,3.986,True
conjunctive_ref_broad,0,False,False,True,1,5.526,False
conjunctive_ref_broad,1,False,False,True,1,5.526,True
conjunctive_ref_broad,2,False,False,True,1,5.526,True
conjunctive_ref_broad,3,False,False,True,1,5.526,True
conjunctive_ref_broad,4,False,False,True,1,5.526,True
conjunctive_ref_broad,5,False,False,True,1,5.526,True
conjunctive_ref_broad,6,False,False,True,1,5.526,True
conjunctive_ref_broad,7,False,False,True,1,5.526,True
conjunctive_ref_broad,8,False,False,True,1,5.526,True
conjunctive_ref_broad,9,False,False,True,1,5.526,True
conjunctive_ref_broad,10,False,False,True,1,5.526,True
conjunctive_ref_broad,11,False,False,True,1,5.526,True
conjunctive_ref_broad,12,False,False,True,1,5.526,True
conjunctive_ref_broad,13,False,False,True,1,5.526,True
conjunctive_ref_broad,14,False,False,True,1,5.526,True
conjunctive_ref_broad,15,False,False,True,1,5.526,True
conjunctive_ref_broad,16,False,False,True,1,5.526,True
conjunctive_ref_broad,17,False,False,True,1,5.526,True
conjunctive_ref_broad,18,False,False,True,1,5.526,True
conjunctive_ref_broad,19,False,False,True,1,5.526,True
conjunctive_ref_broad,20,False,False,True,1,5.526,True
conjunctive_ref_broad,21,False,False,True,1,5.526,True
conjunctive_ref_broad,22,False,False,True,1,5.526,True
conjunctive_ref_broad,23,False,False,True,1,5.526,True
conjunctive_ref_broad,24,False,False,True,1,5.526,True
conjunctive_ref_broad,25,False,False,True,1,5.526,True
conjunctive_ref_broad,26,False,False,True,1,5.526,True
conjunctive_ref_broad,27,False,False,True,1,5.526,True
conjunctive_ref_broad,28,False,False,True,1,5.526,True
conjunctive_ref_broad,29,False,False,True,1,5.526,True
conjunctive_ref_broad,30,False,False,True,1,5.526,True
conjunctive_ref_broad,31,False,False,True,1,5.526,True
conjunctive_ref_broad,32,False,False,True,1,5.526,True
conjunctive_ref_broad,33,False,False,True,1,5.526,True
conjunctive_ref_broad,34,False,False,True,1,5.526,True
conjunctive_ref_broad,35,False,False,True,1,5.526,True
conjunctive_ref_broad,36,False,False,True,1,5.526,True
conjunctive_ref_broad,37,False,False,True,1,5.526,True
conjunctive_ref_broad,38,False,False,True,1,5.526,True
conjunctive_ref_broad,39,False,False,True,1,5.526,True
conjunctive_ref_broad,40,False,False,True,1,5.526,True
conjunctive_ref_broad,41,False,False,True,1,5.526,True
conjunctive_ref_broad,42,False,False,True,1,5.526,True
conjunctive_ref_broad,43,False,False,True,1,5.526,True
conjunctive_ref_broad,44,False,False,True,1,5.526,True
conjunctive_ref_broad,45,False,False,True,1,5.526,True
conjunctive_ref_broad,46,False,False,True,1,5.526,True
conjunctive_ref_broad,47,False,False,True,1,5.526,True
conjunctive_ref_broad,48,False,False,True,1,5.526,True
conjunctive_ref_broad,49,False,False,True,1,5.526,True
conjunctive_ref_broad,50,False,False,True,1,5.526,True
conjunctive_ref_broad,51,False,False,True,1,5.526,True
conjunctive_ref_broad,52,False,False,True,1,5.526,True
conjunctive_ref_broad,53,False,False,True,1,5.526,True
conjunctive_ref_broad,54,False,False,True,1,5.526,True
conjunctive_ref_broad,55,False,False,True,1,5.526,True
conjunctive_ref_broad,56,False,False,True,1,5.526,True
conjunctive_ref_broad,57,False,False,True,1,5.526,True
conjunctive_ref_broad,58,False,False,True,1,5.526,True
conjunctive_ref_broad,59,False,False,True,1,5.526,True
conjunctive_ref_broad,60,False,False,True,1,5.526,True
conjunctive_ref_broad,61,False,False,True,1,5.526,True
conjunctive_ref_broad,62,False,False,True,1,5.526,True
conjunctive_ref_broad,63,False,False,True,1,5.526,True
conjunctive_ref_broad,64,False,False,True,1,5.526,True
conjunctive_ref_broad,65,False,False,True,1,5.526,True
conjunctive_ref_broad,66,False,False,True,1,5.526,True
conjunctive_ref_broad,67,False,False,True,1,5.526,True
conjunctive_ref_broad,68,False,False,True,1,5.526,True
conjunctive_ref_broad,69,False,False,True,1,5.526,True
conjunctive_ref_broad,70,False,False,True,1,5.526,True
conjunctive_ref_broad,71,False,False,True,1,5.526,True
conjunctive_ref_broad,72,False,False,True,1,5.526,True
conjunctive_ref_broad,73,False,False,True,1,5.526,True
conjunctive_ref_broad,74,False,False,True,1,5.526,True
conjunctive_ref_broad,75,False,False,True,1,5.526,True
conjunctive_ref_broad,76,False,False,True,1,5.526,True
conjunctive_ref_broad,77,False,False,True,1,5.526,True
conjunctive_ref_broad,78,False,False,True,1,5.526,True
conjunctive_ref_broad,79,False,False,True,1,5.526,True
conjunctive_ref_broad,80,False,False,True,1,5.526,True
conjunctive_ref_broad,81,False,False,True,1,5.526,True
conjunctive_ref_broad,82,False,False,True,1,5.526,True
conjunctive_ref_broad,83,False,False,True,1,5.526,True
conjunctive_ref_broad,84,False,False,True,1,5.526,True
conjunctive_ref_broad,85,False,False,True,1,5.526,True
conjunctive_ref_broad,86,False,False,True,1,5.526,True
conjunctive_ref_broad,87,False,False,True,1,5.526,True
conjunctive_ref_broad,88,False,False,True,1,5.526,True
conjunctive_ref_broad,89,False,False,True,1,5.526,True
conjunctive_ref_broad,90,False,False,True,1,5.526,True
conjunctive_ref_broad,91,False,False,True,1,5.526,True
conjunctive_ref_broad,92,False,False,True,1,5.526,True
conjunctive_ref_broad,93,False,False,True,1,5.526,True
conjunctive_ref_broad,94,False,False,True,1,5.526,True
conjunctive_ref_broad,95,False,False,True,1,5.526,True
conjunctive_ref_broad,96,False,False,True,1,5.526,True
conjunctive_ref_broad,97,False,False,True,1,5.526,True
conjunctive_ref_broad,98,False,False,True,1,5.526,True
conjunctive_ref_broad,99,False,False,True,1,5.526,True
conjunctive_ref_broad,100,False,False,True,1,5.526,True
conjunctive_ref_broad,101,False,False,True,1,5.526,True
conjunctive_ref_broad,102,False,False,True,1,5.526,True
conjunctive_ref_broad,103,False,False,True,1,5.526,True
conjunctive_ref_broad,104,False,False,True,1,5.526,True
conjunctive_ref_broad,105,False,False,True,1,5.526,True
conjunctive_ref_broad,106,False,False,True,1,5.526,True
conjunctive_ref_broad,107,False,False,True,1,5.526,True
conjunctive_ref_broad,108,False,False,True,1,5.526,True
conjunctive_ref_broad,109,False,False,True,1,5.526,True
conjunctive_ref_broad,110,False,False,True,1,5.526,True
conjunctive_ref_broad,111,False,False,True,1,5.526,True
conjunctive_ref_broad,112,False,False,True,1,5.526,True
conjunctive_ref_broad,113,False,False,True,1,5.526,True
conjunctive_ref_broad,114,False,False,True,1,5.526,True
conjunctive_ref_broad,115,False,False,True,1,5.526,True
conjunctive_ref_broad,116,False,False,True,1,5.526,True
conjunctive_ref_broad,117,False,False,True,1,5.526,True
conjunctive_ref_broad,118,False,False,True,1,5.526,True
conjunctive_ref_broad,119,False,False,True,1,5.526,True
conjunctive_ref_broad,120,False,False,True,1,5.526,True
conjunctive_ref_broad,121,False,False,True,1,5.526,True
conjunctive_ref_broad,122,False,False,True,1,5.526,True
conjunctive_ref_broad,123,False,False,True,1,5.526,True
conjunctive_ref_broad,124,False,False,True,1,5.526,True
conjunctive_ref_broad,125,False,False,True,1,5.526,True
conjunctive_ref_broad,126,False,False,True,1,5.526,True
conjunctive_ref_broad,127,False,False,True,1,5.526,True
cross_repository_environment_governance,0,False,False,True,1,2.311,False
cross_repository_environment_governance,1,False,False,True,1,2.311,True
cross_repository_environment_governance,2,False,False,True,1,2.311,True
cross_repository_environment_governance,3,False,False,True,1,2.311,True
cross_repository_environment_governance,4,False,False,True,1,2.311,True
cross_repository_environment_governance,5,False,False,True,1,2.311,True
cross_repository_environment_governance,6,False,False,True,1,2.311,True
cross_repository_environment_governance,7,False,False,True,1,2.311,True
cross_repository_environment_governance,8,False,False,True,1,2.311,True
cross_repository_environment_governance,9,False,False,True,1,2.311,True
cross_repository_environment_governance,10,False,False,True,1,2.311,True
cross_repository_environment_governance,11,False,False,True,1,2.311,True
cross_repository_environment_governance,12,False,False,True,1,2.311,True
cross_repository_environment_governance,13,False,False,True,1,2.311,True
cross_repository_environment_governance,14,False,False,True,1,2.311,True
cross_repository_environment_governance,15,False,False,True,1,2.311,True
cross_repository_environment_governance,16,False,False,True,1,2.311,True
cross_repository_environment_governance,17,False,False,True,1,2.311,True
cross_repository_environment_governance,18,False,False,True,1,2.311,True
cross_repository_environment_governance,19,False,False,True,1,2.311,True
cross_repository_environment_governance,20,False,False,True,1,2.311,True
cross_repository_environment_governance,21,False,False,True,1,2.311,True
cross_repository_environment_governance,22,False,False,True,1,2.311,True
cross_repository_environment_governance,23,False,False,True,1,2.311,True
cross_repository_environment_governance,24,False,False,True,1,2.311,True
cross_repository_environment_governance,25,False,False,True,1,2.311,True
cross_repository_environment_governance,26,False,False,True,1,2.311,True
cross_repository_environment_governance,27,False,False,True,1,2.311,True
cross_repository_environment_governance,28,False,False,True,1,2.311,True
cross_repository_environment_governance,29,False,False,True,1,2.311,True
cross_repository_environment_governance,30,False,False,True,1,2.311,True
cross_repository_environment_governance,31,False,False,True,1,2.311,True
cross_repository_environment_governance,32,False,False,True,1,2.311,True
cross_repository_environment_governance,33,False,False,True,1,2.311,True
cross_repository_environment_governance,34,False,False,True,1,2.311,True
cross_repository_environment_governance,35,False,False,True,1,2.311,True
cross_repository_environment_governance,36,False,False,True,1,2.311,True
cross_repository_environment_governance,37,False,False,True,1,2.311,True
cross_repository_environment_governance,38,False,False,True,1,2.311,True
cross_repository_environment_governance,39,False,False,True,1,2.311,True
cross_repository_environment_governance,40,False,False,True,1,2.311,True
cross_repository_environment_governance,41,False,False,True,1,2.311,True
cross_repository_environment_governance,42,False,False,True,1,2.311,True
cross_repository_environment_governance,43,False,False,True,1,2.311,True
cross_repository_environment_governance,44,False,False,True,1,2.311,True
cross_repository_environment_governance,45,False,False,True,1,2.311,True
cross_repository_environment_governance,46,False,False,True,1,2.311,True
cross_repository_environment_governance,47,False,False,True,1,2.311,True
cross_repository_environment_governance,48,False,False,True,1,2.311,True
cross_repository_environment_governance,49,False,False,True,1,2.311,True
cross_repository_environment_governance,50,False,False,True,1,2.311,True
cross_repository_environment_governance,51,False,False,True,1,2.311,True
cross_repository_environment_governance,52,False,False,True,1,2.311,True
cross_repository_environment_governance,53,False,False,True,1,2.311,True
cross_repository_environment_governance,54,False,False,True,1,2.311,True
cross_repository_environment_governance,55,False,False,True,1,2.311,True
cross_repository_environment_governance,56,False,False,True,1,2.311,True
cross_repository_environment_governance,57,False,False,True,1,2.311,True
cross_repository_environment_governance,58,False,False,True,1,2.311,True
cross_repository_environment_governance,59,False,False,True,1,2.311,True
cross_repository_environment_governance,60,False,False,True,1,2.311,True
cross_repository_environment_governance,61,False,False,True,1,2.311,True
cross_repository_environment_governance,62,False,False,True,1,2.311,True
cross_repository_environment_governance,63,False,False,True,1,2.311,True
cross_repository_environment_governance,64,False,False,True,1,2.311,True
cross_repository_environment_governance,65,False,False,True,1,2.311,True
cross_repository_environment_governance,66,False,False,True,1,2.311,True
cross_repository_environment_governance,67,False,False,True,1,2.311,True
cross_repository_environment_governance,68,False,False,True,1,2.311,True
cross_repository_environment_governance,69,False,False,True,1,2.311,True
cross_repository_environment_governance,70,False,False,True,1,2.311,True
cross_repository_environment_governance,71,False,False,True,1,2.311,True
cross_repository_environment_governance,72,False,False,True,1,2.311,True
cross_repository_environment_governance,73,False,False,True,1,2.311,True
cross_repository_environment_governance,74,False,False,True,1,2.311,True
cross_repository_environment_governance,75,False,False,True,1,2.311,True
cross_repository_environment_governance,76,False,False,True,1,2.311,True
cross_repository_environment_governance,77,False,False,True,1,2.311,True
cross_repository_environment_governance,78,False,False,True,1,2.311,True
cross_repository_environment_governance,79,False,False,True,1,2.311,True
cross_repository_environment_governance,80,False,False,True,1,2.311,True
cross_repository_environment_governance,81,False,False,True,1,2.311,True
cross_repository_environment_governance,82,False,False,True,1,2.311,True
cross_repository_environment_governance,83,False,False,True,1,2.311,True
cross_repository_environment_governance,84,False,False,True,1,2.311,True
cross_repository_environment_governance,85,False,False,True,1,2.311,True
cross_repository_environment_governance,86,False,False,True,1,2.311,True
cross_repository_environment_governance,87,False,False,True,1,2.311,True
cross_repository_environment_governance,88,False,False,True,1,2.311,True
cross_repository_environment_governance,89,False,False,True,1,2.311,True
cross_repository_environment_governance,90,False,False,True,1,2.311,True
cross_repository_environment_governance,91,False,False,True,1,2.311,True
cross_repository_environment_governance,92,False,False,True,1,2.311,True
cross_repository_environment_governance,93,False,False,True,1,2.311,True
cross_repository_environment_governance,94,False,False,True,1,2.311,True
cross_repository_environment_governance,95,False,False,True,1,2.311,True
cross_repository_environment_governance,96,False,False,True,1,2.311,True
cross_repository_environment_governance,97,False,False,True,1,2.311,True
cross_repository_environment_governance,98,False,False,True,1,2.311,True
cross_repository_environment_governance,99,False,False,True,1,2.311,True
cross_repository_environment_governance,100,False,False,True,1,2.311,True
cross_repository_environment_governance,101,False,False,True,1,2.311,True
cross_repository_environment_governance,102,False,False,True,1,2.311,True
cross_repository_environment_governance,103,False,False,True,1,2.311,True
cross_repository_environment_governance,104,False,False,True,1,2.311,True
cross_repository_environment_governance,105,False,False,True,1,2.311,True
cross_repository_environment_governance,106,False,False,True,1,2.311,True
cross_repository_environment_governance,107,False,False,True,1,2.311,True
cross_repository_environment_governance,108,False,False,True,1,2.311,True
cross_repository_environment_governance,109,False,False,True,1,2.311,True
cross_repository_environment_governance,110,False,False,True,1,2.311,True
cross_repository_environment_governance,111,False,False,True,1,2.311,True
cross_repository_environment_governance,112,False,False,True,1,2.311,True
cross_repository_environment_governance,113,False,False,True,1,2.311,True
cross_repository_environment_governance,114,False,False,True,1,2.311,True
cross_repository_environment_governance,115,False,False,True,1,2.311,True
cross_repository_environment_governance,116,False,False,True,1,2.311,True
cross_repository_environment_governance,117,False,False,True,1,2.311,True
cross_repository_environment_governance,118,False,False,True,1,2.311,True
cross_repository_environment_governance,119,False,False,True,1,2.311,True
cross_repository_environment_governance,120,False,False,True,1,2.311,True
cross_repository_environment_governance,121,False,False,True,1,2.311,True
cross_repository_environment_governance,122,False,False,True,1,2.311,True
cross_repository_environment_governance,123,False,False,True,1,2.311,True
cross_repository_environment_governance,124,False,False,True,1,2.311,True
cross_repository_environment_governance,125,False,False,True,1,2.311,True
cross_repository_environment_governance,126,False,False,True,1,2.311,True
cross_repository_environment_governance,127,False,False,True,1,2.311,True
environment_wildcard,0,False,False,True,2,3.574,False
environment_wildcard,1,False,False,True,2,3.574,True
environment_wildcard,2,False,False,True,2,3.574,True
environment_wildcard,3,False,False,True,2,3.574,True
environment_wildcard,4,False,False,True,2,3.574,True
environment_wildcard,5,False,False,True,2,3.574,True
environment_wildcard,6,False,False,True,2,3.574,True
environment_wildcard,7,False,False,True,2,3.574,True
environment_wildcard,8,False,False,True,2,3.574,True
environment_wildcard,9,False,False,True,2,3.574,True
environment_wildcard,10,False,False,True,2,3.574,True
environment_wildcard,11,False,False,True,2,3.574,True
environment_wildcard,12,False,False,True,2,3.574,True
environment_wildcard,13,False,False,True,2,3.574,True
environment_wildcard,14,False,False,True,2,3.574,True
environment_wildcard,15,False,False,True,2,3.574,True
environment_wildcard,16,False,False,True,2,3.574,True
environment_wildcard,17,False,False,True,2,3.574,True
environment_wildcard,18,False,False,True,2,3.574,True
environment_wildcard,19,False,False,True,2,3.574,True
environment_wildcard,20,False,False,True,2,3.574,True
environment_wildcard,21,False,False,True,2,3.574,True
environment_wildcard,22,False,False,True,2,3.574,True
environment_wildcard,23,False,False,True,2,3.574,True
environment_wildcard,24,False,False,True,2,3.574,True
environment_wildcard,25,False,False,True,2,3.574,True
environment_wildcard,26,False,False,True,2,3.574,True
environment_wildcard,27,False,False,True,2,3.574,True
environment_wildcard,28,False,False,True,2,3.574,True
environment_wildcard,29,False,False,True,2,3.574,True
environment_wildcard,30,False,False,True,2,3.574,True
environment_wildcard,31,False,False,True,2,3.574,True
environment_wildcard,32,False,False,True,2,3.574,True
environment_wildcard,33,False,False,True,2,3.574,True
environment_wildcard,34,False,False,True,2,3.574,True
environment_wildcard,35,False,False,True,2,3.574,True
environment_wildcard,36,False,False,True,2,3.574,True
environment_wildcard,37,False,False,True,2,3.574,True
environment_wildcard,38,False,False,True,2,3.574,True
environment_wildcard,39,False,False,True,2,3.574,True
environment_wildcard,40,False,False,True,2,3.574,True
environment_wildcard,41,False,False,True,2,3.574,True
environment_wildcard,42,False,False,True,2,3.574,True
environment_wildcard,43,False,False,True,2,3.574,True
environment_wildcard,44,False,False,True,2,3.574,True
environment_wildcard,45,False,False,True,2,3.574,True
environment_wildcard,46,False,False,True,2,3.574,True
environment_wildcard,47,False,False,True,2,3.574,True
environment_wildcard,48,False,False,True,2,3.574,True
environment_wildcard,49,False,False,True,2,3.574,True
environment_wildcard,50,False,False,True,2,3.574,True
environment_wildcard,51,False,False,True,2,3.574,True
environment_wildcard,52,False,False,True,2,3.574,True
environment_wildcard,53,False,False,True,2,3.574,True
environment_wildcard,54,False,False,True,2,3.574,True
environment_wildcard,55,False,False,True,2,3.574,True
environment_wildcard,56,False,False,True,2,3.574,True
environment_wildcard,57,False,False,True,2,3.574,True
environment_wildcard,58,False,False,True,2,3.574,True
environment_wildcard,59,False,False,True,2,3.574,True
environment_wildcard,60,False,False,True,2,3.574,True
environment_wildcard,61,False,False,True,2,3.574,True
environment_wildcard,62,False,False,True,2,3.574,True
environment_wildcard,63,False,False,True,2,3.574,True
environment_wildcard,64,False,False,True,2,3.574,True
environment_wildcard,65,False,False,True,2,3.574,True
environment_wildcard,66,False,False,True,2,3.574,True
environment_wildcard,67,False,False,True,2,3.574,True
environment_wildcard,68,False,False,True,2,3.574,True
environment_wildcard,69,False,False,True,2,3.574,True
environment_wildcard,70,False,False,True,2,3.574,True
environment_wildcard,71,False,False,True,2,3.574,True
environment_wildcard,72,False,False,True,2,3.574,True
environment_wildcard,73,False,False,True,2,3.574,True
environment_wildcard,74,False,False,True,2,3.574,True
environment_wildcard,75,False,False,True,2,3.574,True
environment_wildcard,76,False,False,True,2,3.574,True
environment_wildcard,77,False,False,True,2,3.574,True
environment_wildcard,78,False,False,True,2,3.574,True
environment_wildcard,79,False,False,True,2,3.574,True
environment_wildcard,80,False,False,True,2,3.574,True
environment_wildcard,81,False,False,True,2,3.574,True
environment_wildcard,82,False,False,True,2,3.574,True
environment_wildcard,83,False,False,True,2,3.574,True
environment_wildcard,84,False,False,True,2,3.574,True
environment_wildcard,85,False,False,True,2,3.574,True
environment_wildcard,86,False,False,True,2,3.574,True
environment_wildcard,87,False,False,True,2,3.574,True
environment_wildcard,88,False,False,True,2,3.574,True
environment_wildcard,89,False,False,True,2,3.574,True
environment_wildcard,90,False,False,True,2,3.574,True
environment_wildcard,91,False,False,True,2,3.574,True
environment_wildcard,92,False,False,True,2,3.574,True
environment_wildcard,93,False,False,True,2,3.574,True
environment_wildcard,94,False,False,True,2,3.574,True
environment_wildcard,95,False,False,True,2,3.574,True
environment_wildcard,96,False,False,True,2,3.574,True
environment_wildcard,97,False,False,True,2,3.574,True
environment_wildcard,98,False,False,True,2,3.574,True
environment_wildcard,99,False,False,True,2,3.574,True
environment_wildcard,100,False,False,True,2,3.574,True
environment_wildcard,101,False,False,True,2,3.574,True
environment_wildcard,102,False,False,True,2,3.574,True
environment_wildcard,103,False,False,True,2,3.574,True
environment_wildcard,104,False,False,True,2,3.574,True
environment_wildcard,105,False,False,True,2,3.574,True
environment_wildcard,106,False,False,True,2,3.574,True
environment_wildcard,107,False,False,True,2,3.574,True
environment_wildcard,108,False,False,True,2,3.574,True
environment_wildcard,109,False,False,True,2,3.574,True
environment_wildcard,110,False,False,True,2,3.574,True
environment_wildcard,111,False,False,True,2,3.574,True
environment_wildcard,112,False,False,True,2,3.574,True
environment_wildcard,113,False,False,True,2,3.574,True
environment_wildcard,114,False,False,True,2,3.574,True
environment_wildcard,115,False,False,True,2,3.574,True
environment_wildcard,116,False,False,True,2,3.574,True
environment_wildcard,117,False,False,True,2,3.574,True
environment_wildcard,118,False,False,True,2,3.574,True
environment_wildcard,119,False,False,True,2,3.574,True
environment_wildcard,120,False,False,True,2,3.574,True
environment_wildcard,121,False,False,True,2,3.574,True
environment_wildcard,122,False,False,True,2,3.574,True
environment_wildcard,123,False,False,True,2,3.574,True
environment_wildcard,124,False,False,True,2,3.574,True
environment_wildcard,125,False,False,True,2,3.574,True
environment_wildcard,126,False,False,True,2,3.574,True
environment_wildcard,127,False,False,True,2,3.574,True
literal_question_audience,0,False,False,True,1,2.383,False
literal_question_audience,1,False,False,True,1,2.383,True
literal_question_audience,2,False,False,True,1,2.383,True
literal_question_audience,3,False,False,True,1,2.383,True
literal_question_audience,4,False,False,True,1,2.383,True
literal_question_audience,5,False,False,True,1,2.383,True
literal_question_audience,6,False,False,True,1,2.383,True
literal_question_audience,7,False,False,True,1,2.383,True
literal_question_audience,8,False,False,True,1,2.383,True
literal_question_audience,9,False,False,True,1,2.383,True
literal_question_audience,10,False,False,True,1,2.383,True
literal_question_audience,11,False,False,True,1,2.383,True
literal_question_audience,12,False,False,True,1,2.383,True
literal_question_audience,13,False,False,True,1,2.383,True
literal_question_audience,14,False,False,True,1,2.383,True
literal_question_audience,15,False,False,True,1,2.383,True
literal_question_audience,16,False,False,True,1,2.383,True
literal_question_audience,17,False,False,True,1,2.383,True
literal_question_audience,18,False,False,True,1,2.383,True
literal_question_audience,19,False,False,True,1,2.383,True
literal_question_audience,20,False,False,True,1,2.383,True
literal_question_audience,21,False,False,True,1,2.383,True
literal_question_audience,22,False,False,True,1,2.383,True
literal_question_audience,23,False,False,True,1,2.383,True
literal_question_audience,24,False,False,True,1,2.383,True
literal_question_audience,25,False,False,True,1,2.383,True
literal_question_audience,26,False,False,True,1,2.383,True
literal_question_audience,27,False,False,True,1,2.383,True
literal_question_audience,28,False,False,True,1,2.383,True
literal_question_audience,29,False,False,True,1,2.383,True
literal_question_audience,30,False,False,True,1,2.383,True
literal_question_audience,31,False,False,True,1,2.383,True
literal_question_audience,32,False,False,True,1,2.383,True
literal_question_audience,33,False,False,True,1,2.383,True
literal_question_audience,34,False,False,True,1,2.383,True
literal_question_audience,35,False,False,True,1,2.383,True
literal_question_audience,36,False,False,True,1,2.383,True
literal_question_audience,37,False,False,True,1,2.383,True
literal_question_audience,38,False,False,True,1,2.383,True
literal_question_audience,39,False,False,True,1,2.383,True
literal_question_audience,40,False,False,True,1,2.383,True
literal_question_audience,41,False,False,True,1,2.383,True
literal_question_audience,42,False,False,True,1,2.383,True
literal_question_audience,43,False,False,True,1,2.383,True
literal_question_audience,44,False,False,True,1,2.383,True
literal_question_audience,45,False,False,True,1,2.383,True
literal_question_audience,46,False,False,True,1,2.383,True
literal_question_audience,47,False,False,True,1,2.383,True
literal_question_audience,48,False,False,True,1,2.383,True
literal_question_audience,49,False,False,True,1,2.383,True
literal_question_audience,50,False,False,True,1,2.383,True
literal_question_audience,51,False,False,True,1,2.383,True
literal_question_audience,52,False,False,True,1,2.383,True
literal_question_audience,53,False,False,True,1,2.383,True
literal_question_audience,54,False,False,True,1,2.383,True
literal_question_audience,55,False,False,True,1,2.383,True
literal_question_audience,56,False,False,True,1,2.383,True
literal_question_audience,57,False,False,True,1,2.383,True
literal_question_audience,58,False,False,True,1,2.383,True
literal_question_audience,59,False,False,True,1,2.383,True
literal_question_audience,60,False,False,True,1,2.383,True
literal_question_audience,61,False,False,True,1,2.383,True
literal_question_audience,62,False,False,True,1,2.383,True
literal_question_audience,63,False,False,True,1,2.383,True
literal_question_audience,64,False,False,True,1,2.383,True
literal_question_audience,65,False,False,True,1,2.383,True
literal_question_audience,66,False,False,True,1,2.383,True
literal_question_audience,67,False,False,True,1,2.383,True
literal_question_audience,68,False,False,True,1,2.383,True
literal_question_audience,69,False,False,True,1,2.383,True
literal_question_audience,70,False,False,True,1,2.383,True
literal_question_audience,71,False,False,True,1,2.383,True
literal_question_audience,72,False,False,True,1,2.383,True
literal_question_audience,73,False,False,True,1,2.383,True
literal_question_audience,74,False,False,True,1,2.383,True
literal_question_audience,75,False,False,True,1,2.383,True
literal_question_audience,76,False,False,True,1,2.383,True
literal_question_audience,77,False,False,True,1,2.383,True
literal_question_audience,78,False,False,True,1,2.383,True
literal_question_audience,79,False,False,True,1,2.383,True
literal_question_audience,80,False,False,True,1,2.383,True
literal_question_audience,81,False,False,True,1,2.383,True
literal_question_audience,82,False,False,True,1,2.383,True
literal_question_audience,83,False,False,True,1,2.383,True
literal_question_audience,84,False,False,True,1,2.383,True
literal_question_audience,85,False,False,True,1,2.383,True
literal_question_audience,86,False,False,True,1,2.383,True
literal_question_audience,87,False,False,True,1,2.383,True
literal_question_audience,88,False,False,True,1,2.383,True
literal_question_audience,89,False,False,True,1,2.383,True
literal_question_audience,90,False,False,True,1,2.383,True
literal_question_audience,91,False,False,True,1,2.383,True
literal_question_audience,92,False,False,True,1,2.383,True
literal_question_audience,93,False,False,True,1,2.383,True
literal_question_audience,94,False,False,True,1,2.383,True
literal_question_audience,95,False,False,True,1,2.383,True
literal_question_audience,96,False,False,True,1,2.383,True
literal_question_audience,97,False,False,True,1,2.383,True
literal_question_audience,98,False,False,True,1,2.383,True
literal_question_audience,99,False,False,True,1,2.383,True
literal_question_audience,100,False,False,True,1,2.383,True
literal_question_audience,101,False,False,True,1,2.383,True
literal_question_audience,102,False,False,True,1,2.383,True
literal_question_audience,103,False,False,True,1,2.383,True
literal_question_audience,104,False,False,True,1,2.383,True
literal_question_audience,105,False,False,True,1,2.383,True
literal_question_audience,106,False,False,True,1,2.383,True
literal_question_audience,107,False,False,True,1,2.383,True
literal_question_audience,108,False,False,True,1,2.383,True
literal_question_audience,109,False,False,True,1,2.383,True
literal_question_audience,110,False,False,True,1,2.383,True
literal_question_audience,111,False,False,True,1,2.383,True
literal_question_audience,112,False,False,True,1,2.383,True
literal_question_audience,113,False,False,True,1,2.383,True
literal_question_audience,114,False,False,True,1,2.383,True
literal_question_audience,115,False,False,True,1,2.383,True
literal_question_audience,116,False,False,True,1,2.383,True
literal_question_audience,117,False,False,True,1,2.383,True
literal_question_audience,118,False,False,True,1,2.383,True
literal_question_audience,119,False,False,True,1,2.383,True
literal_question_audience,120,False,False,True,1,2.383,True
literal_question_audience,121,False,False,True,1,2.383,True
literal_question_audience,122,False,False,True,1,2.383,True
literal_question_audience,123,False,False,True,1,2.383,True
literal_question_audience,124,False,False,True,1,2.383,True
literal_question_audience,125,False,False,True,1,2.383,True
literal_question_audience,126,False,False,True,1,2.383,True
literal_question_audience,127,False,False,True,1,2.383,True
literal_star_audience,0,False,False,True,1,2.351,False
literal_star_audience,1,False,False,True,1,2.351,True
literal_star_audience,2,False,False,True,1,2.351,True
literal_star_audience,3,False,False,True,1,2.351,True
literal_star_audience,4,False,False,True,1,2.351,True
literal_star_audience,5,False,False,True,1,2.351,True
literal_star_audience,6,False,False,True,1,2.351,True
literal_star_audience,7,False,False,True,1,2.351,True
literal_star_audience,8,False,False,True,1,2.351,True
literal_star_audience,9,False,False,True,1,2.351,True
literal_star_audience,10,False,False,True,1,2.351,True
literal_star_audience,11,False,False,True,1,2.351,True
literal_star_audience,12,False,False,True,1,2.351,True
literal_star_audience,13,False,False,True,1,2.351,True
literal_star_audience,14,False,False,True,1,2.351,True
literal_star_audience,15,False,False,True,1,2.351,True
literal_star_audience,16,False,False,True,1,2.351,True
literal_star_audience,17,False,False,True,1,2.351,True
literal_star_audience,18,False,False,True,1,2.351,True
literal_star_audience,19,False,False,True,1,2.351,True
literal_star_audience,20,False,False,True,1,2.351,True
literal_star_audience,21,False,False,True,1,2.351,True
literal_star_audience,22,False,False,True,1,2.351,True
literal_star_audience,23,False,False,True,1,2.351,True
literal_star_audience,24,False,False,True,1,2.351,True
literal_star_audience,25,False,False,True,1,2.351,True
literal_star_audience,26,False,False,True,1,2.351,True
literal_star_audience,27,False,False,True,1,2.351,True
literal_star_audience,28,False,False,True,1,2.351,True
literal_star_audience,29,False,False,True,1,2.351,True
literal_star_audience,30,False,False,True,1,2.351,True
literal_star_audience,31,False,False,True,1,2.351,True
literal_star_audience,32,False,False,True,1,2.351,True
literal_star_audience,33,False,False,True,1,2.351,True
literal_star_audience,34,False,False,True,1,2.351,True
literal_star_audience,35,False,False,True,1,2.351,True
literal_star_audience,36,False,False,True,1,2.351,True
literal_star_audience,37,False,False,True,1,2.351,True
literal_star_audience,38,False,False,True,1,2.351,True
literal_star_audience,39,False,False,True,1,2.351,True
literal_star_audience,40,False,False,True,1,2.351,True
literal_star_audience,41,False,False,True,1,2.351,True
literal_star_audience,42,False,False,True,1,2.351,True
literal_star_audience,43,False,False,True,1,2.351,True
literal_star_audience,44,False,False,True,1,2.351,True
literal_star_audience,45,False,False,True,1,2.351,True
literal_star_audience,46,False,False,True,1,2.351,True
literal_star_audience,47,False,False,True,1,2.351,True
literal_star_audience,48,False,False,True,1,2.351,True
literal_star_audience,49,False,False,True,1,2.351,True
literal_star_audience,50,False,False,True,1,2.351,True
literal_star_audience,51,False,False,True,1,2.351,True
literal_star_audience,52,False,False,True,1,2.351,True
literal_star_audience,53,False,False,True,1,2.351,True
literal_star_audience,54,False,False,True,1,2.351,True
literal_star_audience,55,False,False,True,1,2.351,True
literal_star_audience,56,False,False,True,1,2.351,True
literal_star_audience,57,False,False,True,1,2.351,True
literal_star_audience,58,False,False,True,1,2.351,True
literal_star_audience,59,False,False,True,1,2.351,True
literal_star_audience,60,False,False,True,1,2.351,True
literal_star_audience,61,False,False,True,1,2.351,True
literal_star_audience,62,False,False,True,1,2.351,True
literal_star_audience,63,False,False,True,1,2.351,True
literal_star_audience,64,False,False,True,1,2.351,True
literal_star_audience,65,False,False,True,1,2.351,True
literal_star_audience,66,False,False,True,1,2.351,True
literal_star_audience,67,False,False,True,1,2.351,True
literal_star_audience,68,False,False,True,1,2.351,True
literal_star_audience,69,False,False,True,1,2.351,True
literal_star_audience,70,False,False,True,1,2.351,True
literal_star_audience,71,False,False,True,1,2.351,True
literal_star_audience,72,False,False,True,1,2.351,True
literal_star_audience,73,False,False,True,1,2.351,True
literal_star_audience,74,False,False,True,1,2.351,True
literal_star_audience,75,False,False,True,1,2.351,True
literal_star_audience,76,False,False,True,1,2.351,True
literal_star_audience,77,False,False,True,1,2.351,True
literal_star_audience,78,False,False,True,1,2.351,True
literal_star_audience,79,False,False,True,1,2.351,True
literal_star_audience,80,False,False,True,1,2.351,True
literal_star_audience,81,False,False,True,1,2.351,True
literal_star_audience,82,False,False,True,1,2.351,True
literal_star_audience,83,False,False,True,1,2.351,True
literal_star_audience,84,False,False,True,1,2.351,True
literal_star_audience,85,False,False,True,1,2.351,True
literal_star_audience,86,False,False,True,1,2.351,True
literal_star_audience,87,False,False,True,1,2.351,True
literal_star_audience,88,False,False,True,1,2.351,True
literal_star_audience,89,False,False,True,1,2.351,True
literal_star_audience,90,False,False,True,1,2.351,True
literal_star_audience,91,False,False,True,1,2.351,True
literal_star_audience,92,False,False,True,1,2.351,True
literal_star_audience,93,False,False,True,1,2.351,True
literal_star_audience,94,False,False,True,1,2.351,True
literal_star_audience,95,False,False,True,1,2.351,True
literal_star_audience,96,False,False,True,1,2.351,True
literal_star_audience,97,False,False,True,1,2.351,True
literal_star_audience,98,False,False,True,1,2.351,True
literal_star_audience,99,False,False,True,1,2.351,True
literal_star_audience,100,False,False,True,1,2.351,True
literal_star_audience,101,False,False,True,1,2.351,True
literal_star_audience,102,False,False,True,1,2.351,True
literal_star_audience,103,False,False,True,1,2.351,True
literal_star_audience,104,False,False,True,1,2.351,True
literal_star_audience,105,False,False,True,1,2.351,True
literal_star_audience,106,False,False,True,1,2.351,True
literal_star_audience,107,False,False,True,1,2.351,True
literal_star_audience,108,False,False,True,1,2.351,True
literal_star_audience,109,False,False,True,1,2.351,True
literal_star_audience,110,False,False,True,1,2.351,True
literal_star_audience,111,False,False,True,1,2.351,True
literal_star_audience,112,False,False,True,1,2.351,True
literal_star_audience,113,False,False,True,1,2.351,True
literal_star_audience,114,False,False,True,1,2.351,True
literal_star_audience,115,False,False,True,1,2.351,True
literal_star_audience,116,False,False,True,1,2.351,True
literal_star_audience,117,False,False,True,1,2.351,True
literal_star_audience,118,False,False,True,1,2.351,True
literal_star_audience,119,False,False,True,1,2.351,True
literal_star_audience,120,False,False,True,1,2.351,True
literal_star_audience,121,False,False,True,1,2.351,True
literal_star_audience,122,False,False,True,1,2.351,True
literal_star_audience,123,False,False,True,1,2.351,True
literal_star_audience,124,False,False,True,1,2.351,True
literal_star_audience,125,False,False,True,1,2.351,True
literal_star_audience,126,False,False,True,1,2.351,True
literal_star_audience,127,False,False,True,1,2.351,True
missing_subject,0,False,False,True,2,6.136,False
missing_subject,1,False,False,True,2,6.136,True
missing_subject,2,False,False,True,2,6.136,True
missing_subject,3,False,False,True,2,6.136,True
missing_subject,4,False,False,True,2,6.136,True
missing_subject,5,False,False,True,2,6.136,True
missing_subject,6,False,False,True,2,6.136,True
missing_subject,7,False,False,True,2,6.136,True
missing_subject,8,False,False,True,2,6.136,True
missing_subject,9,False,False,True,2,6.136,True
missing_subject,10,False,False,True,2,6.136,True
missing_subject,11,False,False,True,2,6.136,True
missing_subject,12,False,False,True,2,6.136,True
missing_subject,13,False,False,True,2,6.136,True
missing_subject,14,False,False,True,2,6.136,True
missing_subject,15,False,False,True,2,6.136,True
missing_subject,16,False,False,True,2,6.136,True
missing_subject,17,False,False,True,2,6.136,True
missing_subject,18,False,False,True,2,6.136,True
missing_subject,19,False,False,True,2,6.136,True
missing_subject,20,False,False,True,2,6.136,True
missing_subject,21,False,False,True,2,6.136,True
missing_subject,22,False,False,True,2,6.136,True
missing_subject,23,False,False,True,2,6.136,True
missing_subject,24,False,False,True,2,6.136,True
missing_subject,25,False,False,True,2,6.136,True
missing_subject,26,False,False,True,2,6.136,True
missing_subject,27,False,False,True,2,6.136,True
missing_subject,28,False,False,True,2,6.136,True
missing_subject,29,False,False,True,2,6.136,True
missing_subject,30,False,False,True,2,6.136,True
missing_subject,31,False,False,True,2,6.136,True
missing_subject,32,False,False,True,2,6.136,True
missing_subject,33,False,False,True,2,6.136,True
missing_subject,34,False,False,True,2,6.136,True
missing_subject,35,False,False,True,2,6.136,True
missing_subject,36,False,False,True,2,6.136,True
missing_subject,37,False,False,True,2,6.136,True
missing_subject,38,False,False,True,2,6.136,True
missing_subject,39,False,False,True,2,6.136,True
missing_subject,40,False,False,True,2,6.136,True
missing_subject,41,False,False,True,2,6.136,True
missing_subject,42,False,False,True,2,6.136,True
missing_subject,43,False,False,True,2,6.136,True
missing_subject,44,False,False,True,2,6.136,True
missing_subject,45,False,False,True,2,6.136,True
missing_subject,46,False,False,True,2,6.136,True
missing_subject,47,False,False,True,2,6.136,True
missing_subject,48,False,False,True,2,6.136,True
missing_subject,49,False,False,True,2,6.136,True
missing_subject,50,False,False,True,2,6.136,True
missing_subject,51,False,False,True,2,6.136,True
missing_subject,52,False,False,True,2,6.136,True
missing_subject,53,False,False,True,2,6.136,True
missing_subject,54,False,False,True,2,6.136,True
missing_subject,55,False,False,True,2,6.136,True
missing_subject,56,False,False,True,2,6.136,True
missing_subject,57,False,False,True,2,6.136,True
missing_subject,58,False,False,True,2,6.136,True
missing_subject,59,False,False,True,2,6.136,True
missing_subject,60,False,False,True,2,6.136,True
missing_subject,61,False,False,True,2,6.136,True
missing_subject,62,False,False,True,2,6.136,True
missing_subject,63,False,False,True,2,6.136,True
missing_subject,64,False,False,True,2,6.136,True
missing_subject,65,False,False,True,2,6.136,True
missing_subject,66,False,False,True,2,6.136,True
missing_subject,67,False,False,True,2,6.136,True
missing_subject,68,False,False,True,2,6.136,True
missing_subject,69,False,False,True,2,6.136,True
missing_subject,70,False,False,True,2,6.136,True
missing_subject,71,False,False,True,2,6.136,True
missing_subject,72,False,False,True,2,6.136,True
missing_subject,73,False,False,True,2,6.136,True
missing_subject,74,False,False,True,2,6.136,True
missing_subject,75,False,False,True,2,6.136,True
missing_subject,76,False,False,True,2,6.136,True
missing_subject,77,False,False,True,2,6.136,True
missing_subject,78,False,False,True,2,6.136,True
missing_subject,79,False,False,True,2,6.136,True
missing_subject,80,False,False,True,2,6.136,True
missing_subject,81,False,False,True,2,6.136,True
missing_subject,82,False,False,True,2,6.136,True
missing_subject,83,False,False,True,2,6.136,True
missing_subject,84,False,False,True,2,6.136,True
missing_subject,85,False,False,True,2,6.136,True
missing_subject,86,False,False,True,2,6.136,True
missing_subject,87,False,False,True,2,6.136,True
missing_subject,88,False,False,True,2,6.136,True
missing_subject,89,False,False,True,2,6.136,True
missing_subject,90,False,False,True,2,6.136,True
missing_subject,91,False,False,True,2,6.136,True
missing_subject,92,False,False,True,2,6.136,True
missing_subject,93,False,False,True,2,6.136,True
missing_subject,94,False,False,True,2,6.136,True
missing_subject,95,False,False,True,2,6.136,True
missing_subject,96,False,False,True,2,6.136,True
missing_subject,97,False,False,True,2,6.136,True
missing_subject,98,False,False,True,2,6.136,True
missing_subject,99,False,False,True,2,6.136,True
missing_subject,100,False,False,True,2,6.136,True
missing_subject,101,False,False,True,2,6.136,True
missing_subject,102,False,False,True,2,6.136,True
missing_subject,103,False,False,True,2,6.136,True
missing_subject,104,False,False,True,2,6.136,True
missing_subject,105,False,False,True,2,6.136,True
missing_subject,106,False,False,True,2,6.136,True
missing_subject,107,False,False,True,2,6.136,True
missing_subject,108,False,False,True,2,6.136,True
missing_subject,109,False,False,True,2,6.136,True
missing_subject,110,False,False,True,2,6.136,True
missing_subject,111,False,False,True,2,6.136,True
missing_subject,112,False,False,True,2,6.136,True
missing_subject,113,False,False,True,2,6.136,True
missing_subject,114,False,False,True,2,6.136,True
missing_subject,115,False,False,True,2,6.136,True
missing_subject,116,False,False,True,2,6.136,True
missing_subject,117,False,False,True,2,6.136,True
missing_subject,118,False,False,True,2,6.136,True
missing_subject,119,False,False,True,2,6.136,True
missing_subject,120,False,False,True,2,6.136,True
missing_subject,121,False,False,True,2,6.136,True
missing_subject,122,False,False,True,2,6.136,True
missing_subject,123,False,False,True,2,6.136,True
missing_subject,124,False,False,True,2,6.136,True
missing_subject,125,False,False,True,2,6.136,True
missing_subject,126,False,False,True,2,6.136,True
missing_subject,127,False,False,True,2,6.136,True
mixed_env_and_branch_broad,0,False,False,True,1,5.289,False
mixed_env_and_branch_broad,1,False,False,True,1,5.289,True
mixed_env_and_branch_broad,2,False,False,True,1,5.289,True
mixed_env_and_branch_broad,3,False,False,True,1,5.289,True
mixed_env_and_branch_broad,4,False,False,True,1,5.289,True
mixed_env_and_branch_broad,5,False,False,True,1,5.289,True
mixed_env_and_branch_broad,6,False,False,True,1,5.289,True
mixed_env_and_branch_broad,7,False,False,True,1,5.289,True
mixed_env_and_branch_broad,8,False,False,True,1,5.289,True
mixed_env_and_branch_broad,9,False,False,True,1,5.289,True
mixed_env_and_branch_broad,10,False,False,True,1,5.289,True
mixed_env_and_branch_broad,11,False,False,True,1,5.289,True
mixed_env_and_branch_broad,12,False,False,True,1,5.289,True
mixed_env_and_branch_broad,13,False,False,True,1,5.289,True
mixed_env_and_branch_broad,14,False,False,True,1,5.289,True
mixed_env_and_branch_broad,15,False,False,True,1,5.289,True
mixed_env_and_branch_broad,16,False,False,True,1,5.289,True
mixed_env_and_branch_broad,17,False,False,True,1,5.289,True
mixed_env_and_branch_broad,18,False,False,True,1,5.289,True
mixed_env_and_branch_broad,19,False,False,True,1,5.289,True
mixed_env_and_branch_broad,20,False,False,True,1,5.289,True
mixed_env_and_branch_broad,21,False,False,True,1,5.289,True
mixed_env_and_branch_broad,22,False,False,True,1,5.289,True
mixed_env_and_branch_broad,23,False,False,True,1,5.289,True
mixed_env_and_branch_broad,24,False,False,True,1,5.289,True
mixed_env_and_branch_broad,25,False,False,True,1,5.289,True
mixed_env_and_branch_broad,26,False,False,True,1,5.289,True
mixed_env_and_branch_broad,27,False,False,True,1,5.289,True
mixed_env_and_branch_broad,28,False,False,True,1,5.289,True
mixed_env_and_branch_broad,29,False,False,True,1,5.289,True
mixed_env_and_branch_broad,30,False,False,True,1,5.289,True
mixed_env_and_branch_broad,31,False,False,True,1,5.289,True
mixed_env_and_branch_broad,32,False,False,True,1,5.289,True
mixed_env_and_branch_broad,33,False,False,True,1,5.289,True
mixed_env_and_branch_broad,34,False,False,True,1,5.289,True
mixed_env_and_branch_broad,35,False,False,True,1,5.289,True
mixed_env_and_branch_broad,36,False,False,True,1,5.289,True
mixed_env_and_branch_broad,37,False,False,True,1,5.289,True
mixed_env_and_branch_broad,38,False,False,True,1,5.289,True
mixed_env_and_branch_broad,39,False,False,True,1,5.289,True
mixed_env_and_branch_broad,40,False,False,True,1,5.289,True
mixed_env_and_branch_broad,41,False,False,True,1,5.289,True
mixed_env_and_branch_broad,42,False,False,True,1,5.289,True
mixed_env_and_branch_broad,43,False,False,True,1,5.289,True
mixed_env_and_branch_broad,44,False,False,True,1,5.289,True
mixed_env_and_branch_broad,45,False,False,True,1,5.289,True
mixed_env_and_branch_broad,46,False,False,True,1,5.289,True
mixed_env_and_branch_broad,47,False,False,True,1,5.289,True
mixed_env_and_branch_broad,48,False,False,True,1,5.289,True
mixed_env_and_branch_broad,49,False,False,True,1,5.289,True
mixed_env_and_branch_broad,50,False,False,True,1,5.289,True
mixed_env_and_branch_broad,51,False,False,True,1,5.289,True
mixed_env_and_branch_broad,52,False,False,True,1,5.289,True
mixed_env_and_branch_broad,53,False,False,True,1,5.289,True
mixed_env_and_branch_broad,54,False,False,True,1,5.289,True
mixed_env_and_branch_broad,55,False,False,True,1,5.289,True
mixed_env_and_branch_broad,56,False,False,True,1,5.289,True
mixed_env_and_branch_broad,57,False,False,True,1,5.289,True
mixed_env_and_branch_broad,58,False,False,True,1,5.289,True
mixed_env_and_branch_broad,59,False,False,True,1,5.289,True
mixed_env_and_branch_broad,60,False,False,True,1,5.289,True
mixed_env_and_branch_broad,61,False,False,True,1,5.289,True
mixed_env_and_branch_broad,62,False,False,True,1,5.289,True
mixed_env_and_branch_broad,63,False,False,True,1,5.289,True
mixed_env_and_branch_broad,64,False,False,True,1,5.289,True
mixed_env_and_branch_broad,65,False,False,True,1,5.289,True
mixed_env_and_branch_broad,66,False,False,True,1,5.289,True
mixed_env_and_branch_broad,67,False,False,True,1,5.289,True
mixed_env_and_branch_broad,68,False,False,True,1,5.289,True
mixed_env_and_branch_broad,69,False,False,True,1,5.289,True
mixed_env_and_branch_broad,70,False,False,True,1,5.289,True
mixed_env_and_branch_broad,71,False,False,True,1,5.289,True
mixed_env_and_branch_broad,72,False,False,True,1,5.289,True
mixed_env_and_branch_broad,73,False,False,True,1,5.289,True
mixed_env_and_branch_broad,74,False,False,True,1,5.289,True
mixed_env_and_branch_broad,75,False,False,True,1,5.289,True
mixed_env_and_branch_broad,76,False,False,True,1,5.289,True
mixed_env_and_branch_broad,77,False,False,True,1,5.289,True
mixed_env_and_branch_broad,78,False,False,True,1,5.289,True
mixed_env_and_branch_broad,79,False,False,True,1,5.289,True
mixed_env_and_branch_broad,80,False,False,True,1,5.289,True
mixed_env_and_branch_broad,81,False,False,True,1,5.289,True
mixed_env_and_branch_broad,82,False,False,True,1,5.289,True
mixed_env_and_branch_broad,83,False,False,True,1,5.289,True
mixed_env_and_branch_broad,84,False,False,True,1,5.289,True
mixed_env_and_branch_broad,85,False,False,True,1,5.289,True
mixed_env_and_branch_broad,86,False,False,True,1,5.289,True
mixed_env_and_branch_broad,87,False,False,True,1,5.289,True
mixed_env_and_branch_broad,88,False,False,True,1,5.289,True
mixed_env_and_branch_broad,89,False,False,True,1,5.289,True
mixed_env_and_branch_broad,90,False,False,True,1,5.289,True
mixed_env_and_branch_broad,91,False,False,True,1,5.289,True
mixed_env_and_branch_broad,92,False,False,True,1,5.289,True
mixed_env_and_branch_broad,93,False,False,True,1,5.289,True
mixed_env_and_branch_broad,94,False,False,True,1,5.289,True
mixed_env_and_branch_broad,95,False,False,True,1,5.289,True
mixed_env_and_branch_broad,96,False,False,True,1,5.289,True
mixed_env_and_branch_broad,97,False,False,True,1,5.289,True
mixed_env_and_branch_broad,98,False,False,True,1,5.289,True
mixed_env_and_branch_broad,99,False,False,True,1,5.289,True
mixed_env_and_branch_broad,100,False,False,True,1,5.289,True
mixed_env_and_branch_broad,101,False,False,True,1,5.289,True
mixed_env_and_branch_broad,102,False,False,True,1,5.289,True
mixed_env_and_branch_broad,103,False,False,True,1,5.289,True
mixed_env_and_branch_broad,104,False,False,True,1,5.289,True
mixed_env_and_branch_broad,105,False,False,True,1,5.289,True
mixed_env_and_branch_broad,106,False,False,True,1,5.289,True
mixed_env_and_branch_broad,107,False,False,True,1,5.289,True
mixed_env_and_branch_broad,108,False,False,True,1,5.289,True
mixed_env_and_branch_broad,109,False,False,True,1,5.289,True
mixed_env_and_branch_broad,110,False,False,True,1,5.289,True
mixed_env_and_branch_broad,111,False,False,True,1,5.289,True
mixed_env_and_branch_broad,112,False,False,True,1,5.289,True
mixed_env_and_branch_broad,113,False,False,True,1,5.289,True
mixed_env_and_branch_broad,114,False,False,True,1,5.289,True
mixed_env_and_branch_broad,115,False,False,True,1,5.289,True
mixed_env_and_branch_broad,116,False,False,True,1,5.289,True
mixed_env_and_branch_broad,117,False,False,True,1,5.289,True
mixed_env_and_branch_broad,118,False,False,True,1,5.289,True
mixed_env_and_branch_broad,119,False,False,True,1,5.289,True
mixed_env_and_branch_broad,120,False,False,True,1,5.289,True
mixed_env_and_branch_broad,121,False,False,True,1,5.289,True
mixed_env_and_branch_broad,122,False,False,True,1,5.289,True
mixed_env_and_branch_broad,123,False,False,True,1,5.289,True
mixed_env_and_branch_broad,124,False,False,True,1,5.289,True
mixed_env_and_branch_broad,125,False,False,True,1,5.289,True
mixed_env_and_branch_broad,126,False,False,True,1,5.289,True
mixed_env_and_branch_broad,127,False,False,True,1,5.289,True
multi_statement_broad,0,False,False,True,1,5.54,False
multi_statement_broad,1,False,False,True,1,5.54,True
multi_statement_broad,2,False,False,True,1,5.54,True
multi_statement_broad,3,False,False,True,1,5.54,True
multi_statement_broad,4,False,False,True,1,5.54,True
multi_statement_broad,5,False,False,True,1,5.54,True
multi_statement_broad,6,False,False,True,1,5.54,True
multi_statement_broad,7,False,False,True,1,5.54,True
multi_statement_broad,8,False,False,True,1,5.54,True
multi_statement_broad,9,False,False,True,1,5.54,True
multi_statement_broad,10,False,False,True,1,5.54,True
multi_statement_broad,11,False,False,True,1,5.54,True
multi_statement_broad,12,False,False,True,1,5.54,True
multi_statement_broad,13,False,False,True,1,5.54,True
multi_statement_broad,14,False,False,True,1,5.54,True
multi_statement_broad,15,False,False,True,1,5.54,True
multi_statement_broad,16,False,False,True,1,5.54,True
multi_statement_broad,17,False,False,True,1,5.54,True
multi_statement_broad,18,False,False,True,1,5.54,True
multi_statement_broad,19,False,False,True,1,5.54,True
multi_statement_broad,20,False,False,True,1,5.54,True
multi_statement_broad,21,False,False,True,1,5.54,True
multi_statement_broad,22,False,False,True,1,5.54,True
multi_statement_broad,23,False,False,True,1,5.54,True
multi_statement_broad,24,False,False,True,1,5.54,True
multi_statement_broad,25,False,False,True,1,5.54,True
multi_statement_broad,26,False,False,True,1,5.54,True
multi_statement_broad,27,False,False,True,1,5.54,True
multi_statement_broad,28,False,False,True,1,5.54,True
multi_statement_broad,29,False,False,True,1,5.54,True
multi_statement_broad,30,False,False,True,1,5.54,True
multi_statement_broad,31,False,False,True,1,5.54,True
multi_statement_broad,32,False,False,True,1,5.54,True
multi_statement_broad,33,False,False,True,1,5.54,True
multi_statement_broad,34,False,False,True,1,5.54,True
multi_statement_broad,35,False,False,True,1,5.54,True
multi_statement_broad,36,False,False,True,1,5.54,True
multi_statement_broad,37,False,False,True,1,5.54,True
multi_statement_broad,38,False,False,True,1,5.54,True
multi_statement_broad,39,False,False,True,1,5.54,True
multi_statement_broad,40,False,False,True,1,5.54,True
multi_statement_broad,41,False,False,True,1,5.54,True
multi_statement_broad,42,False,False,True,1,5.54,True
multi_statement_broad,43,False,False,True,1,5.54,True
multi_statement_broad,44,False,False,True,1,5.54,True
multi_statement_broad,45,False,False,True,1,5.54,True
multi_statement_broad,46,False,False,True,1,5.54,True
multi_statement_broad,47,False,False,True,1,5.54,True
multi_statement_broad,48,False,False,True,1,5.54,True
multi_statement_broad,49,False,False,True,1,5.54,True
multi_statement_broad,50,False,False,True,1,5.54,True
multi_statement_broad,51,False,False,True,1,5.54,True
multi_statement_broad,52,False,False,True,1,5.54,True
multi_statement_broad,53,False,False,True,1,5.54,True
multi_statement_broad,54,False,False,True,1,5.54,True
multi_statement_broad,55,False,False,True,1,5.54,True
multi_statement_broad,56,False,False,True,1,5.54,True
multi_statement_broad,57,False,False,True,1,5.54,True
multi_statement_broad,58,False,False,True,1,5.54,True
multi_statement_broad,59,False,False,True,1,5.54,True
multi_statement_broad,60,False,False,True,1,5.54,True
multi_statement_broad,61,False,False,True,1,5.54,True
multi_statement_broad,62,False,False,True,1,5.54,True
multi_statement_broad,63,False,False,True,1,5.54,True
multi_statement_broad,64,False,False,True,1,5.54,True
multi_statement_broad,65,False,False,True,1,5.54,True
multi_statement_broad,66,False,False,True,1,5.54,True
multi_statement_broad,67,False,False,True,1,5.54,True
multi_statement_broad,68,False,False,True,1,5.54,True
multi_statement_broad,69,False,False,True,1,5.54,True
multi_statement_broad,70,False,False,True,1,5.54,True
multi_statement_broad,71,False,False,True,1,5.54,True
multi_statement_broad,72,False,False,True,1,5.54,True
multi_statement_broad,73,False,False,True,1,5.54,True
multi_statement_broad,74,False,False,True,1,5.54,True
multi_statement_broad,75,False,False,True,1,5.54,True
multi_statement_broad,76,False,False,True,1,5.54,True
multi_statement_broad,77,False,False,True,1,5.54,True
multi_statement_broad,78,False,False,True,1,5.54,True
multi_statement_broad,79,False,False,True,1,5.54,True
multi_statement_broad,80,False,False,True,1,5.54,True
multi_statement_broad,81,False,False,True,1,5.54,True
multi_statement_broad,82,False,False,True,1,5.54,True
multi_statement_broad,83,False,False,True,1,5.54,True
multi_statement_broad,84,False,False,True,1,5.54,True
multi_statement_broad,85,False,False,True,1,5.54,True
multi_statement_broad,86,False,False,True,1,5.54,True
multi_statement_broad,87,False,False,True,1,5.54,True
multi_statement_broad,88,False,False,True,1,5.54,True
multi_statement_broad,89,False,False,True,1,5.54,True
multi_statement_broad,90,False,False,True,1,5.54,True
multi_statement_broad,91,False,False,True,1,5.54,True
multi_statement_broad,92,False,False,True,1,5.54,True
multi_statement_broad,93,False,False,True,1,5.54,True
multi_statement_broad,94,False,False,True,1,5.54,True
multi_statement_broad,95,False,False,True,1,5.54,True
multi_statement_broad,96,False,False,True,1,5.54,True
multi_statement_broad,97,False,False,True,1,5.54,True
multi_statement_broad,98,False,False,True,1,5.54,True
multi_statement_broad,99,False,False,True,1,5.54,True
multi_statement_broad,100,False,False,True,1,5.54,True
multi_statement_broad,101,False,False,True,1,5.54,True
multi_statement_broad,102,False,False,True,1,5.54,True
multi_statement_broad,103,False,False,True,1,5.54,True
multi_statement_broad,104,False,False,True,1,5.54,True
multi_statement_broad,105,False,False,True,1,5.54,True
multi_statement_broad,106,False,False,True,1,5.54,True
multi_statement_broad,107,False,False,True,1,5.54,True
multi_statement_broad,108,False,False,True,1,5.54,True
multi_statement_broad,109,False,False,True,1,5.54,True
multi_statement_broad,110,False,False,True,1,5.54,True
multi_statement_broad,111,False,False,True,1,5.54,True
multi_statement_broad,112,False,False,True,1,5.54,True
multi_statement_broad,113,False,False,True,1,5.54,True
multi_statement_broad,114,False,False,True,1,5.54,True
multi_statement_broad,115,False,False,True,1,5.54,True
multi_statement_broad,116,False,False,True,1,5.54,True
multi_statement_broad,117,False,False,True,1,5.54,True
multi_statement_broad,118,False,False,True,1,5.54,True
multi_statement_broad,119,False,False,True,1,5.54,True
multi_statement_broad,120,False,False,True,1,5.54,True
multi_statement_broad,121,False,False,True,1,5.54,True
multi_statement_broad,122,False,False,True,1,5.54,True
multi_statement_broad,123,False,False,True,1,5.54,True
multi_statement_broad,124,False,False,True,1,5.54,True
multi_statement_broad,125,False,False,True,1,5.54,True
multi_statement_broad,126,False,False,True,1,5.54,True
multi_statement_broad,127,False,False,True,1,5.54,True
non_github_principal,0,False,False,True,1,0.638,False
non_github_principal,1,False,False,True,1,0.638,True
non_github_principal,2,False,False,True,1,0.638,True
non_github_principal,3,False,False,True,1,0.638,True
non_github_principal,4,False,False,True,1,0.638,True
non_github_principal,5,False,False,True,1,0.638,True
non_github_principal,6,False,False,True,1,0.638,True
non_github_principal,7,False,False,True,1,0.638,True
non_github_principal,8,False,False,True,1,0.638,True
non_github_principal,9,False,False,True,1,0.638,True
non_github_principal,10,False,False,True,1,0.638,True
non_github_principal,11,False,False,True,1,0.638,True
non_github_principal,12,False,False,True,1,0.638,True
non_github_principal,13,False,False,True,1,0.638,True
non_github_principal,14,False,False,True,1,0.638,True
non_github_principal,15,False,False,True,1,0.638,True
non_github_principal,16,False,False,True,1,0.638,True
non_github_principal,17,False,False,True,1,0.638,True
non_github_principal,18,False,False,True,1,0.638,True
non_github_principal,19,False,False,True,1,0.638,True
non_github_principal,20,False,False,True,1,0.638,True
non_github_principal,21,False,False,True,1,0.638,True
non_github_principal,22,False,False,True,1,0.638,True
non_github_principal,23,False,False,True,1,0.638,True
non_github_principal,24,False,False,True,1,0.638,True
non_github_principal,25,False,False,True,1,0.638,True
non_github_principal,26,False,False,True,1,0.638,True
non_github_principal,27,False,False,True,1,0.638,True
non_github_principal,28,False,False,True,1,0.638,True
non_github_principal,29,False,False,True,1,0.638,True
non_github_principal,30,False,False,True,1,0.638,True
non_github_principal,31,False,False,True,1,0.638,True
non_github_principal,32,False,False,True,1,0.638,True
non_github_principal,33,False,False,True,1,0.638,True
non_github_principal,34,False,False,True,1,0.638,True
non_github_principal,35,False,False,True,1,0.638,True
non_github_principal,36,False,False,True,1,0.638,True
non_github_principal,37,False,False,True,1,0.638,True
non_github_principal,38,False,False,True,1,0.638,True
non_github_principal,39,False,False,True,1,0.638,True
non_github_principal,40,False,False,True,1,0.638,True
non_github_principal,41,False,False,True,1,0.638,True
non_github_principal,42,False,False,True,1,0.638,True
non_github_principal,43,False,False,True,1,0.638,True
non_github_principal,44,False,False,True,1,0.638,True
non_github_principal,45,False,False,True,1,0.638,True
non_github_principal,46,False,False,True,1,0.638,True
non_github_principal,47,False,False,True,1,0.638,True
non_github_principal,48,False,False,True,1,0.638,True
non_github_principal,49,False,False,True,1,0.638,True
non_github_principal,50,False,False,True,1,0.638,True
non_github_principal,51,False,False,True,1,0.638,True
non_github_principal,52,False,False,True,1,0.638,True
non_github_principal,53,False,False,True,1,0.638,True
non_github_principal,54,False,False,True,1,0.638,True
non_github_principal,55,False,False,True,1,0.638,True
non_github_principal,56,False,False,True,1,0.638,True
non_github_principal,57,False,False,True,1,0.638,True
non_github_principal,58,False,False,True,1,0.638,True
non_github_principal,59,False,False,True,1,0.638,True
non_github_principal,60,False,False,True,1,0.638,True
non_github_principal,61,False,False,True,1,0.638,True
non_github_principal,62,False,False,True,1,0.638,True
non_github_principal,63,False,False,True,1,0.638,True
non_github_principal,64,False,False,True,1,0.638,True
non_github_principal,65,False,False,True,1,0.638,True
non_github_principal,66,False,False,True,1,0.638,True
non_github_principal,67,False,False,True,1,0.638,True
non_github_principal,68,False,False,True,1,0.638,True
non_github_principal,69,False,False,True,1,0.638,True
non_github_principal,70,False,False,True,1,0.638,True
non_github_principal,71,False,False,True,1,0.638,True
non_github_principal,72,False,False,True,1,0.638,True
non_github_principal,73,False,False,True,1,0.638,True
non_github_principal,74,False,False,True,1,0.638,True
non_github_principal,75,False,False,True,1,0.638,True
non_github_principal,76,False,False,True,1,0.638,True
non_github_principal,77,False,False,True,1,0.638,True
non_github_principal,78,False,False,True,1,0.638,True
non_github_principal,79,False,False,True,1,0.638,True
non_github_principal,80,False,False,True,1,0.638,True
non_github_principal,81,False,False,True,1,0.638,True
non_github_principal,82,False,False,True,1,0.638,True
non_github_principal,83,False,False,True,1,0.638,True
non_github_principal,84,False,False,True,1,0.638,True
non_github_principal,85,False,False,True,1,0.638,True
non_github_principal,86,False,False,True,1,0.638,True
non_github_principal,87,False,False,True,1,0.638,True
non_github_principal,88,False,False,True,1,0.638,True
non_github_principal,89,False,False,True,1,0.638,True
non_github_principal,90,False,False,True,1,0.638,True
non_github_principal,91,False,False,True,1,0.638,True
non_github_principal,92,False,False,True,1,0.638,True
non_github_principal,93,False,False,True,1,0.638,True
non_github_principal,94,False,False,True,1,0.638,True
non_github_principal,95,False,False,True,1,0.638,True
non_github_principal,96,False,False,True,1,0.638,True
non_github_principal,97,False,False,True,1,0.638,True
non_github_principal,98,False,False,True,1,0.638,True
non_github_principal,99,False,False,True,1,0.638,True
non_github_principal,100,False,False,True,1,0.638,True
non_github_principal,101,False,False,True,1,0.638,True
non_github_principal,102,False,False,True,1,0.638,True
non_github_principal,103,False,False,True,1,0.638,True
non_github_principal,104,False,False,True,1,0.638,True
non_github_principal,105,False,False,True,1,0.638,True
non_github_principal,106,False,False,True,1,0.638,True
non_github_principal,107,False,False,True,1,0.638,True
non_github_principal,108,False,False,True,1,0.638,True
non_github_principal,109,False,False,True,1,0.638,True
non_github_principal,110,False,False,True,1,0.638,True
non_github_principal,111,False,False,True,1,0.638,True
non_github_principal,112,False,False,True,1,0.638,True
non_github_principal,113,False,False,True,1,0.638,True
non_github_principal,114,False,False,True,1,0.638,True
non_github_principal,115,False,False,True,1,0.638,True
non_github_principal,116,False,False,True,1,0.638,True
non_github_principal,117,False,False,True,1,0.638,True
non_github_principal,118,False,False,True,1,0.638,True
non_github_principal,119,False,False,True,1,0.638,True
non_github_principal,120,False,False,True,1,0.638,True
non_github_principal,121,False,False,True,1,0.638,True
non_github_principal,122,False,False,True,1,0.638,True
non_github_principal,123,False,False,True,1,0.638,True
non_github_principal,124,False,False,True,1,0.638,True
non_github_principal,125,False,False,True,1,0.638,True
non_github_principal,126,False,False,True,1,0.638,True
non_github_principal,127,False,False,True,1,0.638,True
org_repo_wildcard,0,False,False,True,1,7.533,False
org_repo_wildcard,1,False,False,True,1,7.533,True
org_repo_wildcard,2,False,False,True,1,7.533,True
org_repo_wildcard,3,False,False,True,1,7.533,True
org_repo_wildcard,4,False,False,True,1,7.533,True
org_repo_wildcard,5,False,False,True,1,7.533,True
org_repo_wildcard,6,False,False,True,1,7.533,True
org_repo_wildcard,7,False,False,True,1,7.533,True
org_repo_wildcard,8,False,False,True,1,7.533,True
org_repo_wildcard,9,False,False,True,1,7.533,True
org_repo_wildcard,10,False,False,True,1,7.533,True
org_repo_wildcard,11,False,False,True,1,7.533,True
org_repo_wildcard,12,False,False,True,1,7.533,True
org_repo_wildcard,13,False,False,True,1,7.533,True
org_repo_wildcard,14,False,False,True,1,7.533,True
org_repo_wildcard,15,False,False,True,1,7.533,True
org_repo_wildcard,16,False,False,True,1,7.533,True
org_repo_wildcard,17,False,False,True,1,7.533,True
org_repo_wildcard,18,False,False,True,1,7.533,True
org_repo_wildcard,19,False,False,True,1,7.533,True
org_repo_wildcard,20,False,False,True,1,7.533,True
org_repo_wildcard,21,False,False,True,1,7.533,True
org_repo_wildcard,22,False,False,True,1,7.533,True
org_repo_wildcard,23,False,False,True,1,7.533,True
org_repo_wildcard,24,False,False,True,1,7.533,True
org_repo_wildcard,25,False,False,True,1,7.533,True
org_repo_wildcard,26,False,False,True,1,7.533,True
org_repo_wildcard,27,False,False,True,1,7.533,True
org_repo_wildcard,28,False,False,True,1,7.533,True
org_repo_wildcard,29,False,False,True,1,7.533,True
org_repo_wildcard,30,False,False,True,1,7.533,True
org_repo_wildcard,31,False,False,True,1,7.533,True
org_repo_wildcard,32,False,False,True,1,7.533,True
org_repo_wildcard,33,False,False,True,1,7.533,True
org_repo_wildcard,34,False,False,True,1,7.533,True
org_repo_wildcard,35,False,False,True,1,7.533,True
org_repo_wildcard,36,False,False,True,1,7.533,True
org_repo_wildcard,37,False,False,True,1,7.533,True
org_repo_wildcard,38,False,False,True,1,7.533,True
org_repo_wildcard,39,False,False,True,1,7.533,True
org_repo_wildcard,40,False,False,True,1,7.533,True
org_repo_wildcard,41,False,False,True,1,7.533,True
org_repo_wildcard,42,False,False,True,1,7.533,True
org_repo_wildcard,43,False,False,True,1,7.533,True
org_repo_wildcard,44,False,False,True,1,7.533,True
org_repo_wildcard,45,False,False,True,1,7.533,True
org_repo_wildcard,46,False,False,True,1,7.533,True
org_repo_wildcard,47,False,False,True,1,7.533,True
org_repo_wildcard,48,False,False,True,1,7.533,True
org_repo_wildcard,49,False,False,True,1,7.533,True
org_repo_wildcard,50,False,False,True,1,7.533,True
org_repo_wildcard,51,False,False,True,1,7.533,True
org_repo_wildcard,52,False,False,True,1,7.533,True
org_repo_wildcard,53,False,False,True,1,7.533,True
org_repo_wildcard,54,False,False,True,1,7.533,True
org_repo_wildcard,55,False,False,True,1,7.533,True
org_repo_wildcard,56,False,False,True,1,7.533,True
org_repo_wildcard,57,False,False,True,1,7.533,True
org_repo_wildcard,58,False,False,True,1,7.533,True
org_repo_wildcard,59,False,False,True,1,7.533,True
org_repo_wildcard,60,False,False,True,1,7.533,True
org_repo_wildcard,61,False,False,True,1,7.533,True
org_repo_wildcard,62,False,False,True,1,7.533,True
org_repo_wildcard,63,False,False,True,1,7.533,True
org_repo_wildcard,64,False,False,True,1,7.533,True
org_repo_wildcard,65,False,False,True,1,7.533,True
org_repo_wildcard,66,False,False,True,1,7.533,True
org_repo_wildcard,67,False,False,True,1,7.533,True
org_repo_wildcard,68,False,False,True,1,7.533,True
org_repo_wildcard,69,False,False,True,1,7.533,True
org_repo_wildcard,70,False,False,True,1,7.533,True
org_repo_wildcard,71,False,False,True,1,7.533,True
org_repo_wildcard,72,False,False,True,1,7.533,True
org_repo_wildcard,73,False,False,True,1,7.533,True
org_repo_wildcard,74,False,False,True,1,7.533,True
org_repo_wildcard,75,False,False,True,1,7.533,True
org_repo_wildcard,76,False,False,True,1,7.533,True
org_repo_wildcard,77,False,False,True,1,7.533,True
org_repo_wildcard,78,False,False,True,1,7.533,True
org_repo_wildcard,79,False,False,True,1,7.533,True
org_repo_wildcard,80,False,False,True,1,7.533,True
org_repo_wildcard,81,False,False,True,1,7.533,True
org_repo_wildcard,82,False,False,True,1,7.533,True
org_repo_wildcard,83,False,False,True,1,7.533,True
org_repo_wildcard,84,False,False,True,1,7.533,True
org_repo_wildcard,85,False,False,True,1,7.533,True
org_repo_wildcard,86,False,False,True,1,7.533,True
org_repo_wildcard,87,False,False,True,1,7.533,True
org_repo_wildcard,88,False,False,True,1,7.533,True
org_repo_wildcard,89,False,False,True,1,7.533,True
org_repo_wildcard,90,False,False,True,1,7.533,True
org_repo_wildcard,91,False,False,True,1,7.533,True
org_repo_wildcard,92,False,False,True,1,7.533,True
org_repo_wildcard,93,False,False,True,1,7.533,True
org_repo_wildcard,94,False,False,True,1,7.533,True
org_repo_wildcard,95,False,False,True,1,7.533,True
org_repo_wildcard,96,False,False,True,1,7.533,True
org_repo_wildcard,97,False,False,True,1,7.533,True
org_repo_wildcard,98,False,False,True,1,7.533,True
org_repo_wildcard,99,False,False,True,1,7.533,True
org_repo_wildcard,100,False,False,True,1,7.533,True
org_repo_wildcard,101,False,False,True,1,7.533,True
org_repo_wildcard,102,False,False,True,1,7.533,True
org_repo_wildcard,103,False,False,True,1,7.533,True
org_repo_wildcard,104,False,False,True,1,7.533,True
org_repo_wildcard,105,False,False,True,1,7.533,True
org_repo_wildcard,106,False,False,True,1,7.533,True
org_repo_wildcard,107,False,False,True,1,7.533,True
org_repo_wildcard,108,False,False,True,1,7.533,True
org_repo_wildcard,109,False,False,True,1,7.533,True
org_repo_wildcard,110,False,False,True,1,7.533,True
org_repo_wildcard,111,False,False,True,1,7.533,True
org_repo_wildcard,112,False,False,True,1,7.533,True
org_repo_wildcard,113,False,False,True,1,7.533,True
org_repo_wildcard,114,False,False,True,1,7.533,True
org_repo_wildcard,115,False,False,True,1,7.533,True
org_repo_wildcard,116,False,False,True,1,7.533,True
org_repo_wildcard,117,False,False,True,1,7.533,True
org_repo_wildcard,118,False,False,True,1,7.533,True
org_repo_wildcard,119,False,False,True,1,7.533,True
org_repo_wildcard,120,False,False,True,1,7.533,True
org_repo_wildcard,121,False,False,True,1,7.533,True
org_repo_wildcard,122,False,False,True,1,7.533,True
org_repo_wildcard,123,False,False,True,1,7.533,True
org_repo_wildcard,124,False,False,True,1,7.533,True
org_repo_wildcard,125,False,False,True,1,7.533,True
org_repo_wildcard,126,False,False,True,1,7.533,True
org_repo_wildcard,127,False,False,True,1,7.533,True
pull_request_exact,0,False,False,True,1,3.539,False
pull_request_exact,1,False,False,True,1,3.539,True
pull_request_exact,2,False,False,True,1,3.539,True
pull_request_exact,3,False,False,True,1,3.539,True
pull_request_exact,4,False,False,True,1,3.539,True
pull_request_exact,5,False,False,True,1,3.539,True
pull_request_exact,6,False,False,True,1,3.539,True
pull_request_exact,7,False,False,True,1,3.539,True
pull_request_exact,8,False,False,True,1,3.539,True
pull_request_exact,9,False,False,True,1,3.539,True
pull_request_exact,10,False,False,True,1,3.539,True
pull_request_exact,11,False,False,True,1,3.539,True
pull_request_exact,12,False,False,True,1,3.539,True
pull_request_exact,13,False,False,True,1,3.539,True
pull_request_exact,14,False,False,True,1,3.539,True
pull_request_exact,15,False,False,True,1,3.539,True
pull_request_exact,16,False,False,True,1,3.539,True
pull_request_exact,17,False,False,True,1,3.539,True
pull_request_exact,18,False,False,True,1,3.539,True
pull_request_exact,19,False,False,True,1,3.539,True
pull_request_exact,20,False,False,True,1,3.539,True
pull_request_exact,21,False,False,True,1,3.539,True
pull_request_exact,22,False,False,True,1,3.539,True
pull_request_exact,23,False,False,True,1,3.539,True
pull_request_exact,24,False,False,True,1,3.539,True
pull_request_exact,25,False,False,True,1,3.539,True
pull_request_exact,26,False,False,True,1,3.539,True
pull_request_exact,27,False,False,True,1,3.539,True
pull_request_exact,28,False,False,True,1,3.539,True
pull_request_exact,29,False,False,True,1,3.539,True
pull_request_exact,30,False,False,True,1,3.539,True
pull_request_exact,31,False,False,True,1,3.539,True
pull_request_exact,32,False,False,True,1,3.539,True
pull_request_exact,33,False,False,True,1,3.539,True
pull_request_exact,34,False,False,True,1,3.539,True
pull_request_exact,35,False,False,True,1,3.539,True
pull_request_exact,36,False,False,True,1,3.539,True
pull_request_exact,37,False,False,True,1,3.539,True
pull_request_exact,38,False,False,True,1,3.539,True
pull_request_exact,39,False,False,True,1,3.539,True
pull_request_exact,40,False,False,True,1,3.539,True
pull_request_exact,41,False,False,True,1,3.539,True
pull_request_exact,42,False,False,True,1,3.539,True
pull_request_exact,43,False,False,True,1,3.539,True
pull_request_exact,44,False,False,True,1,3.539,True
pull_request_exact,45,False,False,True,1,3.539,True
pull_request_exact,46,False,False,True,1,3.539,True
pull_request_exact,47,False,False,True,1,3.539,True
pull_request_exact,48,False,False,True,1,3.539,True
pull_request_exact,49,False,False,True,1,3.539,True
pull_request_exact,50,False,False,True,1,3.539,True
pull_request_exact,51,False,False,True,1,3.539,True
pull_request_exact,52,False,False,True,1,3.539,True
pull_request_exact,53,False,False,True,1,3.539,True
pull_request_exact,54,False,False,True,1,3.539,True
pull_request_exact,55,False,False,True,1,3.539,True
pull_request_exact,56,False,False,True,1,3.539,True
pull_request_exact,57,False,False,True,1,3.539,True
pull_request_exact,58,False,False,True,1,3.539,True
pull_request_exact,59,False,False,True,1,3.539,True
pull_request_exact,60,False,False,True,1,3.539,True
pull_request_exact,61,False,False,True,1,3.539,True
pull_request_exact,62,False,False,True,1,3.539,True
pull_request_exact,63,False,False,True,1,3.539,True
pull_request_exact,64,False,False,True,1,3.539,True
pull_request_exact,65,False,False,True,1,3.539,True
pull_request_exact,66,False,False,True,1,3.539,True
pull_request_exact,67,False,False,True,1,3.539,True
pull_request_exact,68,False,False,True,1,3.539,True
pull_request_exact,69,False,False,True,1,3.539,True
pull_request_exact,70,False,False,True,1,3.539,True
pull_request_exact,71,False,False,True,1,3.539,True
pull_request_exact,72,False,False,True,1,3.539,True
pull_request_exact,73,False,False,True,1,3.539,True
pull_request_exact,74,False,False,True,1,3.539,True
pull_request_exact,75,False,False,True,1,3.539,True
pull_request_exact,76,False,False,True,1,3.539,True
pull_request_exact,77,False,False,True,1,3.539,True
pull_request_exact,78,False,False,True,1,3.539,True
pull_request_exact,79,False,False,True,1,3.539,True
pull_request_exact,80,False,False,True,1,3.539,True
pull_request_exact,81,False,False,True,1,3.539,True
pull_request_exact,82,False,False,True,1,3.539,True
pull_request_exact,83,False,False,True,1,3.539,True
pull_request_exact,84,False,False,True,1,3.539,True
pull_request_exact,85,False,False,True,1,3.539,True
pull_request_exact,86,False,False,True,1,3.539,True
pull_request_exact,87,False,False,True,1,3.539,True
pull_request_exact,88,False,False,True,1,3.539,True
pull_request_exact,89,False,False,True,1,3.539,True
pull_request_exact,90,False,False,True,1,3.539,True
pull_request_exact,91,False,False,True,1,3.539,True
pull_request_exact,92,False,False,True,1,3.539,True
pull_request_exact,93,False,False,True,1,3.539,True
pull_request_exact,94,False,False,True,1,3.539,True
pull_request_exact,95,False,False,True,1,3.539,True
pull_request_exact,96,False,False,True,1,3.539,True
pull_request_exact,97,False,False,True,1,3.539,True
pull_request_exact,98,False,False,True,1,3.539,True
pull_request_exact,99,False,False,True,1,3.539,True
pull_request_exact,100,False,False,True,1,3.539,True
pull_request_exact,101,False,False,True,1,3.539,True
pull_request_exact,102,False,False,True,1,3.539,True
pull_request_exact,103,False,False,True,1,3.539,True
pull_request_exact,104,False,False,True,1,3.539,True
pull_request_exact,105,False,False,True,1,3.539,True
pull_request_exact,106,False,False,True,1,3.539,True
pull_request_exact,107,False,False,True,1,3.539,True
pull_request_exact,108,False,False,True,1,3.539,True
pull_request_exact,109,False,False,True,1,3.539,True
pull_request_exact,110,False,False,True,1,3.539,True
pull_request_exact,111,False,False,True,1,3.539,True
pull_request_exact,112,False,False,True,1,3.539,True
pull_request_exact,113,False,False,True,1,3.539,True
pull_request_exact,114,False,False,True,1,3.539,True
pull_request_exact,115,False,False,True,1,3.539,True
pull_request_exact,116,False,False,True,1,3.539,True
pull_request_exact,117,False,False,True,1,3.539,True
pull_request_exact,118,False,False,True,1,3.539,True
pull_request_exact,119,False,False,True,1,3.539,True
pull_request_exact,120,False,False,True,1,3.539,True
pull_request_exact,121,False,False,True,1,3.539,True
pull_request_exact,122,False,False,True,1,3.539,True
pull_request_exact,123,False,False,True,1,3.539,True
pull_request_exact,124,False,False,True,1,3.539,True
pull_request_exact,125,False,False,True,1,3.539,True
pull_request_exact,126,False,False,True,1,3.539,True
pull_request_exact,127,False,False,True,1,3.539,True
repo_prefix_typo,0,False,False,True,1,7.301,False
repo_prefix_typo,1,False,False,True,1,7.301,True
repo_prefix_typo,2,False,False,True,1,7.301,True
repo_prefix_typo,3,False,False,True,1,7.301,True
repo_prefix_typo,4,False,False,True,1,7.301,True
repo_prefix_typo,5,False,False,True,1,7.301,True
repo_prefix_typo,6,False,False,True,1,7.301,True
repo_prefix_typo,7,False,False,True,1,7.301,True
repo_prefix_typo,8,False,False,True,1,7.301,True
repo_prefix_typo,9,False,False,True,1,7.301,True
repo_prefix_typo,10,False,False,True,1,7.301,True
repo_prefix_typo,11,False,False,True,1,7.301,True
repo_prefix_typo,12,False,False,True,1,7.301,True
repo_prefix_typo,13,False,False,True,1,7.301,True
repo_prefix_typo,14,False,False,True,1,7.301,True
repo_prefix_typo,15,False,False,True,1,7.301,True
repo_prefix_typo,16,False,False,True,1,7.301,True
repo_prefix_typo,17,False,False,True,1,7.301,True
repo_prefix_typo,18,False,False,True,1,7.301,True
repo_prefix_typo,19,False,False,True,1,7.301,True
repo_prefix_typo,20,False,False,True,1,7.301,True
repo_prefix_typo,21,False,False,True,1,7.301,True
repo_prefix_typo,22,False,False,True,1,7.301,True
repo_prefix_typo,23,False,False,True,1,7.301,True
repo_prefix_typo,24,False,False,True,1,7.301,True
repo_prefix_typo,25,False,False,True,1,7.301,True
repo_prefix_typo,26,False,False,True,1,7.301,True
repo_prefix_typo,27,False,False,True,1,7.301,True
repo_prefix_typo,28,False,False,True,1,7.301,True
repo_prefix_typo,29,False,False,True,1,7.301,True
repo_prefix_typo,30,False,False,True,1,7.301,True
repo_prefix_typo,31,False,False,True,1,7.301,True
repo_prefix_typo,32,False,False,True,1,7.301,True
repo_prefix_typo,33,False,False,True,1,7.301,True
repo_prefix_typo,34,False,False,True,1,7.301,True
repo_prefix_typo,35,False,False,True,1,7.301,True
repo_prefix_typo,36,False,False,True,1,7.301,True
repo_prefix_typo,37,False,False,True,1,7.301,True
repo_prefix_typo,38,False,False,True,1,7.301,True
repo_prefix_typo,39,False,False,True,1,7.301,True
repo_prefix_typo,40,False,False,True,1,7.301,True
repo_prefix_typo,41,False,False,True,1,7.301,True
repo_prefix_typo,42,False,False,True,1,7.301,True
repo_prefix_typo,43,False,False,True,1,7.301,True
repo_prefix_typo,44,False,False,True,1,7.301,True
repo_prefix_typo,45,False,False,True,1,7.301,True
repo_prefix_typo,46,False,False,True,1,7.301,True
repo_prefix_typo,47,False,False,True,1,7.301,True
repo_prefix_typo,48,False,False,True,1,7.301,True
repo_prefix_typo,49,False,False,True,1,7.301,True
repo_prefix_typo,50,False,False,True,1,7.301,True
repo_prefix_typo,51,False,False,True,1,7.301,True
repo_prefix_typo,52,False,False,True,1,7.301,True
repo_prefix_typo,53,False,False,True,1,7.301,True
repo_prefix_typo,54,False,False,True,1,7.301,True
repo_prefix_typo,55,False,False,True,1,7.301,True
repo_prefix_typo,56,False,False,True,1,7.301,True
repo_prefix_typo,57,False,False,True,1,7.301,True
repo_prefix_typo,58,False,False,True,1,7.301,True
repo_prefix_typo,59,False,False,True,1,7.301,True
repo_prefix_typo,60,False,False,True,1,7.301,True
repo_prefix_typo,61,False,False,True,1,7.301,True
repo_prefix_typo,62,False,False,True,1,7.301,True
repo_prefix_typo,63,False,False,True,1,7.301,True
repo_prefix_typo,64,False,False,True,1,7.301,True
repo_prefix_typo,65,False,False,True,1,7.301,True
repo_prefix_typo,66,False,False,True,1,7.301,True
repo_prefix_typo,67,False,False,True,1,7.301,True
repo_prefix_typo,68,False,False,True,1,7.301,True
repo_prefix_typo,69,False,False,True,1,7.301,True
repo_prefix_typo,70,False,False,True,1,7.301,True
repo_prefix_typo,71,False,False,True,1,7.301,True
repo_prefix_typo,72,False,False,True,1,7.301,True
repo_prefix_typo,73,False,False,True,1,7.301,True
repo_prefix_typo,74,False,False,True,1,7.301,True
repo_prefix_typo,75,False,False,True,1,7.301,True
repo_prefix_typo,76,False,False,True,1,7.301,True
repo_prefix_typo,77,False,False,True,1,7.301,True
repo_prefix_typo,78,False,False,True,1,7.301,True
repo_prefix_typo,79,False,False,True,1,7.301,True
repo_prefix_typo,80,False,False,True,1,7.301,True
repo_prefix_typo,81,False,False,True,1,7.301,True
repo_prefix_typo,82,False,False,True,1,7.301,True
repo_prefix_typo,83,False,False,True,1,7.301,True
repo_prefix_typo,84,False,False,True,1,7.301,True
repo_prefix_typo,85,False,False,True,1,7.301,True
repo_prefix_typo,86,False,False,True,1,7.301,True
repo_prefix_typo,87,False,False,True,1,7.301,True
repo_prefix_typo,88,False,False,True,1,7.301,True
repo_prefix_typo,89,False,False,True,1,7.301,True
repo_prefix_typo,90,False,False,True,1,7.301,True
repo_prefix_typo,91,False,False,True,1,7.301,True
repo_prefix_typo,92,False,False,True,1,7.301,True
repo_prefix_typo,93,False,False,True,1,7.301,True
repo_prefix_typo,94,False,False,True,1,7.301,True
repo_prefix_typo,95,False,False,True,1,7.301,True
repo_prefix_typo,96,False,False,True,1,7.301,True
repo_prefix_typo,97,False,False,True,1,7.301,True
repo_prefix_typo,98,False,False,True,1,7.301,True
repo_prefix_typo,99,False,False,True,1,7.301,True
repo_prefix_typo,100,False,False,True,1,7.301,True
repo_prefix_typo,101,False,False,True,1,7.301,True
repo_prefix_typo,102,False,False,True,1,7.301,True
repo_prefix_typo,103,False,False,True,1,7.301,True
repo_prefix_typo,104,False,False,True,1,7.301,True
repo_prefix_typo,105,False,False,True,1,7.301,True
repo_prefix_typo,106,False,False,True,1,7.301,True
repo_prefix_typo,107,False,False,True,1,7.301,True
repo_prefix_typo,108,False,False,True,1,7.301,True
repo_prefix_typo,109,False,False,True,1,7.301,True
repo_prefix_typo,110,False,False,True,1,7.301,True
repo_prefix_typo,111,False,False,True,1,7.301,True
repo_prefix_typo,112,False,False,True,1,7.301,True
repo_prefix_typo,113,False,False,True,1,7.301,True
repo_prefix_typo,114,False,False,True,1,7.301,True
repo_prefix_typo,115,False,False,True,1,7.301,True
repo_prefix_typo,116,False,False,True,1,7.301,True
repo_prefix_typo,117,False,False,True,1,7.301,True
repo_prefix_typo,118,False,False,True,1,7.301,True
repo_prefix_typo,119,False,False,True,1,7.301,True
repo_prefix_typo,120,False,False,True,1,7.301,True
repo_prefix_typo,121,False,False,True,1,7.301,True
repo_prefix_typo,122,False,False,True,1,7.301,True
repo_prefix_typo,123,False,False,True,1,7.301,True
repo_prefix_typo,124,False,False,True,1,7.301,True
repo_prefix_typo,125,False,False,True,1,7.301,True
repo_prefix_typo,126,False,False,True,1,7.301,True
repo_prefix_typo,127,False,False,True,1,7.301,True
repo_suffix_wildcard,0,False,False,True,1,5.588,False
repo_suffix_wildcard,1,False,False,True,1,5.588,True
repo_suffix_wildcard,2,False,False,True,1,5.588,True
repo_suffix_wildcard,3,False,False,True,1,5.588,True
repo_suffix_wildcard,4,False,False,True,1,5.588,True
repo_suffix_wildcard,5,False,False,True,1,5.588,True
repo_suffix_wildcard,6,False,False,True,1,5.588,True
repo_suffix_wildcard,7,False,False,True,1,5.588,True
repo_suffix_wildcard,8,False,False,True,1,5.588,True
repo_suffix_wildcard,9,False,False,True,1,5.588,True
repo_suffix_wildcard,10,False,False,True,1,5.588,True
repo_suffix_wildcard,11,False,False,True,1,5.588,True
repo_suffix_wildcard,12,False,False,True,1,5.588,True
repo_suffix_wildcard,13,False,False,True,1,5.588,True
repo_suffix_wildcard,14,False,False,True,1,5.588,True
repo_suffix_wildcard,15,False,False,True,1,5.588,True
repo_suffix_wildcard,16,False,False,True,1,5.588,True
repo_suffix_wildcard,17,False,False,True,1,5.588,True
repo_suffix_wildcard,18,False,False,True,1,5.588,True
repo_suffix_wildcard,19,False,False,True,1,5.588,True
repo_suffix_wildcard,20,False,False,True,1,5.588,True
repo_suffix_wildcard,21,False,False,True,1,5.588,True
repo_suffix_wildcard,22,False,False,True,1,5.588,True
repo_suffix_wildcard,23,False,False,True,1,5.588,True
repo_suffix_wildcard,24,False,False,True,1,5.588,True
repo_suffix_wildcard,25,False,False,True,1,5.588,True
repo_suffix_wildcard,26,False,False,True,1,5.588,True
repo_suffix_wildcard,27,False,False,True,1,5.588,True
repo_suffix_wildcard,28,False,False,True,1,5.588,True
repo_suffix_wildcard,29,False,False,True,1,5.588,True
repo_suffix_wildcard,30,False,False,True,1,5.588,True
repo_suffix_wildcard,31,False,False,True,1,5.588,True
repo_suffix_wildcard,32,False,False,True,1,5.588,True
repo_suffix_wildcard,33,False,False,True,1,5.588,True
repo_suffix_wildcard,34,False,False,True,1,5.588,True
repo_suffix_wildcard,35,False,False,True,1,5.588,True
repo_suffix_wildcard,36,False,False,True,1,5.588,True
repo_suffix_wildcard,37,False,False,True,1,5.588,True
repo_suffix_wildcard,38,False,False,True,1,5.588,True
repo_suffix_wildcard,39,False,False,True,1,5.588,True
repo_suffix_wildcard,40,False,False,True,1,5.588,True
repo_suffix_wildcard,41,False,False,True,1,5.588,True
repo_suffix_wildcard,42,False,False,True,1,5.588,True
repo_suffix_wildcard,43,False,False,True,1,5.588,True
repo_suffix_wildcard,44,False,False,True,1,5.588,True
repo_suffix_wildcard,45,False,False,True,1,5.588,True
repo_suffix_wildcard,46,False,False,True,1,5.588,True
repo_suffix_wildcard,47,False,False,True,1,5.588,True
repo_suffix_wildcard,48,False,False,True,1,5.588,True
repo_suffix_wildcard,49,False,False,True,1,5.588,True
repo_suffix_wildcard,50,False,False,True,1,5.588,True
repo_suffix_wildcard,51,False,False,True,1,5.588,True
repo_suffix_wildcard,52,False,False,True,1,5.588,True
repo_suffix_wildcard,53,False,False,True,1,5.588,True
repo_suffix_wildcard,54,False,False,True,1,5.588,True
repo_suffix_wildcard,55,False,False,True,1,5.588,True
repo_suffix_wildcard,56,False,False,True,1,5.588,True
repo_suffix_wildcard,57,False,False,True,1,5.588,True
repo_suffix_wildcard,58,False,False,True,1,5.588,True
repo_suffix_wildcard,59,False,False,True,1,5.588,True
repo_suffix_wildcard,60,False,False,True,1,5.588,True
repo_suffix_wildcard,61,False,False,True,1,5.588,True
repo_suffix_wildcard,62,False,False,True,1,5.588,True
repo_suffix_wildcard,63,False,False,True,1,5.588,True
repo_suffix_wildcard,64,False,False,True,1,5.588,True
repo_suffix_wildcard,65,False,False,True,1,5.588,True
repo_suffix_wildcard,66,False,False,True,1,5.588,True
repo_suffix_wildcard,67,False,False,True,1,5.588,True
repo_suffix_wildcard,68,False,False,True,1,5.588,True
repo_suffix_wildcard,69,False,False,True,1,5.588,True
repo_suffix_wildcard,70,False,False,True,1,5.588,True
repo_suffix_wildcard,71,False,False,True,1,5.588,True
repo_suffix_wildcard,72,False,False,True,1,5.588,True
repo_suffix_wildcard,73,False,False,True,1,5.588,True
repo_suffix_wildcard,74,False,False,True,1,5.588,True
repo_suffix_wildcard,75,False,False,True,1,5.588,True
repo_suffix_wildcard,76,False,False,True,1,5.588,True
repo_suffix_wildcard,77,False,False,True,1,5.588,True
repo_suffix_wildcard,78,False,False,True,1,5.588,True
repo_suffix_wildcard,79,False,False,True,1,5.588,True
repo_suffix_wildcard,80,False,False,True,1,5.588,True
repo_suffix_wildcard,81,False,False,True,1,5.588,True
repo_suffix_wildcard,82,False,False,True,1,5.588,True
repo_suffix_wildcard,83,False,False,True,1,5.588,True
repo_suffix_wildcard,84,False,False,True,1,5.588,True
repo_suffix_wildcard,85,False,False,True,1,5.588,True
repo_suffix_wildcard,86,False,False,True,1,5.588,True
repo_suffix_wildcard,87,False,False,True,1,5.588,True
repo_suffix_wildcard,88,False,False,True,1,5.588,True
repo_suffix_wildcard,89,False,False,True,1,5.588,True
repo_suffix_wildcard,90,False,False,True,1,5.588,True
repo_suffix_wildcard,91,False,False,True,1,5.588,True
repo_suffix_wildcard,92,False,False,True,1,5.588,True
repo_suffix_wildcard,93,False,False,True,1,5.588,True
repo_suffix_wildcard,94,False,False,True,1,5.588,True
repo_suffix_wildcard,95,False,False,True,1,5.588,True
repo_suffix_wildcard,96,False,False,True,1,5.588,True
repo_suffix_wildcard,97,False,False,True,1,5.588,True
repo_suffix_wildcard,98,False,False,True,1,5.588,True
repo_suffix_wildcard,99,False,False,True,1,5.588,True
repo_suffix_wildcard,100,False,False,True,1,5.588,True
repo_suffix_wildcard,101,False,False,True,1,5.588,True
repo_suffix_wildcard,102,False,False,True,1,5.588,True
repo_suffix_wildcard,103,False,False,True,1,5.588,True
repo_suffix_wildcard,104,False,False,True,1,5.588,True
repo_suffix_wildcard,105,False,False,True,1,5.588,True
repo_suffix_wildcard,106,False,False,True,1,5.588,True
repo_suffix_wildcard,107,False,False,True,1,5.588,True
repo_suffix_wildcard,108,False,False,True,1,5.588,True
repo_suffix_wildcard,109,False,False,True,1,5.588,True
repo_suffix_wildcard,110,False,False,True,1,5.588,True
repo_suffix_wildcard,111,False,False,True,1,5.588,True
repo_suffix_wildcard,112,False,False,True,1,5.588,True
repo_suffix_wildcard,113,False,False,True,1,5.588,True
repo_suffix_wildcard,114,False,False,True,1,5.588,True
repo_suffix_wildcard,115,False,False,True,1,5.588,True
repo_suffix_wildcard,116,False,False,True,1,5.588,True
repo_suffix_wildcard,117,False,False,True,1,5.588,True
repo_suffix_wildcard,118,False,False,True,1,5.588,True
repo_suffix_wildcard,119,False,False,True,1,5.588,True
repo_suffix_wildcard,120,False,False,True,1,5.588,True
repo_suffix_wildcard,121,False,False,True,1,5.588,True
repo_suffix_wildcard,122,False,False,True,1,5.588,True
repo_suffix_wildcard,123,False,False,True,1,5.588,True
repo_suffix_wildcard,124,False,False,True,1,5.588,True
repo_suffix_wildcard,125,False,False,True,1,5.588,True
repo_suffix_wildcard,126,False,False,True,1,5.588,True
repo_suffix_wildcard,127,False,False,True,1,5.588,True
safe_branch_slash,0,True,True,True,0,2.873,False
safe_branch_slash,1,True,True,True,0,2.873,True
safe_branch_slash,2,True,True,True,0,2.873,True
safe_branch_slash,3,True,True,True,0,2.873,True
safe_branch_slash,4,True,True,True,0,2.873,True
safe_branch_slash,5,True,True,True,0,2.873,True
safe_branch_slash,6,True,True,True,0,2.873,True
safe_branch_slash,7,True,True,True,0,2.873,True
safe_branch_slash,8,True,True,True,0,2.873,True
safe_branch_slash,9,True,True,True,0,2.873,True
safe_branch_slash,10,True,True,True,0,2.873,True
safe_branch_slash,11,True,True,True,0,2.873,True
safe_branch_slash,12,True,True,True,0,2.873,True
safe_branch_slash,13,True,True,True,0,2.873,True
safe_branch_slash,14,True,True,True,0,2.873,True
safe_branch_slash,15,True,True,True,0,2.873,True
safe_branch_slash,16,True,True,True,0,2.873,True
safe_branch_slash,17,True,True,True,0,2.873,True
safe_branch_slash,18,True,True,True,0,2.873,True
safe_branch_slash,19,True,True,True,0,2.873,True
safe_branch_slash,20,True,True,True,0,2.873,True
safe_branch_slash,21,True,True,True,0,2.873,True
safe_branch_slash,22,True,True,True,0,2.873,True
safe_branch_slash,23,True,True,True,0,2.873,True
safe_branch_slash,24,True,True,True,0,2.873,True
safe_branch_slash,25,True,True,True,0,2.873,True
safe_branch_slash,26,True,True,True,0,2.873,True
safe_branch_slash,27,True,True,True,0,2.873,True
safe_branch_slash,28,True,True,True,0,2.873,True
safe_branch_slash,29,True,True,True,0,2.873,True
safe_branch_slash,30,True,True,True,0,2.873,True
safe_branch_slash,31,True,True,True,0,2.873,True
safe_branch_slash,32,True,True,True,0,2.873,True
safe_branch_slash,33,True,True,True,0,2.873,True
safe_branch_slash,34,True,True,True,0,2.873,True
safe_branch_slash,35,True,True,True,0,2.873,True
safe_branch_slash,36,True,True,True,0,2.873,True
safe_branch_slash,37,True,True,True,0,2.873,True
safe_branch_slash,38,True,True,True,0,2.873,True
safe_branch_slash,39,True,True,True,0,2.873,True
safe_branch_slash,40,True,True,True,0,2.873,True
safe_branch_slash,41,True,True,True,0,2.873,True
safe_branch_slash,42,True,True,True,0,2.873,True
safe_branch_slash,43,True,True,True,0,2.873,True
safe_branch_slash,44,True,True,True,0,2.873,True
safe_branch_slash,45,True,True,True,0,2.873,True
safe_branch_slash,46,True,True,True,0,2.873,True
safe_branch_slash,47,True,True,True,0,2.873,True
safe_branch_slash,48,True,True,True,0,2.873,True
safe_branch_slash,49,True,True,True,0,2.873,True
safe_branch_slash,50,True,True,True,0,2.873,True
safe_branch_slash,51,True,True,True,0,2.873,True
safe_branch_slash,52,True,True,True,0,2.873,True
safe_branch_slash,53,True,True,True,0,2.873,True
safe_branch_slash,54,True,True,True,0,2.873,True
safe_branch_slash,55,True,True,True,0,2.873,True
safe_branch_slash,56,True,True,True,0,2.873,True
safe_branch_slash,57,True,True,True,0,2.873,True
safe_branch_slash,58,True,True,True,0,2.873,True
safe_branch_slash,59,True,True,True,0,2.873,True
safe_branch_slash,60,True,True,True,0,2.873,True
safe_branch_slash,61,True,True,True,0,2.873,True
safe_branch_slash,62,True,True,True,0,2.873,True
safe_branch_slash,63,True,True,True,0,2.873,True
safe_branch_slash,64,True,True,True,0,2.873,True
safe_branch_slash,65,True,True,True,0,2.873,True
safe_branch_slash,66,True,True,True,0,2.873,True
safe_branch_slash,67,True,True,True,0,2.873,True
safe_branch_slash,68,True,True,True,0,2.873,True
safe_branch_slash,69,True,True,True,0,2.873,True
safe_branch_slash,70,True,True,True,0,2.873,True
safe_branch_slash,71,True,True,True,0,2.873,True
safe_branch_slash,72,True,True,True,0,2.873,True
safe_branch_slash,73,True,True,True,0,2.873,True
safe_branch_slash,74,True,True,True,0,2.873,True
safe_branch_slash,75,True,True,True,0,2.873,True
safe_branch_slash,76,True,True,True,0,2.873,True
safe_branch_slash,77,True,True,True,0,2.873,True
safe_branch_slash,78,True,True,True,0,2.873,True
safe_branch_slash,79,True,True,True,0,2.873,True
safe_branch_slash,80,True,True,True,0,2.873,True
safe_branch_slash,81,True,True,True,0,2.873,True
safe_branch_slash,82,True,True,True,0,2.873,True
safe_branch_slash,83,True,True,True,0,2.873,True
safe_branch_slash,84,True,True,True,0,2.873,True
safe_branch_slash,85,True,True,True,0,2.873,True
safe_branch_slash,86,True,True,True,0,2.873,True
safe_branch_slash,87,True,True,True,0,2.873,True
safe_branch_slash,88,True,True,True,0,2.873,True
safe_branch_slash,89,True,True,True,0,2.873,True
safe_branch_slash,90,True,True,True,0,2.873,True
safe_branch_slash,91,True,True,True,0,2.873,True
safe_branch_slash,92,True,True,True,0,2.873,True
safe_branch_slash,93,True,True,True,0,2.873,True
safe_branch_slash,94,True,True,True,0,2.873,True
safe_branch_slash,95,True,True,True,0,2.873,True
safe_branch_slash,96,True,True,True,0,2.873,True
safe_branch_slash,97,True,True,True,0,2.873,True
safe_branch_slash,98,True,True,True,0,2.873,True
safe_branch_slash,99,True,True,True,0,2.873,True
safe_branch_slash,100,True,True,True,0,2.873,True
safe_branch_slash,101,True,True,True,0,2.873,True
safe_branch_slash,102,True,True,True,0,2.873,True
safe_branch_slash,103,True,True,True,0,2.873,True
safe_branch_slash,104,True,True,True,0,2.873,True
safe_branch_slash,105,True,True,True,0,2.873,True
safe_branch_slash,106,True,True,True,0,2.873,True
safe_branch_slash,107,True,True,True,0,2.873,True
safe_branch_slash,108,True,True,True,0,2.873,True
safe_branch_slash,109,True,True,True,0,2.873,True
safe_branch_slash,110,True,True,True,0,2.873,True
safe_branch_slash,111,True,True,True,0,2.873,True
safe_branch_slash,112,True,True,True,0,2.873,True
safe_branch_slash,113,True,True,True,0,2.873,True
safe_branch_slash,114,True,True,True,0,2.873,True
safe_branch_slash,115,True,True,True,0,2.873,True
safe_branch_slash,116,True,True,True,0,2.873,True
safe_branch_slash,117,True,True,True,0,2.873,True
safe_branch_slash,118,True,True,True,0,2.873,True
safe_branch_slash,119,True,True,True,0,2.873,True
safe_branch_slash,120,True,True,True,0,2.873,True
safe_branch_slash,121,True,True,True,0,2.873,True
safe_branch_slash,122,True,True,True,0,2.873,True
safe_branch_slash,123,True,True,True,0,2.873,True
safe_branch_slash,124,True,True,True,0,2.873,True
safe_branch_slash,125,True,True,True,0,2.873,True
safe_branch_slash,126,True,True,True,0,2.873,True
safe_branch_slash,127,True,True,True,0,2.873,True
safe_conjunctive_refinement,0,True,True,True,0,4.67,False
safe_conjunctive_refinement,1,True,True,True,0,4.67,True
safe_conjunctive_refinement,2,True,True,True,0,4.67,True
safe_conjunctive_refinement,3,True,True,True,0,4.67,True
safe_conjunctive_refinement,4,True,True,True,0,4.67,True
safe_conjunctive_refinement,5,True,True,True,0,4.67,True
safe_conjunctive_refinement,6,True,True,True,0,4.67,True
safe_conjunctive_refinement,7,True,True,True,0,4.67,True
safe_conjunctive_refinement,8,True,True,True,0,4.67,True
safe_conjunctive_refinement,9,True,True,True,0,4.67,True
safe_conjunctive_refinement,10,True,True,True,0,4.67,True
safe_conjunctive_refinement,11,True,True,True,0,4.67,True
safe_conjunctive_refinement,12,True,True,True,0,4.67,True
safe_conjunctive_refinement,13,True,True,True,0,4.67,True
safe_conjunctive_refinement,14,True,True,True,0,4.67,True
safe_conjunctive_refinement,15,True,True,True,0,4.67,True
safe_conjunctive_refinement,16,True,True,True,0,4.67,True
safe_conjunctive_refinement,17,True,True,True,0,4.67,True
safe_conjunctive_refinement,18,True,True,True,0,4.67,True
safe_conjunctive_refinement,19,True,True,True,0,4.67,True
safe_conjunctive_refinement,20,True,True,True,0,4.67,True
safe_conjunctive_refinement,21,True,True,True,0,4.67,True
safe_conjunctive_refinement,22,True,True,True,0,4.67,True
safe_conjunctive_refinement,23,True,True,True,0,4.67,True
safe_conjunctive_refinement,24,True,True,True,0,4.67,True
safe_conjunctive_refinement,25,True,True,True,0,4.67,True
safe_conjunctive_refinement,26,True,True,True,0,4.67,True
safe_conjunctive_refinement,27,True,True,True,0,4.67,True
safe_conjunctive_refinement,28,True,True,True,0,4.67,True
safe_conjunctive_refinement,29,True,True,True,0,4.67,True
safe_conjunctive_refinement,30,True,True,True,0,4.67,True
safe_conjunctive_refinement,31,True,True,True,0,4.67,True
safe_conjunctive_refinement,32,True,True,True,0,4.67,True
safe_conjunctive_refinement,33,True,True,True,0,4.67,True
safe_conjunctive_refinement,34,True,True,True,0,4.67,True
safe_conjunctive_refinement,35,True,True,True,0,4.67,True
safe_conjunctive_refinement,36,True,True,True,0,4.67,True
safe_conjunctive_refinement,37,True,True,True,0,4.67,True
safe_conjunctive_refinement,38,True,True,True,0,4.67,True
safe_conjunctive_refinement,39,True,True,True,0,4.67,True
safe_conjunctive_refinement,40,True,True,True,0,4.67,True
safe_conjunctive_refinement,41,True,True,True,0,4.67,True
safe_conjunctive_refinement,42,True,True,True,0,4.67,True
safe_conjunctive_refinement,43,True,True,True,0,4.67,True
safe_conjunctive_refinement,44,True,True,True,0,4.67,True
safe_conjunctive_refinement,45,True,True,True,0,4.67,True
safe_conjunctive_refinement,46,True,True,True,0,4.67,True
safe_conjunctive_refinement,47,True,True,True,0,4.67,True
safe_conjunctive_refinement,48,True,True,True,0,4.67,True
safe_conjunctive_refinement,49,True,True,True,0,4.67,True
safe_conjunctive_refinement,50,True,True,True,0,4.67,True
safe_conjunctive_refinement,51,True,True,True,0,4.67,True
safe_conjunctive_refinement,52,True,True,True,0,4.67,True
safe_conjunctive_refinement,53,True,True,True,0,4.67,True
safe_conjunctive_refinement,54,True,True,True,0,4.67,True
safe_conjunctive_refinement,55,True,True,True,0,4.67,True
safe_conjunctive_refinement,56,True,True,True,0,4.67,True
safe_conjunctive_refinement,57,True,True,True,0,4.67,True
safe_conjunctive_refinement,58,True,True,True,0,4.67,True
safe_conjunctive_refinement,59,True,True,True,0,4.67,True
safe_conjunctive_refinement,60,True,True,True,0,4.67,True
safe_conjunctive_refinement,61,True,True,True,0,4.67,True
safe_conjunctive_refinement,62,True,True,True,0,4.67,True
safe_conjunctive_refinement,63,True,True,True,0,4.67,True
safe_conjunctive_refinement,64,True,True,True,0,4.67,True
safe_conjunctive_refinement,65,True,True,True,0,4.67,True
safe_conjunctive_refinement,66,True,True,True,0,4.67,True
safe_conjunctive_refinement,67,True,True,True,0,4.67,True
safe_conjunctive_refinement,68,True,True,True,0,4.67,True
safe_conjunctive_refinement,69,True,True,True,0,4.67,True
safe_conjunctive_refinement,70,True,True,True,0,4.67,True
safe_conjunctive_refinement,71,True,True,True,0,4.67,True
safe_conjunctive_refinement,72,True,True,True,0,4.67,True
safe_conjunctive_refinement,73,True,True,True,0,4.67,True
safe_conjunctive_refinement,74,True,True,True,0,4.67,True
safe_conjunctive_refinement,75,True,True,True,0,4.67,True
safe_conjunctive_refinement,76,True,True,True,0,4.67,True
safe_conjunctive_refinement,77,True,True,True,0,4.67,True
safe_conjunctive_refinement,78,True,True,True,0,4.67,True
safe_conjunctive_refinement,79,True,True,True,0,4.67,True
safe_conjunctive_refinement,80,True,True,True,0,4.67,True
safe_conjunctive_refinement,81,True,True,True,0,4.67,True
safe_conjunctive_refinement,82,True,True,True,0,4.67,True
safe_conjunctive_refinement,83,True,True,True,0,4.67,True
safe_conjunctive_refinement,84,True,True,True,0,4.67,True
safe_conjunctive_refinement,85,True,True,True,0,4.67,True
safe_conjunctive_refinement,86,True,True,True,0,4.67,True
safe_conjunctive_refinement,87,True,True,True,0,4.67,True
safe_conjunctive_refinement,88,True,True,True,0,4.67,True
safe_conjunctive_refinement,89,True,True,True,0,4.67,True
safe_conjunctive_refinement,90,True,True,True,0,4.67,True
safe_conjunctive_refinement,91,True,True,True,0,4.67,True
safe_conjunctive_refinement,92,True,True,True,0,4.67,True
safe_conjunctive_refinement,93,True,True,True,0,4.67,True
safe_conjunctive_refinement,94,True,True,True,0,4.67,True
safe_conjunctive_refinement,95,True,True,True,0,4.67,True
safe_conjunctive_refinement,96,True,True,True,0,4.67,True
safe_conjunctive_refinement,97,True,True,True,0,4.67,True
safe_conjunctive_refinement,98,True,True,True,0,4.67,True
safe_conjunctive_refinement,99,True,True,True,0,4.67,True
safe_conjunctive_refinement,100,True,True,True,0,4.67,True
safe_conjunctive_refinement,101,True,True,True,0,4.67,True
safe_conjunctive_refinement,102,True,True,True,0,4.67,True
safe_conjunctive_refinement,103,True,True,True,0,4.67,True
safe_conjunctive_refinement,104,True,True,True,0,4.67,True
safe_conjunctive_refinement,105,True,True,True,0,4.67,True
safe_conjunctive_refinement,106,True,True,True,0,4.67,True
safe_conjunctive_refinement,107,True,True,True,0,4.67,True
safe_conjunctive_refinement,108,True,True,True,0,4.67,True
safe_conjunctive_refinement,109,True,True,True,0,4.67,True
safe_conjunctive_refinement,110,True,True,True,0,4.67,True
safe_conjunctive_refinement,111,True,True,True,0,4.67,True
safe_conjunctive_refinement,112,True,True,True,0,4.67,True
safe_conjunctive_refinement,113,True,True,True,0,4.67,True
safe_conjunctive_refinement,114,True,True,True,0,4.67,True
safe_conjunctive_refinement,115,True,True,True,0,4.67,True
safe_conjunctive_refinement,116,True,True,True,0,4.67,True
safe_conjunctive_refinement,117,True,True,True,0,4.67,True
safe_conjunctive_refinement,118,True,True,True,0,4.67,True
safe_conjunctive_refinement,119,True,True,True,0,4.67,True
safe_conjunctive_refinement,120,True,True,True,0,4.67,True
safe_conjunctive_refinement,121,True,True,True,0,4.67,True
safe_conjunctive_refinement,122,True,True,True,0,4.67,True
safe_conjunctive_refinement,123,True,True,True,0,4.67,True
safe_conjunctive_refinement,124,True,True,True,0,4.67,True
safe_conjunctive_refinement,125,True,True,True,0,4.67,True
safe_conjunctive_refinement,126,True,True,True,0,4.67,True
safe_conjunctive_refinement,127,True,True,True,0,4.67,True
safe_deny_narrowing,0,True,True,True,0,2.565,False
safe_deny_narrowing,1,True,True,True,0,2.565,True
safe_deny_narrowing,2,True,True,True,0,2.565,True
safe_deny_narrowing,3,True,True,True,0,2.565,True
safe_deny_narrowing,4,True,True,True,0,2.565,True
safe_deny_narrowing,5,True,True,True,0,2.565,True
safe_deny_narrowing,6,True,True,True,0,2.565,True
safe_deny_narrowing,7,True,True,True,0,2.565,True
safe_deny_narrowing,8,True,True,True,0,2.565,True
safe_deny_narrowing,9,True,True,True,0,2.565,True
safe_deny_narrowing,10,True,True,True,0,2.565,True
safe_deny_narrowing,11,True,True,True,0,2.565,True
safe_deny_narrowing,12,True,True,True,0,2.565,True
safe_deny_narrowing,13,True,True,True,0,2.565,True
safe_deny_narrowing,14,True,True,True,0,2.565,True
safe_deny_narrowing,15,True,True,True,0,2.565,True
safe_deny_narrowing,16,True,True,True,0,2.565,True
safe_deny_narrowing,17,True,True,True,0,2.565,True
safe_deny_narrowing,18,True,True,True,0,2.565,True
safe_deny_narrowing,19,True,True,True,0,2.565,True
safe_deny_narrowing,20,True,True,True,0,2.565,True
safe_deny_narrowing,21,True,True,True,0,2.565,True
safe_deny_narrowing,22,True,True,True,0,2.565,True
safe_deny_narrowing,23,True,True,True,0,2.565,True
safe_deny_narrowing,24,True,True,True,0,2.565,True
safe_deny_narrowing,25,True,True,True,0,2.565,True
safe_deny_narrowing,26,True,True,True,0,2.565,True
safe_deny_narrowing,27,True,True,True,0,2.565,True
safe_deny_narrowing,28,True,True,True,0,2.565,True
safe_deny_narrowing,29,True,True,True,0,2.565,True
safe_deny_narrowing,30,True,True,True,0,2.565,True
safe_deny_narrowing,31,True,True,True,0,2.565,True
safe_deny_narrowing,32,True,True,True,0,2.565,True
safe_deny_narrowing,33,True,True,True,0,2.565,True
safe_deny_narrowing,34,True,True,True,0,2.565,True
safe_deny_narrowing,35,True,True,True,0,2.565,True
safe_deny_narrowing,36,True,True,True,0,2.565,True
safe_deny_narrowing,37,True,True,True,0,2.565,True
safe_deny_narrowing,38,True,True,True,0,2.565,True
safe_deny_narrowing,39,True,True,True,0,2.565,True
safe_deny_narrowing,40,True,True,True,0,2.565,True
safe_deny_narrowing,41,True,True,True,0,2.565,True
safe_deny_narrowing,42,True,True,True,0,2.565,True
safe_deny_narrowing,43,True,True,True,0,2.565,True
safe_deny_narrowing,44,True,True,True,0,2.565,True
safe_deny_narrowing,45,True,True,True,0,2.565,True
safe_deny_narrowing,46,True,True,True,0,2.565,True
safe_deny_narrowing,47,True,True,True,0,2.565,True
safe_deny_narrowing,48,True,True,True,0,2.565,True
safe_deny_narrowing,49,True,True,True,0,2.565,True
safe_deny_narrowing,50,True,True,True,0,2.565,True
safe_deny_narrowing,51,True,True,True,0,2.565,True
safe_deny_narrowing,52,True,True,True,0,2.565,True
safe_deny_narrowing,53,True,True,True,0,2.565,True
safe_deny_narrowing,54,True,True,True,0,2.565,True
safe_deny_narrowing,55,True,True,True,0,2.565,True
safe_deny_narrowing,56,True,True,True,0,2.565,True
safe_deny_narrowing,57,True,True,True,0,2.565,True
safe_deny_narrowing,58,True,True,True,0,2.565,True
safe_deny_narrowing,59,True,True,True,0,2.565,True
safe_deny_narrowing,60,True,True,True,0,2.565,True
safe_deny_narrowing,61,True,True,True,0,2.565,True
safe_deny_narrowing,62,True,True,True,0,2.565,True
safe_deny_narrowing,63,True,True,True,0,2.565,True
safe_deny_narrowing,64,True,True,True,0,2.565,True
safe_deny_narrowing,65,True,True,True,0,2.565,True
safe_deny_narrowing,66,True,True,True,0,2.565,True
safe_deny_narrowing,67,True,True,True,0,2.565,True
safe_deny_narrowing,68,True,True,True,0,2.565,True
safe_deny_narrowing,69,True,True,True,0,2.565,True
safe_deny_narrowing,70,True,True,True,0,2.565,True
safe_deny_narrowing,71,True,True,True,0,2.565,True
safe_deny_narrowing,72,True,True,True,0,2.565,True
safe_deny_narrowing,73,True,True,True,0,2.565,True
safe_deny_narrowing,74,True,True,True,0,2.565,True
safe_deny_narrowing,75,True,True,True,0,2.565,True
safe_deny_narrowing,76,True,True,True,0,2.565,True
safe_deny_narrowing,77,True,True,True,0,2.565,True
safe_deny_narrowing,78,True,True,True,0,2.565,True
safe_deny_narrowing,79,True,True,True,0,2.565,True
safe_deny_narrowing,80,True,True,True,0,2.565,True
safe_deny_narrowing,81,True,True,True,0,2.565,True
safe_deny_narrowing,82,True,True,True,0,2.565,True
safe_deny_narrowing,83,True,True,True,0,2.565,True
safe_deny_narrowing,84,True,True,True,0,2.565,True
safe_deny_narrowing,85,True,True,True,0,2.565,True
safe_deny_narrowing,86,True,True,True,0,2.565,True
safe_deny_narrowing,87,True,True,True,0,2.565,True
safe_deny_narrowing,88,True,True,True,0,2.565,True
safe_deny_narrowing,89,True,True,True,0,2.565,True
safe_deny_narrowing,90,True,True,True,0,2.565,True
safe_deny_narrowing,91,True,True,True,0,2.565,True
safe_deny_narrowing,92,True,True,True,0,2.565,True
safe_deny_narrowing,93,True,True,True,0,2.565,True
safe_deny_narrowing,94,True,True,True,0,2.565,True
safe_deny_narrowing,95,True,True,True,0,2.565,True
safe_deny_narrowing,96,True,True,True,0,2.565,True
safe_deny_narrowing,97,True,True,True,0,2.565,True
safe_deny_narrowing,98,True,True,True,0,2.565,True
safe_deny_narrowing,99,True,True,True,0,2.565,True
safe_deny_narrowing,100,True,True,True,0,2.565,True
safe_deny_narrowing,101,True,True,True,0,2.565,True
safe_deny_narrowing,102,True,True,True,0,2.565,True
safe_deny_narrowing,103,True,True,True,0,2.565,True
safe_deny_narrowing,104,True,True,True,0,2.565,True
safe_deny_narrowing,105,True,True,True,0,2.565,True
safe_deny_narrowing,106,True,True,True,0,2.565,True
safe_deny_narrowing,107,True,True,True,0,2.565,True
safe_deny_narrowing,108,True,True,True,0,2.565,True
safe_deny_narrowing,109,True,True,True,0,2.565,True
safe_deny_narrowing,110,True,True,True,0,2.565,True
safe_deny_narrowing,111,True,True,True,0,2.565,True
safe_deny_narrowing,112,True,True,True,0,2.565,True
safe_deny_narrowing,113,True,True,True,0,2.565,True
safe_deny_narrowing,114,True,True,True,0,2.565,True
safe_deny_narrowing,115,True,True,True,0,2.565,True
safe_deny_narrowing,116,True,True,True,0,2.565,True
safe_deny_narrowing,117,True,True,True,0,2.565,True
safe_deny_narrowing,118,True,True,True,0,2.565,True
safe_deny_narrowing,119,True,True,True,0,2.565,True
safe_deny_narrowing,120,True,True,True,0,2.565,True
safe_deny_narrowing,121,True,True,True,0,2.565,True
safe_deny_narrowing,122,True,True,True,0,2.565,True
safe_deny_narrowing,123,True,True,True,0,2.565,True
safe_deny_narrowing,124,True,True,True,0,2.565,True
safe_deny_narrowing,125,True,True,True,0,2.565,True
safe_deny_narrowing,126,True,True,True,0,2.565,True
safe_deny_narrowing,127,True,True,True,0,2.565,True
safe_dual_audience,0,True,True,True,0,2.677,False
safe_dual_audience,1,True,True,True,0,2.677,True
safe_dual_audience,2,True,True,True,0,2.677,True
safe_dual_audience,3,True,True,True,0,2.677,True
safe_dual_audience,4,True,True,True,0,2.677,True
safe_dual_audience,5,True,True,True,0,2.677,True
safe_dual_audience,6,True,True,True,0,2.677,True
safe_dual_audience,7,True,True,True,0,2.677,True
safe_dual_audience,8,True,True,True,0,2.677,True
safe_dual_audience,9,True,True,True,0,2.677,True
safe_dual_audience,10,True,True,True,0,2.677,True
safe_dual_audience,11,True,True,True,0,2.677,True
safe_dual_audience,12,True,True,True,0,2.677,True
safe_dual_audience,13,True,True,True,0,2.677,True
safe_dual_audience,14,True,True,True,0,2.677,True
safe_dual_audience,15,True,True,True,0,2.677,True
safe_dual_audience,16,True,True,True,0,2.677,True
safe_dual_audience,17,True,True,True,0,2.677,True
safe_dual_audience,18,True,True,True,0,2.677,True
safe_dual_audience,19,True,True,True,0,2.677,True
safe_dual_audience,20,True,True,True,0,2.677,True
safe_dual_audience,21,True,True,True,0,2.677,True
safe_dual_audience,22,True,True,True,0,2.677,True
safe_dual_audience,23,True,True,True,0,2.677,True
safe_dual_audience,24,True,True,True,0,2.677,True
safe_dual_audience,25,True,True,True,0,2.677,True
safe_dual_audience,26,True,True,True,0,2.677,True
safe_dual_audience,27,True,True,True,0,2.677,True
safe_dual_audience,28,True,True,True,0,2.677,True
safe_dual_audience,29,True,True,True,0,2.677,True
safe_dual_audience,30,True,True,True,0,2.677,True
safe_dual_audience,31,True,True,True,0,2.677,True
safe_dual_audience,32,True,True,True,0,2.677,True
safe_dual_audience,33,True,True,True,0,2.677,True
safe_dual_audience,34,True,True,True,0,2.677,True
safe_dual_audience,35,True,True,True,0,2.677,True
safe_dual_audience,36,True,True,True,0,2.677,True
safe_dual_audience,37,True,True,True,0,2.677,True
safe_dual_audience,38,True,True,True,0,2.677,True
safe_dual_audience,39,True,True,True,0,2.677,True
safe_dual_audience,40,True,True,True,0,2.677,True
safe_dual_audience,41,True,True,True,0,2.677,True
safe_dual_audience,42,True,True,True,0,2.677,True
safe_dual_audience,43,True,True,True,0,2.677,True
safe_dual_audience,44,True,True,True,0,2.677,True
safe_dual_audience,45,True,True,True,0,2.677,True
safe_dual_audience,46,True,True,True,0,2.677,True
safe_dual_audience,47,True,True,True,0,2.677,True
safe_dual_audience,48,True,True,True,0,2.677,True
safe_dual_audience,49,True,True,True,0,2.677,True
safe_dual_audience,50,True,True,True,0,2.677,True
safe_dual_audience,51,True,True,True,0,2.677,True
safe_dual_audience,52,True,True,True,0,2.677,True
safe_dual_audience,53,True,True,True,0,2.677,True
safe_dual_audience,54,True,True,True,0,2.677,True
safe_dual_audience,55,True,True,True,0,2.677,True
safe_dual_audience,56,True,True,True,0,2.677,True
safe_dual_audience,57,True,True,True,0,2.677,True
safe_dual_audience,58,True,True,True,0,2.677,True
safe_dual_audience,59,True,True,True,0,2.677,True
safe_dual_audience,60,True,True,True,0,2.677,True
safe_dual_audience,61,True,True,True,0,2.677,True
safe_dual_audience,62,True,True,True,0,2.677,True
safe_dual_audience,63,True,True,True,0,2.677,True
safe_dual_audience,64,True,True,True,0,2.677,True
safe_dual_audience,65,True,True,True,0,2.677,True
safe_dual_audience,66,True,True,True,0,2.677,True
safe_dual_audience,67,True,True,True,0,2.677,True
safe_dual_audience,68,True,True,True,0,2.677,True
safe_dual_audience,69,True,True,True,0,2.677,True
safe_dual_audience,70,True,True,True,0,2.677,True
safe_dual_audience,71,True,True,True,0,2.677,True
safe_dual_audience,72,True,True,True,0,2.677,True
safe_dual_audience,73,True,True,True,0,2.677,True
safe_dual_audience,74,True,True,True,0,2.677,True
safe_dual_audience,75,True,True,True,0,2.677,True
safe_dual_audience,76,True,True,True,0,2.677,True
safe_dual_audience,77,True,True,True,0,2.677,True
safe_dual_audience,78,True,True,True,0,2.677,True
safe_dual_audience,79,True,True,True,0,2.677,True
safe_dual_audience,80,True,True,True,0,2.677,True
safe_dual_audience,81,True,True,True,0,2.677,True
safe_dual_audience,82,True,True,True,0,2.677,True
safe_dual_audience,83,True,True,True,0,2.677,True
safe_dual_audience,84,True,True,True,0,2.677,True
safe_dual_audience,85,True,True,True,0,2.677,True
safe_dual_audience,86,True,True,True,0,2.677,True
safe_dual_audience,87,True,True,True,0,2.677,True
safe_dual_audience,88,True,True,True,0,2.677,True
safe_dual_audience,89,True,True,True,0,2.677,True
safe_dual_audience,90,True,True,True,0,2.677,True
safe_dual_audience,91,True,True,True,0,2.677,True
safe_dual_audience,92,True,True,True,0,2.677,True
safe_dual_audience,93,True,True,True,0,2.677,True
safe_dual_audience,94,True,True,True,0,2.677,True
safe_dual_audience,95,True,True,True,0,2.677,True
safe_dual_audience,96,True,True,True,0,2.677,True
safe_dual_audience,97,True,True,True,0,2.677,True
safe_dual_audience,98,True,True,True,0,2.677,True
safe_dual_audience,99,True,True,True,0,2.677,True
safe_dual_audience,100,True,True,True,0,2.677,True
safe_dual_audience,101,True,True,True,0,2.677,True
safe_dual_audience,102,True,True,True,0,2.677,True
safe_dual_audience,103,True,True,True,0,2.677,True
safe_dual_audience,104,True,True,True,0,2.677,True
safe_dual_audience,105,True,True,True,0,2.677,True
safe_dual_audience,106,True,True,True,0,2.677,True
safe_dual_audience,107,True,True,True,0,2.677,True
safe_dual_audience,108,True,True,True,0,2.677,True
safe_dual_audience,109,True,True,True,0,2.677,True
safe_dual_audience,110,True,True,True,0,2.677,True
safe_dual_audience,111,True,True,True,0,2.677,True
safe_dual_audience,112,True,True,True,0,2.677,True
safe_dual_audience,113,True,True,True,0,2.677,True
safe_dual_audience,114,True,True,True,0,2.677,True
safe_dual_audience,115,True,True,True,0,2.677,True
safe_dual_audience,116,True,True,True,0,2.677,True
safe_dual_audience,117,True,True,True,0,2.677,True
safe_dual_audience,118,True,True,True,0,2.677,True
safe_dual_audience,119,True,True,True,0,2.677,True
safe_dual_audience,120,True,True,True,0,2.677,True
safe_dual_audience,121,True,True,True,0,2.677,True
safe_dual_audience,122,True,True,True,0,2.677,True
safe_dual_audience,123,True,True,True,0,2.677,True
safe_dual_audience,124,True,True,True,0,2.677,True
safe_dual_audience,125,True,True,True,0,2.677,True
safe_dual_audience,126,True,True,True,0,2.677,True
safe_dual_audience,127,True,True,True,0,2.677,True
safe_dynamic_alphabet,0,True,True,True,0,2.74,False
safe_dynamic_alphabet,1,True,True,True,0,2.74,True
safe_dynamic_alphabet,2,True,True,True,0,2.74,True
safe_dynamic_alphabet,3,True,True,True,0,2.74,True
safe_dynamic_alphabet,4,True,True,True,0,2.74,True
safe_dynamic_alphabet,5,True,True,True,0,2.74,True
safe_dynamic_alphabet,6,True,True,True,0,2.74,True
safe_dynamic_alphabet,7,True,True,True,0,2.74,True
safe_dynamic_alphabet,8,True,True,True,0,2.74,True
safe_dynamic_alphabet,9,True,True,True,0,2.74,True
safe_dynamic_alphabet,10,True,True,True,0,2.74,True
safe_dynamic_alphabet,11,True,True,True,0,2.74,True
safe_dynamic_alphabet,12,True,True,True,0,2.74,True
safe_dynamic_alphabet,13,True,True,True,0,2.74,True
safe_dynamic_alphabet,14,True,True,True,0,2.74,True
safe_dynamic_alphabet,15,True,True,True,0,2.74,True
safe_dynamic_alphabet,16,True,True,True,0,2.74,True
safe_dynamic_alphabet,17,True,True,True,0,2.74,True
safe_dynamic_alphabet,18,True,True,True,0,2.74,True
safe_dynamic_alphabet,19,True,True,True,0,2.74,True
safe_dynamic_alphabet,20,True,True,True,0,2.74,True
safe_dynamic_alphabet,21,True,True,True,0,2.74,True
safe_dynamic_alphabet,22,True,True,True,0,2.74,True
safe_dynamic_alphabet,23,True,True,True,0,2.74,True
safe_dynamic_alphabet,24,True,True,True,0,2.74,True
safe_dynamic_alphabet,25,True,True,True,0,2.74,True
safe_dynamic_alphabet,26,True,True,True,0,2.74,True
safe_dynamic_alphabet,27,True,True,True,0,2.74,True
safe_dynamic_alphabet,28,True,True,True,0,2.74,True
safe_dynamic_alphabet,29,True,True,True,0,2.74,True
safe_dynamic_alphabet,30,True,True,True,0,2.74,True
safe_dynamic_alphabet,31,True,True,True,0,2.74,True
safe_dynamic_alphabet,32,True,True,True,0,2.74,True
safe_dynamic_alphabet,33,True,True,True,0,2.74,True
safe_dynamic_alphabet,34,True,True,True,0,2.74,True
safe_dynamic_alphabet,35,True,True,True,0,2.74,True
safe_dynamic_alphabet,36,True,True,True,0,2.74,True
safe_dynamic_alphabet,37,True,True,True,0,2.74,True
safe_dynamic_alphabet,38,True,True,True,0,2.74,True
safe_dynamic_alphabet,39,True,True,True,0,2.74,True
safe_dynamic_alphabet,40,True,True,True,0,2.74,True
safe_dynamic_alphabet,41,True,True,True,0,2.74,True
safe_dynamic_alphabet,42,True,True,True,0,2.74,True
safe_dynamic_alphabet,43,True,True,True,0,2.74,True
safe_dynamic_alphabet,44,True,True,True,0,2.74,True
safe_dynamic_alphabet,45,True,True,True,0,2.74,True
safe_dynamic_alphabet,46,True,True,True,0,2.74,True
safe_dynamic_alphabet,47,True,True,True,0,2.74,True
safe_dynamic_alphabet,48,True,True,True,0,2.74,True
safe_dynamic_alphabet,49,True,True,True,0,2.74,True
safe_dynamic_alphabet,50,True,True,True,0,2.74,True
safe_dynamic_alphabet,51,True,True,True,0,2.74,True
safe_dynamic_alphabet,52,True,True,True,0,2.74,True
safe_dynamic_alphabet,53,True,True,True,0,2.74,True
safe_dynamic_alphabet,54,True,True,True,0,2.74,True
safe_dynamic_alphabet,55,True,True,True,0,2.74,True
safe_dynamic_alphabet,56,True,True,True,0,2.74,True
safe_dynamic_alphabet,57,True,True,True,0,2.74,True
safe_dynamic_alphabet,58,True,True,True,0,2.74,True
safe_dynamic_alphabet,59,True,True,True,0,2.74,True
safe_dynamic_alphabet,60,True,True,True,0,2.74,True
safe_dynamic_alphabet,61,True,True,True,0,2.74,True
safe_dynamic_alphabet,62,True,True,True,0,2.74,True
safe_dynamic_alphabet,63,True,True,True,0,2.74,True
safe_dynamic_alphabet,64,True,True,True,0,2.74,True
safe_dynamic_alphabet,65,True,True,True,0,2.74,True
safe_dynamic_alphabet,66,True,True,True,0,2.74,True
safe_dynamic_alphabet,67,True,True,True,0,2.74,True
safe_dynamic_alphabet,68,True,True,True,0,2.74,True
safe_dynamic_alphabet,69,True,True,True,0,2.74,True
safe_dynamic_alphabet,70,True,True,True,0,2.74,True
safe_dynamic_alphabet,71,True,True,True,0,2.74,True
safe_dynamic_alphabet,72,True,True,True,0,2.74,True
safe_dynamic_alphabet,73,True,True,True,0,2.74,True
safe_dynamic_alphabet,74,True,True,True,0,2.74,True
safe_dynamic_alphabet,75,True,True,True,0,2.74,True
safe_dynamic_alphabet,76,True,True,True,0,2.74,True
safe_dynamic_alphabet,77,True,True,True,0,2.74,True
safe_dynamic_alphabet,78,True,True,True,0,2.74,True
safe_dynamic_alphabet,79,True,True,True,0,2.74,True
safe_dynamic_alphabet,80,True,True,True,0,2.74,True
safe_dynamic_alphabet,81,True,True,True,0,2.74,True
safe_dynamic_alphabet,82,True,True,True,0,2.74,True
safe_dynamic_alphabet,83,True,True,True,0,2.74,True
safe_dynamic_alphabet,84,True,True,True,0,2.74,True
safe_dynamic_alphabet,85,True,True,True,0,2.74,True
safe_dynamic_alphabet,86,True,True,True,0,2.74,True
safe_dynamic_alphabet,87,True,True,True,0,2.74,True
safe_dynamic_alphabet,88,True,True,True,0,2.74,True
safe_dynamic_alphabet,89,True,True,True,0,2.74,True
safe_dynamic_alphabet,90,True,True,True,0,2.74,True
safe_dynamic_alphabet,91,True,True,True,0,2.74,True
safe_dynamic_alphabet,92,True,True,True,0,2.74,True
safe_dynamic_alphabet,93,True,True,True,0,2.74,True
safe_dynamic_alphabet,94,True,True,True,0,2.74,True
safe_dynamic_alphabet,95,True,True,True,0,2.74,True
safe_dynamic_alphabet,96,True,True,True,0,2.74,True
safe_dynamic_alphabet,97,True,True,True,0,2.74,True
safe_dynamic_alphabet,98,True,True,True,0,2.74,True
safe_dynamic_alphabet,99,True,True,True,0,2.74,True
safe_dynamic_alphabet,100,True,True,True,0,2.74,True
safe_dynamic_alphabet,101,True,True,True,0,2.74,True
safe_dynamic_alphabet,102,True,True,True,0,2.74,True
safe_dynamic_alphabet,103,True,True,True,0,2.74,True
safe_dynamic_alphabet,104,True,True,True,0,2.74,True
safe_dynamic_alphabet,105,True,True,True,0,2.74,True
safe_dynamic_alphabet,106,True,True,True,0,2.74,True
safe_dynamic_alphabet,107,True,True,True,0,2.74,True
safe_dynamic_alphabet,108,True,True,True,0,2.74,True
safe_dynamic_alphabet,109,True,True,True,0,2.74,True
safe_dynamic_alphabet,110,True,True,True,0,2.74,True
safe_dynamic_alphabet,111,True,True,True,0,2.74,True
safe_dynamic_alphabet,112,True,True,True,0,2.74,True
safe_dynamic_alphabet,113,True,True,True,0,2.74,True
safe_dynamic_alphabet,114,True,True,True,0,2.74,True
safe_dynamic_alphabet,115,True,True,True,0,2.74,True
safe_dynamic_alphabet,116,True,True,True,0,2.74,True
safe_dynamic_alphabet,117,True,True,True,0,2.74,True
safe_dynamic_alphabet,118,True,True,True,0,2.74,True
safe_dynamic_alphabet,119,True,True,True,0,2.74,True
safe_dynamic_alphabet,120,True,True,True,0,2.74,True
safe_dynamic_alphabet,121,True,True,True,0,2.74,True
safe_dynamic_alphabet,122,True,True,True,0,2.74,True
safe_dynamic_alphabet,123,True,True,True,0,2.74,True
safe_dynamic_alphabet,124,True,True,True,0,2.74,True
safe_dynamic_alphabet,125,True,True,True,0,2.74,True
safe_dynamic_alphabet,126,True,True,True,0,2.74,True
safe_dynamic_alphabet,127,True,True,True,0,2.74,True
safe_encoded_colon_environment,0,True,True,True,0,5.028,False
safe_encoded_colon_environment,1,True,True,True,0,5.028,True
safe_encoded_colon_environment,2,True,True,True,0,5.028,True
safe_encoded_colon_environment,3,True,True,True,0,5.028,True
safe_encoded_colon_environment,4,True,True,True,0,5.028,True
safe_encoded_colon_environment,5,True,True,True,0,5.028,True
safe_encoded_colon_environment,6,True,True,True,0,5.028,True
safe_encoded_colon_environment,7,True,True,True,0,5.028,True
safe_encoded_colon_environment,8,True,True,True,0,5.028,True
safe_encoded_colon_environment,9,True,True,True,0,5.028,True
safe_encoded_colon_environment,10,True,True,True,0,5.028,True
safe_encoded_colon_environment,11,True,True,True,0,5.028,True
safe_encoded_colon_environment,12,True,True,True,0,5.028,True
safe_encoded_colon_environment,13,True,True,True,0,5.028,True
safe_encoded_colon_environment,14,True,True,True,0,5.028,True
safe_encoded_colon_environment,15,True,True,True,0,5.028,True
safe_encoded_colon_environment,16,True,True,True,0,5.028,True
safe_encoded_colon_environment,17,True,True,True,0,5.028,True
safe_encoded_colon_environment,18,True,True,True,0,5.028,True
safe_encoded_colon_environment,19,True,True,True,0,5.028,True
safe_encoded_colon_environment,20,True,True,True,0,5.028,True
safe_encoded_colon_environment,21,True,True,True,0,5.028,True
safe_encoded_colon_environment,22,True,True,True,0,5.028,True
safe_encoded_colon_environment,23,True,True,True,0,5.028,True
safe_encoded_colon_environment,24,True,True,True,0,5.028,True
safe_encoded_colon_environment,25,True,True,True,0,5.028,True
safe_encoded_colon_environment,26,True,True,True,0,5.028,True
safe_encoded_colon_environment,27,True,True,True,0,5.028,True
safe_encoded_colon_environment,28,True,True,True,0,5.028,True
safe_encoded_colon_environment,29,True,True,True,0,5.028,True
safe_encoded_colon_environment,30,True,True,True,0,5.028,True
safe_encoded_colon_environment,31,True,True,True,0,5.028,True
safe_encoded_colon_environment,32,True,True,True,0,5.028,True
safe_encoded_colon_environment,33,True,True,True,0,5.028,True
safe_encoded_colon_environment,34,True,True,True,0,5.028,True
safe_encoded_colon_environment,35,True,True,True,0,5.028,True
safe_encoded_colon_environment,36,True,True,True,0,5.028,True
safe_encoded_colon_environment,37,True,True,True,0,5.028,True
safe_encoded_colon_environment,38,True,True,True,0,5.028,True
safe_encoded_colon_environment,39,True,True,True,0,5.028,True
safe_encoded_colon_environment,40,True,True,True,0,5.028,True
safe_encoded_colon_environment,41,True,True,True,0,5.028,True
safe_encoded_colon_environment,42,True,True,True,0,5.028,True
safe_encoded_colon_environment,43,True,True,True,0,5.028,True
safe_encoded_colon_environment,44,True,True,True,0,5.028,True
safe_encoded_colon_environment,45,True,True,True,0,5.028,True
safe_encoded_colon_environment,46,True,True,True,0,5.028,True
safe_encoded_colon_environment,47,True,True,True,0,5.028,True
safe_encoded_colon_environment,48,True,True,True,0,5.028,True
safe_encoded_colon_environment,49,True,True,True,0,5.028,True
safe_encoded_colon_environment,50,True,True,True,0,5.028,True
safe_encoded_colon_environment,51,True,True,True,0,5.028,True
safe_encoded_colon_environment,52,True,True,True,0,5.028,True
safe_encoded_colon_environment,53,True,True,True,0,5.028,True
safe_encoded_colon_environment,54,True,True,True,0,5.028,True
safe_encoded_colon_environment,55,True,True,True,0,5.028,True
safe_encoded_colon_environment,56,True,True,True,0,5.028,True
safe_encoded_colon_environment,57,True,True,True,0,5.028,True
safe_encoded_colon_environment,58,True,True,True,0,5.028,True
safe_encoded_colon_environment,59,True,True,True,0,5.028,True
safe_encoded_colon_environment,60,True,True,True,0,5.028,True
safe_encoded_colon_environment,61,True,True,True,0,5.028,True
safe_encoded_colon_environment,62,True,True,True,0,5.028,True
safe_encoded_colon_environment,63,True,True,True,0,5.028,True
safe_encoded_colon_environment,64,True,True,True,0,5.028,True
safe_encoded_colon_environment,65,True,True,True,0,5.028,True
safe_encoded_colon_environment,66,True,True,True,0,5.028,True
safe_encoded_colon_environment,67,True,True,True,0,5.028,True
safe_encoded_colon_environment,68,True,True,True,0,5.028,True
safe_encoded_colon_environment,69,True,True,True,0,5.028,True
safe_encoded_colon_environment,70,True,True,True,0,5.028,True
safe_encoded_colon_environment,71,True,True,True,0,5.028,True
safe_encoded_colon_environment,72,True,True,True,0,5.028,True
safe_encoded_colon_environment,73,True,True,True,0,5.028,True
safe_encoded_colon_environment,74,True,True,True,0,5.028,True
safe_encoded_colon_environment,75,True,True,True,0,5.028,True
safe_encoded_colon_environment,76,True,True,True,0,5.028,True
safe_encoded_colon_environment,77,True,True,True,0,5.028,True
safe_encoded_colon_environment,78,True,True,True,0,5.028,True
safe_encoded_colon_environment,79,True,True,True,0,5.028,True
safe_encoded_colon_environment,80,True,True,True,0,5.028,True
safe_encoded_colon_environment,81,True,True,True,0,5.028,True
safe_encoded_colon_environment,82,True,True,True,0,5.028,True
safe_encoded_colon_environment,83,True,True,True,0,5.028,True
safe_encoded_colon_environment,84,True,True,True,0,5.028,True
safe_encoded_colon_environment,85,True,True,True,0,5.028,True
safe_encoded_colon_environment,86,True,True,True,0,5.028,True
safe_encoded_colon_environment,87,True,True,True,0,5.028,True
safe_encoded_colon_environment,88,True,True,True,0,5.028,True
safe_encoded_colon_environment,89,True,True,True,0,5.028,True
safe_encoded_colon_environment,90,True,True,True,0,5.028,True
safe_encoded_colon_environment,91,True,True,True,0,5.028,True
safe_encoded_colon_environment,92,True,True,True,0,5.028,True
safe_encoded_colon_environment,93,True,True,True,0,5.028,True
safe_encoded_colon_environment,94,True,True,True,0,5.028,True
safe_encoded_colon_environment,95,True,True,True,0,5.028,True
safe_encoded_colon_environment,96,True,True,True,0,5.028,True
safe_encoded_colon_environment,97,True,True,True,0,5.028,True
safe_encoded_colon_environment,98,True,True,True,0,5.028,True
safe_encoded_colon_environment,99,True,True,True,0,5.028,True
safe_encoded_colon_environment,100,True,True,True,0,5.028,True
safe_encoded_colon_environment,101,True,True,True,0,5.028,True
safe_encoded_colon_environment,102,True,True,True,0,5.028,True
safe_encoded_colon_environment,103,True,True,True,0,5.028,True
safe_encoded_colon_environment,104,True,True,True,0,5.028,True
safe_encoded_colon_environment,105,True,True,True,0,5.028,True
safe_encoded_colon_environment,106,True,True,True,0,5.028,True
safe_encoded_colon_environment,107,True,True,True,0,5.028,True
safe_encoded_colon_environment,108,True,True,True,0,5.028,True
safe_encoded_colon_environment,109,True,True,True,0,5.028,True
safe_encoded_colon_environment,110,True,True,True,0,5.028,True
safe_encoded_colon_environment,111,True,True,True,0,5.028,True
safe_encoded_colon_environment,112,True,True,True,0,5.028,True
safe_encoded_colon_environment,113,True,True,True,0,5.028,True
safe_encoded_colon_environment,114,True,True,True,0,5.028,True
safe_encoded_colon_environment,115,True,True,True,0,5.028,True
safe_encoded_colon_environment,116,True,True,True,0,5.028,True
safe_encoded_colon_environment,117,True,True,True,0,5.028,True
safe_encoded_colon_environment,118,True,True,True,0,5.028,True
safe_encoded_colon_environment,119,True,True,True,0,5.028,True
safe_encoded_colon_environment,120,True,True,True,0,5.028,True
safe_encoded_colon_environment,121,True,True,True,0,5.028,True
safe_encoded_colon_environment,122,True,True,True,0,5.028,True
safe_encoded_colon_environment,123,True,True,True,0,5.028,True
safe_encoded_colon_environment,124,True,True,True,0,5.028,True
safe_encoded_colon_environment,125,True,True,True,0,5.028,True
safe_encoded_colon_environment,126,True,True,True,0,5.028,True
safe_encoded_colon_environment,127,True,True,True,0,5.028,True
safe_exact_branch,0,True,True,True,0,3.154,False
safe_exact_branch,1,True,True,True,0,3.154,True
safe_exact_branch,2,True,True,True,0,3.154,True
safe_exact_branch,3,True,True,True,0,3.154,True
safe_exact_branch,4,True,True,True,0,3.154,True
safe_exact_branch,5,True,True,True,0,3.154,True
safe_exact_branch,6,True,True,True,0,3.154,True
safe_exact_branch,7,True,True,True,0,3.154,True
safe_exact_branch,8,True,True,True,0,3.154,True
safe_exact_branch,9,True,True,True,0,3.154,True
safe_exact_branch,10,True,True,True,0,3.154,True
safe_exact_branch,11,True,True,True,0,3.154,True
safe_exact_branch,12,True,True,True,0,3.154,True
safe_exact_branch,13,True,True,True,0,3.154,True
safe_exact_branch,14,True,True,True,0,3.154,True
safe_exact_branch,15,True,True,True,0,3.154,True
safe_exact_branch,16,True,True,True,0,3.154,True
safe_exact_branch,17,True,True,True,0,3.154,True
safe_exact_branch,18,True,True,True,0,3.154,True
safe_exact_branch,19,True,True,True,0,3.154,True
safe_exact_branch,20,True,True,True,0,3.154,True
safe_exact_branch,21,True,True,True,0,3.154,True
safe_exact_branch,22,True,True,True,0,3.154,True
safe_exact_branch,23,True,True,True,0,3.154,True
safe_exact_branch,24,True,True,True,0,3.154,True
safe_exact_branch,25,True,True,True,0,3.154,True
safe_exact_branch,26,True,True,True,0,3.154,True
safe_exact_branch,27,True,True,True,0,3.154,True
safe_exact_branch,28,True,True,True,0,3.154,True
safe_exact_branch,29,True,True,True,0,3.154,True
safe_exact_branch,30,True,True,True,0,3.154,True
safe_exact_branch,31,True,True,True,0,3.154,True
safe_exact_branch,32,True,True,True,0,3.154,True
safe_exact_branch,33,True,True,True,0,3.154,True
safe_exact_branch,34,True,True,True,0,3.154,True
safe_exact_branch,35,True,True,True,0,3.154,True
safe_exact_branch,36,True,True,True,0,3.154,True
safe_exact_branch,37,True,True,True,0,3.154,True
safe_exact_branch,38,True,True,True,0,3.154,True
safe_exact_branch,39,True,True,True,0,3.154,True
safe_exact_branch,40,True,True,True,0,3.154,True
safe_exact_branch,41,True,True,True,0,3.154,True
safe_exact_branch,42,True,True,True,0,3.154,True
safe_exact_branch,43,True,True,True,0,3.154,True
safe_exact_branch,44,True,True,True,0,3.154,True
safe_exact_branch,45,True,True,True,0,3.154,True
safe_exact_branch,46,True,True,True,0,3.154,True
safe_exact_branch,47,True,True,True,0,3.154,True
safe_exact_branch,48,True,True,True,0,3.154,True
safe_exact_branch,49,True,True,True,0,3.154,True
safe_exact_branch,50,True,True,True,0,3.154,True
safe_exact_branch,51,True,True,True,0,3.154,True
safe_exact_branch,52,True,True,True,0,3.154,True
safe_exact_branch,53,True,True,True,0,3.154,True
safe_exact_branch,54,True,True,True,0,3.154,True
safe_exact_branch,55,True,True,True,0,3.154,True
safe_exact_branch,56,True,True,True,0,3.154,True
safe_exact_branch,57,True,True,True,0,3.154,True
safe_exact_branch,58,True,True,True,0,3.154,True
safe_exact_branch,59,True,True,True,0,3.154,True
safe_exact_branch,60,True,True,True,0,3.154,True
safe_exact_branch,61,True,True,True,0,3.154,True
safe_exact_branch,62,True,True,True,0,3.154,True
safe_exact_branch,63,True,True,True,0,3.154,True
safe_exact_branch,64,True,True,True,0,3.154,True
safe_exact_branch,65,True,True,True,0,3.154,True
safe_exact_branch,66,True,True,True,0,3.154,True
safe_exact_branch,67,True,True,True,0,3.154,True
safe_exact_branch,68,True,True,True,0,3.154,True
safe_exact_branch,69,True,True,True,0,3.154,True
safe_exact_branch,70,True,True,True,0,3.154,True
safe_exact_branch,71,True,True,True,0,3.154,True
safe_exact_branch,72,True,True,True,0,3.154,True
safe_exact_branch,73,True,True,True,0,3.154,True
safe_exact_branch,74,True,True,True,0,3.154,True
safe_exact_branch,75,True,True,True,0,3.154,True
safe_exact_branch,76,True,True,True,0,3.154,True
safe_exact_branch,77,True,True,True,0,3.154,True
safe_exact_branch,78,True,True,True,0,3.154,True
safe_exact_branch,79,True,True,True,0,3.154,True
safe_exact_branch,80,True,True,True,0,3.154,True
safe_exact_branch,81,True,True,True,0,3.154,True
safe_exact_branch,82,True,True,True,0,3.154,True
safe_exact_branch,83,True,True,True,0,3.154,True
safe_exact_branch,84,True,True,True,0,3.154,True
safe_exact_branch,85,True,True,True,0,3.154,True
safe_exact_branch,86,True,True,True,0,3.154,True
safe_exact_branch,87,True,True,True,0,3.154,True
safe_exact_branch,88,True,True,True,0,3.154,True
safe_exact_branch,89,True,True,True,0,3.154,True
safe_exact_branch,90,True,True,True,0,3.154,True
safe_exact_branch,91,True,True,True,0,3.154,True
safe_exact_branch,92,True,True,True,0,3.154,True
safe_exact_branch,93,True,True,True,0,3.154,True
safe_exact_branch,94,True,True,True,0,3.154,True
safe_exact_branch,95,True,True,True,0,3.154,True
safe_exact_branch,96,True,True,True,0,3.154,True
safe_exact_branch,97,True,True,True,0,3.154,True
safe_exact_branch,98,True,True,True,0,3.154,True
safe_exact_branch,99,True,True,True,0,3.154,True
safe_exact_branch,100,True,True,True,0,3.154,True
safe_exact_branch,101,True,True,True,0,3.154,True
safe_exact_branch,102,True,True,True,0,3.154,True
safe_exact_branch,103,True,True,True,0,3.154,True
safe_exact_branch,104,True,True,True,0,3.154,True
safe_exact_branch,105,True,True,True,0,3.154,True
safe_exact_branch,106,True,True,True,0,3.154,True
safe_exact_branch,107,True,True,True,0,3.154,True
safe_exact_branch,108,True,True,True,0,3.154,True
safe_exact_branch,109,True,True,True,0,3.154,True
safe_exact_branch,110,True,True,True,0,3.154,True
safe_exact_branch,111,True,True,True,0,3.154,True
safe_exact_branch,112,True,True,True,0,3.154,True
safe_exact_branch,113,True,True,True,0,3.154,True
safe_exact_branch,114,True,True,True,0,3.154,True
safe_exact_branch,115,True,True,True,0,3.154,True
safe_exact_branch,116,True,True,True,0,3.154,True
safe_exact_branch,117,True,True,True,0,3.154,True
safe_exact_branch,118,True,True,True,0,3.154,True
safe_exact_branch,119,True,True,True,0,3.154,True
safe_exact_branch,120,True,True,True,0,3.154,True
safe_exact_branch,121,True,True,True,0,3.154,True
safe_exact_branch,122,True,True,True,0,3.154,True
safe_exact_branch,123,True,True,True,0,3.154,True
safe_exact_branch,124,True,True,True,0,3.154,True
safe_exact_branch,125,True,True,True,0,3.154,True
safe_exact_branch,126,True,True,True,0,3.154,True
safe_exact_branch,127,True,True,True,0,3.154,True
safe_protected_environment,0,True,True,True,0,2.396,False
safe_protected_environment,1,True,True,True,0,2.396,True
safe_protected_environment,2,True,True,True,0,2.396,True
safe_protected_environment,3,True,True,True,0,2.396,True
safe_protected_environment,4,True,True,True,0,2.396,True
safe_protected_environment,5,True,True,True,0,2.396,True
safe_protected_environment,6,True,True,True,0,2.396,True
safe_protected_environment,7,True,True,True,0,2.396,True
safe_protected_environment,8,True,True,True,0,2.396,True
safe_protected_environment,9,True,True,True,0,2.396,True
safe_protected_environment,10,True,True,True,0,2.396,True
safe_protected_environment,11,True,True,True,0,2.396,True
safe_protected_environment,12,True,True,True,0,2.396,True
safe_protected_environment,13,True,True,True,0,2.396,True
safe_protected_environment,14,True,True,True,0,2.396,True
safe_protected_environment,15,True,True,True,0,2.396,True
safe_protected_environment,16,True,True,True,0,2.396,True
safe_protected_environment,17,True,True,True,0,2.396,True
safe_protected_environment,18,True,True,True,0,2.396,True
safe_protected_environment,19,True,True,True,0,2.396,True
safe_protected_environment,20,True,True,True,0,2.396,True
safe_protected_environment,21,True,True,True,0,2.396,True
safe_protected_environment,22,True,True,True,0,2.396,True
safe_protected_environment,23,True,True,True,0,2.396,True
safe_protected_environment,24,True,True,True,0,2.396,True
safe_protected_environment,25,True,True,True,0,2.396,True
safe_protected_environment,26,True,True,True,0,2.396,True
safe_protected_environment,27,True,True,True,0,2.396,True
safe_protected_environment,28,True,True,True,0,2.396,True
safe_protected_environment,29,True,True,True,0,2.396,True
safe_protected_environment,30,True,True,True,0,2.396,True
safe_protected_environment,31,True,True,True,0,2.396,True
safe_protected_environment,32,True,True,True,0,2.396,True
safe_protected_environment,33,True,True,True,0,2.396,True
safe_protected_environment,34,True,True,True,0,2.396,True
safe_protected_environment,35,True,True,True,0,2.396,True
safe_protected_environment,36,True,True,True,0,2.396,True
safe_protected_environment,37,True,True,True,0,2.396,True
safe_protected_environment,38,True,True,True,0,2.396,True
safe_protected_environment,39,True,True,True,0,2.396,True
safe_protected_environment,40,True,True,True,0,2.396,True
safe_protected_environment,41,True,True,True,0,2.396,True
safe_protected_environment,42,True,True,True,0,2.396,True
safe_protected_environment,43,True,True,True,0,2.396,True
safe_protected_environment,44,True,True,True,0,2.396,True
safe_protected_environment,45,True,True,True,0,2.396,True
safe_protected_environment,46,True,True,True,0,2.396,True
safe_protected_environment,47,True,True,True,0,2.396,True
safe_protected_environment,48,True,True,True,0,2.396,True
safe_protected_environment,49,True,True,True,0,2.396,True
safe_protected_environment,50,True,True,True,0,2.396,True
safe_protected_environment,51,True,True,True,0,2.396,True
safe_protected_environment,52,True,True,True,0,2.396,True
safe_protected_environment,53,True,True,True,0,2.396,True
safe_protected_environment,54,True,True,True,0,2.396,True
safe_protected_environment,55,True,True,True,0,2.396,True
safe_protected_environment,56,True,True,True,0,2.396,True
safe_protected_environment,57,True,True,True,0,2.396,True
safe_protected_environment,58,True,True,True,0,2.396,True
safe_protected_environment,59,True,True,True,0,2.396,True
safe_protected_environment,60,True,True,True,0,2.396,True
safe_protected_environment,61,True,True,True,0,2.396,True
safe_protected_environment,62,True,True,True,0,2.396,True
safe_protected_environment,63,True,True,True,0,2.396,True
safe_protected_environment,64,True,True,True,0,2.396,True
safe_protected_environment,65,True,True,True,0,2.396,True
safe_protected_environment,66,True,True,True,0,2.396,True
safe_protected_environment,67,True,True,True,0,2.396,True
safe_protected_environment,68,True,True,True,0,2.396,True
safe_protected_environment,69,True,True,True,0,2.396,True
safe_protected_environment,70,True,True,True,0,2.396,True
safe_protected_environment,71,True,True,True,0,2.396,True
safe_protected_environment,72,True,True,True,0,2.396,True
safe_protected_environment,73,True,True,True,0,2.396,True
safe_protected_environment,74,True,True,True,0,2.396,True
safe_protected_environment,75,True,True,True,0,2.396,True
safe_protected_environment,76,True,True,True,0,2.396,True
safe_protected_environment,77,True,True,True,0,2.396,True
safe_protected_environment,78,True,True,True,0,2.396,True
safe_protected_environment,79,True,True,True,0,2.396,True
safe_protected_environment,80,True,True,True,0,2.396,True
safe_protected_environment,81,True,True,True,0,2.396,True
safe_protected_environment,82,True,True,True,0,2.396,True
safe_protected_environment,83,True,True,True,0,2.396,True
safe_protected_environment,84,True,True,True,0,2.396,True
safe_protected_environment,85,True,True,True,0,2.396,True
safe_protected_environment,86,True,True,True,0,2.396,True
safe_protected_environment,87,True,True,True,0,2.396,True
safe_protected_environment,88,True,True,True,0,2.396,True
safe_protected_environment,89,True,True,True,0,2.396,True
safe_protected_environment,90,True,True,True,0,2.396,True
safe_protected_environment,91,True,True,True,0,2.396,True
safe_protected_environment,92,True,True,True,0,2.396,True
safe_protected_environment,93,True,True,True,0,2.396,True
safe_protected_environment,94,True,True,True,0,2.396,True
safe_protected_environment,95,True,True,True,0,2.396,True
safe_protected_environment,96,True,True,True,0,2.396,True
safe_protected_environment,97,True,True,True,0,2.396,True
safe_protected_environment,98,True,True,True,0,2.396,True
safe_protected_environment,99,True,True,True,0,2.396,True
safe_protected_environment,100,True,True,True,0,2.396,True
safe_protected_environment,101,True,True,True,0,2.396,True
safe_protected_environment,102,True,True,True,0,2.396,True
safe_protected_environment,103,True,True,True,0,2.396,True
safe_protected_environment,104,True,True,True,0,2.396,True
safe_protected_environment,105,True,True,True,0,2.396,True
safe_protected_environment,106,True,True,True,0,2.396,True
safe_protected_environment,107,True,True,True,0,2.396,True
safe_protected_environment,108,True,True,True,0,2.396,True
safe_protected_environment,109,True,True,True,0,2.396,True
safe_protected_environment,110,True,True,True,0,2.396,True
safe_protected_environment,111,True,True,True,0,2.396,True
safe_protected_environment,112,True,True,True,0,2.396,True
safe_protected_environment,113,True,True,True,0,2.396,True
safe_protected_environment,114,True,True,True,0,2.396,True
safe_protected_environment,115,True,True,True,0,2.396,True
safe_protected_environment,116,True,True,True,0,2.396,True
safe_protected_environment,117,True,True,True,0,2.396,True
safe_protected_environment,118,True,True,True,0,2.396,True
safe_protected_environment,119,True,True,True,0,2.396,True
safe_protected_environment,120,True,True,True,0,2.396,True
safe_protected_environment,121,True,True,True,0,2.396,True
safe_protected_environment,122,True,True,True,0,2.396,True
safe_protected_environment,123,True,True,True,0,2.396,True
safe_protected_environment,124,True,True,True,0,2.396,True
safe_protected_environment,125,True,True,True,0,2.396,True
safe_protected_environment,126,True,True,True,0,2.396,True
safe_protected_environment,127,True,True,True,0,2.396,True
safe_release_tags,0,True,True,True,0,3.761,False
safe_release_tags,1,True,True,True,0,3.761,True
safe_release_tags,2,True,True,True,0,3.761,True
safe_release_tags,3,True,True,True,0,3.761,True
safe_release_tags,4,True,True,True,0,3.761,True
safe_release_tags,5,True,True,True,0,3.761,True
safe_release_tags,6,True,True,True,0,3.761,True
safe_release_tags,7,True,True,True,0,3.761,True
safe_release_tags,8,True,True,True,0,3.761,True
safe_release_tags,9,True,True,True,0,3.761,True
safe_release_tags,10,True,True,True,0,3.761,True
safe_release_tags,11,True,True,True,0,3.761,True
safe_release_tags,12,True,True,True,0,3.761,True
safe_release_tags,13,True,True,True,0,3.761,True
safe_release_tags,14,True,True,True,0,3.761,True
safe_release_tags,15,True,True,True,0,3.761,True
safe_release_tags,16,True,True,True,0,3.761,True
safe_release_tags,17,True,True,True,0,3.761,True
safe_release_tags,18,True,True,True,0,3.761,True
safe_release_tags,19,True,True,True,0,3.761,True
safe_release_tags,20,True,True,True,0,3.761,True
safe_release_tags,21,True,True,True,0,3.761,True
safe_release_tags,22,True,True,True,0,3.761,True
safe_release_tags,23,True,True,True,0,3.761,True
safe_release_tags,24,True,True,True,0,3.761,True
safe_release_tags,25,True,True,True,0,3.761,True
safe_release_tags,26,True,True,True,0,3.761,True
safe_release_tags,27,True,True,True,0,3.761,True
safe_release_tags,28,True,True,True,0,3.761,True
safe_release_tags,29,True,True,True,0,3.761,True
safe_release_tags,30,True,True,True,0,3.761,True
safe_release_tags,31,True,True,True,0,3.761,True
safe_release_tags,32,True,True,True,0,3.761,True
safe_release_tags,33,True,True,True,0,3.761,True
safe_release_tags,34,True,True,True,0,3.761,True
safe_release_tags,35,True,True,True,0,3.761,True
safe_release_tags,36,True,True,True,0,3.761,True
safe_release_tags,37,True,True,True,0,3.761,True
safe_release_tags,38,True,True,True,0,3.761,True
safe_release_tags,39,True,True,True,0,3.761,True
safe_release_tags,40,True,True,True,0,3.761,True
safe_release_tags,41,True,True,True,0,3.761,True
safe_release_tags,42,True,True,True,0,3.761,True
safe_release_tags,43,True,True,True,0,3.761,True
safe_release_tags,44,True,True,True,0,3.761,True
safe_release_tags,45,True,True,True,0,3.761,True
safe_release_tags,46,True,True,True,0,3.761,True
safe_release_tags,47,True,True,True,0,3.761,True
safe_release_tags,48,True,True,True,0,3.761,True
safe_release_tags,49,True,True,True,0,3.761,True
safe_release_tags,50,True,True,True,0,3.761,True
safe_release_tags,51,True,True,True,0,3.761,True
safe_release_tags,52,True,True,True,0,3.761,True
safe_release_tags,53,True,True,True,0,3.761,True
safe_release_tags,54,True,True,True,0,3.761,True
safe_release_tags,55,True,True,True,0,3.761,True
safe_release_tags,56,True,True,True,0,3.761,True
safe_release_tags,57,True,True,True,0,3.761,True
safe_release_tags,58,True,True,True,0,3.761,True
safe_release_tags,59,True,True,True,0,3.761,True
safe_release_tags,60,True,True,True,0,3.761,True
safe_release_tags,61,True,True,True,0,3.761,True
safe_release_tags,62,True,True,True,0,3.761,True
safe_release_tags,63,True,True,True,0,3.761,True
safe_release_tags,64,True,True,True,0,3.761,True
safe_release_tags,65,True,True,True,0,3.761,True
safe_release_tags,66,True,True,True,0,3.761,True
safe_release_tags,67,True,True,True,0,3.761,True
safe_release_tags,68,True,True,True,0,3.761,True
safe_release_tags,69,True,True,True,0,3.761,True
safe_release_tags,70,True,True,True,0,3.761,True
safe_release_tags,71,True,True,True,0,3.761,True
safe_release_tags,72,True,True,True,0,3.761,True
safe_release_tags,73,True,True,True,0,3.761,True
safe_release_tags,74,True,True,True,0,3.761,True
safe_release_tags,75,True,True,True,0,3.761,True
safe_release_tags,76,True,True,True,0,3.761,True
safe_release_tags,77,True,True,True,0,3.761,True
safe_release_tags,78,True,True,True,0,3.761,True
safe_release_tags,79,True,True,True,0,3.761,True
safe_release_tags,80,True,True,True,0,3.761,True
safe_release_tags,81,True,True,True,0,3.761,True
safe_release_tags,82,True,True,True,0,3.761,True
safe_release_tags,83,True,True,True,0,3.761,True
safe_release_tags,84,True,True,True,0,3.761,True
safe_release_tags,85,True,True,True,0,3.761,True
safe_release_tags,86,True,True,True,0,3.761,True
safe_release_tags,87,True,True,True,0,3.761,True
safe_release_tags,88,True,True,True,0,3.761,True
safe_release_tags,89,True,True,True,0,3.761,True
safe_release_tags,90,True,True,True,0,3.761,True
safe_release_tags,91,True,True,True,0,3.761,True
safe_release_tags,92,True,True,True,0,3.761,True
safe_release_tags,93,True,True,True,0,3.761,True
safe_release_tags,94,True,True,True,0,3.761,True
safe_release_tags,95,True,True,True,0,3.761,True
safe_release_tags,96,True,True,True,0,3.761,True
safe_release_tags,97,True,True,True,0,3.761,True
safe_release_tags,98,True,True,True,0,3.761,True
safe_release_tags,99,True,True,True,0,3.761,True
safe_release_tags,100,True,True,True,0,3.761,True
safe_release_tags,101,True,True,True,0,3.761,True
safe_release_tags,102,True,True,True,0,3.761,True
safe_release_tags,103,True,True,True,0,3.761,True
safe_release_tags,104,True,True,True,0,3.761,True
safe_release_tags,105,True,True,True,0,3.761,True
safe_release_tags,106,True,True,True,0,3.761,True
safe_release_tags,107,True,True,True,0,3.761,True
safe_release_tags,108,True,True,True,0,3.761,True
safe_release_tags,109,True,True,True,0,3.761,True
safe_release_tags,110,True,True,True,0,3.761,True
safe_release_tags,111,True,True,True,0,3.761,True
safe_release_tags,112,True,True,True,0,3.761,True
safe_release_tags,113,True,True,True,0,3.761,True
safe_release_tags,114,True,True,True,0,3.761,True
safe_release_tags,115,True,True,True,0,3.761,True
safe_release_tags,116,True,True,True,0,3.761,True
safe_release_tags,117,True,True,True,0,3.761,True
safe_release_tags,118,True,True,True,0,3.761,True
safe_release_tags,119,True,True,True,0,3.761,True
safe_release_tags,120,True,True,True,0,3.761,True
safe_release_tags,121,True,True,True,0,3.761,True
safe_release_tags,122,True,True,True,0,3.761,True
safe_release_tags,123,True,True,True,0,3.761,True
safe_release_tags,124,True,True,True,0,3.761,True
safe_release_tags,125,True,True,True,0,3.761,True
safe_release_tags,126,True,True,True,0,3.761,True
safe_release_tags,127,True,True,True,0,3.761,True
safe_split_statements,0,True,True,True,0,5.455,False
safe_split_statements,1,True,True,True,0,5.455,True
safe_split_statements,2,True,True,True,0,5.455,True
safe_split_statements,3,True,True,True,0,5.455,True
safe_split_statements,4,True,True,True,0,5.455,True
safe_split_statements,5,True,True,True,0,5.455,True
safe_split_statements,6,True,True,True,0,5.455,True
safe_split_statements,7,True,True,True,0,5.455,True
safe_split_statements,8,True,True,True,0,5.455,True
safe_split_statements,9,True,True,True,0,5.455,True
safe_split_statements,10,True,True,True,0,5.455,True
safe_split_statements,11,True,True,True,0,5.455,True
safe_split_statements,12,True,True,True,0,5.455,True
safe_split_statements,13,True,True,True,0,5.455,True
safe_split_statements,14,True,True,True,0,5.455,True
safe_split_statements,15,True,True,True,0,5.455,True
safe_split_statements,16,True,True,True,0,5.455,True
safe_split_statements,17,True,True,True,0,5.455,True
safe_split_statements,18,True,True,True,0,5.455,True
safe_split_statements,19,True,True,True,0,5.455,True
safe_split_statements,20,True,True,True,0,5.455,True
safe_split_statements,21,True,True,True,0,5.455,True
safe_split_statements,22,True,True,True,0,5.455,True
safe_split_statements,23,True,True,True,0,5.455,True
safe_split_statements,24,True,True,True,0,5.455,True
safe_split_statements,25,True,True,True,0,5.455,True
safe_split_statements,26,True,True,True,0,5.455,True
safe_split_statements,27,True,True,True,0,5.455,True
safe_split_statements,28,True,True,True,0,5.455,True
safe_split_statements,29,True,True,True,0,5.455,True
safe_split_statements,30,True,True,True,0,5.455,True
safe_split_statements,31,True,True,True,0,5.455,True
safe_split_statements,32,True,True,True,0,5.455,True
safe_split_statements,33,True,True,True,0,5.455,True
safe_split_statements,34,True,True,True,0,5.455,True
safe_split_statements,35,True,True,True,0,5.455,True
safe_split_statements,36,True,True,True,0,5.455,True
safe_split_statements,37,True,True,True,0,5.455,True
safe_split_statements,38,True,True,True,0,5.455,True
safe_split_statements,39,True,True,True,0,5.455,True
safe_split_statements,40,True,True,True,0,5.455,True
safe_split_statements,41,True,True,True,0,5.455,True
safe_split_statements,42,True,True,True,0,5.455,True
safe_split_statements,43,True,True,True,0,5.455,True
safe_split_statements,44,True,True,True,0,5.455,True
safe_split_statements,45,True,True,True,0,5.455,True
safe_split_statements,46,True,True,True,0,5.455,True
safe_split_statements,47,True,True,True,0,5.455,True
safe_split_statements,48,True,True,True,0,5.455,True
safe_split_statements,49,True,True,True,0,5.455,True
safe_split_statements,50,True,True,True,0,5.455,True
safe_split_statements,51,True,True,True,0,5.455,True
safe_split_statements,52,True,True,True,0,5.455,True
safe_split_statements,53,True,True,True,0,5.455,True
safe_split_statements,54,True,True,True,0,5.455,True
safe_split_statements,55,True,True,True,0,5.455,True
safe_split_statements,56,True,True,True,0,5.455,True
safe_split_statements,57,True,True,True,0,5.455,True
safe_split_statements,58,True,True,True,0,5.455,True
safe_split_statements,59,True,True,True,0,5.455,True
safe_split_statements,60,True,True,True,0,5.455,True
safe_split_statements,61,True,True,True,0,5.455,True
safe_split_statements,62,True,True,True,0,5.455,True
safe_split_statements,63,True,True,True,0,5.455,True
safe_split_statements,64,True,True,True,0,5.455,True
safe_split_statements,65,True,True,True,0,5.455,True
safe_split_statements,66,True,True,True,0,5.455,True
safe_split_statements,67,True,True,True,0,5.455,True
safe_split_statements,68,True,True,True,0,5.455,True
safe_split_statements,69,True,True,True,0,5.455,True
safe_split_statements,70,True,True,True,0,5.455,True
safe_split_statements,71,True,True,True,0,5.455,True
safe_split_statements,72,True,True,True,0,5.455,True
safe_split_statements,73,True,True,True,0,5.455,True
safe_split_statements,74,True,True,True,0,5.455,True
safe_split_statements,75,True,True,True,0,5.455,True
safe_split_statements,76,True,True,True,0,5.455,True
safe_split_statements,77,True,True,True,0,5.455,True
safe_split_statements,78,True,True,True,0,5.455,True
safe_split_statements,79,True,True,True,0,5.455,True
safe_split_statements,80,True,True,True,0,5.455,True
safe_split_statements,81,True,True,True,0,5.455,True
safe_split_statements,82,True,True,True,0,5.455,True
safe_split_statements,83,True,True,True,0,5.455,True
safe_split_statements,84,True,True,True,0,5.455,True
safe_split_statements,85,True,True,True,0,5.455,True
safe_split_statements,86,True,True,True,0,5.455,True
safe_split_statements,87,True,True,True,0,5.455,True
safe_split_statements,88,True,True,True,0,5.455,True
safe_split_statements,89,True,True,True,0,5.455,True
safe_split_statements,90,True,True,True,0,5.455,True
safe_split_statements,91,True,True,True,0,5.455,True
safe_split_statements,92,True,True,True,0,5.455,True
safe_split_statements,93,True,True,True,0,5.455,True
safe_split_statements,94,True,True,True,0,5.455,True
safe_split_statements,95,True,True,True,0,5.455,True
safe_split_statements,96,True,True,True,0,5.455,True
safe_split_statements,97,True,True,True,0,5.455,True
safe_split_statements,98,True,True,True,0,5.455,True
safe_split_statements,99,True,True,True,0,5.455,True
safe_split_statements,100,True,True,True,0,5.455,True
safe_split_statements,101,True,True,True,0,5.455,True
safe_split_statements,102,True,True,True,0,5.455,True
safe_split_statements,103,True,True,True,0,5.455,True
safe_split_statements,104,True,True,True,0,5.455,True
safe_split_statements,105,True,True,True,0,5.455,True
safe_split_statements,106,True,True,True,0,5.455,True
safe_split_statements,107,True,True,True,0,5.455,True
safe_split_statements,108,True,True,True,0,5.455,True
safe_split_statements,109,True,True,True,0,5.455,True
safe_split_statements,110,True,True,True,0,5.455,True
safe_split_statements,111,True,True,True,0,5.455,True
safe_split_statements,112,True,True,True,0,5.455,True
safe_split_statements,113,True,True,True,0,5.455,True
safe_split_statements,114,True,True,True,0,5.455,True
safe_split_statements,115,True,True,True,0,5.455,True
safe_split_statements,116,True,True,True,0,5.455,True
safe_split_statements,117,True,True,True,0,5.455,True
safe_split_statements,118,True,True,True,0,5.455,True
safe_split_statements,119,True,True,True,0,5.455,True
safe_split_statements,120,True,True,True,0,5.455,True
safe_split_statements,121,True,True,True,0,5.455,True
safe_split_statements,122,True,True,True,0,5.455,True
safe_split_statements,123,True,True,True,0,5.455,True
safe_split_statements,124,True,True,True,0,5.455,True
safe_split_statements,125,True,True,True,0,5.455,True
safe_split_statements,126,True,True,True,0,5.455,True
safe_split_statements,127,True,True,True,0,5.455,True
safe_two_release_branches,0,True,True,True,0,2.815,False
safe_two_release_branches,1,True,True,True,0,2.815,True
safe_two_release_branches,2,True,True,True,0,2.815,True
safe_two_release_branches,3,True,True,True,0,2.815,True
safe_two_release_branches,4,True,True,True,0,2.815,True
safe_two_release_branches,5,True,True,True,0,2.815,True
safe_two_release_branches,6,True,True,True,0,2.815,True
safe_two_release_branches,7,True,True,True,0,2.815,True
safe_two_release_branches,8,True,True,True,0,2.815,True
safe_two_release_branches,9,True,True,True,0,2.815,True
safe_two_release_branches,10,True,True,True,0,2.815,True
safe_two_release_branches,11,True,True,True,0,2.815,True
safe_two_release_branches,12,True,True,True,0,2.815,True
safe_two_release_branches,13,True,True,True,0,2.815,True
safe_two_release_branches,14,True,True,True,0,2.815,True
safe_two_release_branches,15,True,True,True,0,2.815,True
safe_two_release_branches,16,True,True,True,0,2.815,True
safe_two_release_branches,17,True,True,True,0,2.815,True
safe_two_release_branches,18,True,True,True,0,2.815,True
safe_two_release_branches,19,True,True,True,0,2.815,True
safe_two_release_branches,20,True,True,True,0,2.815,True
safe_two_release_branches,21,True,True,True,0,2.815,True
safe_two_release_branches,22,True,True,True,0,2.815,True
safe_two_release_branches,23,True,True,True,0,2.815,True
safe_two_release_branches,24,True,True,True,0,2.815,True
safe_two_release_branches,25,True,True,True,0,2.815,True
safe_two_release_branches,26,True,True,True,0,2.815,True
safe_two_release_branches,27,True,True,True,0,2.815,True
safe_two_release_branches,28,True,True,True,0,2.815,True
safe_two_release_branches,29,True,True,True,0,2.815,True
safe_two_release_branches,30,True,True,True,0,2.815,True
safe_two_release_branches,31,True,True,True,0,2.815,True
safe_two_release_branches,32,True,True,True,0,2.815,True
safe_two_release_branches,33,True,True,True,0,2.815,True
safe_two_release_branches,34,True,True,True,0,2.815,True
safe_two_release_branches,35,True,True,True,0,2.815,True
safe_two_release_branches,36,True,True,True,0,2.815,True
safe_two_release_branches,37,True,True,True,0,2.815,True
safe_two_release_branches,38,True,True,True,0,2.815,True
safe_two_release_branches,39,True,True,True,0,2.815,True
safe_two_release_branches,40,True,True,True,0,2.815,True
safe_two_release_branches,41,True,True,True,0,2.815,True
safe_two_release_branches,42,True,True,True,0,2.815,True
safe_two_release_branches,43,True,True,True,0,2.815,True
safe_two_release_branches,44,True,True,True,0,2.815,True
safe_two_release_branches,45,True,True,True,0,2.815,True
safe_two_release_branches,46,True,True,True,0,2.815,True
safe_two_release_branches,47,True,True,True,0,2.815,True
safe_two_release_branches,48,True,True,True,0,2.815,True
safe_two_release_branches,49,True,True,True,0,2.815,True
safe_two_release_branches,50,True,True,True,0,2.815,True
safe_two_release_branches,51,True,True,True,0,2.815,True
safe_two_release_branches,52,True,True,True,0,2.815,True
safe_two_release_branches,53,True,True,True,0,2.815,True
safe_two_release_branches,54,True,True,True,0,2.815,True
safe_two_release_branches,55,True,True,True,0,2.815,True
safe_two_release_branches,56,True,True,True,0,2.815,True
safe_two_release_branches,57,True,True,True,0,2.815,True
safe_two_release_branches,58,True,True,True,0,2.815,True
safe_two_release_branches,59,True,True,True,0,2.815,True
safe_two_release_branches,60,True,True,True,0,2.815,True
safe_two_release_branches,61,True,True,True,0,2.815,True
safe_two_release_branches,62,True,True,True,0,2.815,True
safe_two_release_branches,63,True,True,True,0,2.815,True
safe_two_release_branches,64,True,True,True,0,2.815,True
safe_two_release_branches,65,True,True,True,0,2.815,True
safe_two_release_branches,66,True,True,True,0,2.815,True
safe_two_release_branches,67,True,True,True,0,2.815,True
safe_two_release_branches,68,True,True,True,0,2.815,True
safe_two_release_branches,69,True,True,True,0,2.815,True
safe_two_release_branches,70,True,True,True,0,2.815,True
safe_two_release_branches,71,True,True,True,0,2.815,True
safe_two_release_branches,72,True,True,True,0,2.815,True
safe_two_release_branches,73,True,True,True,0,2.815,True
safe_two_release_branches,74,True,True,True,0,2.815,True
safe_two_release_branches,75,True,True,True,0,2.815,True
safe_two_release_branches,76,True,True,True,0,2.815,True
safe_two_release_branches,77,True,True,True,0,2.815,True
safe_two_release_branches,78,True,True,True,0,2.815,True
safe_two_release_branches,79,True,True,True,0,2.815,True
safe_two_release_branches,80,True,True,True,0,2.815,True
safe_two_release_branches,81,True,True,True,0,2.815,True
safe_two_release_branches,82,True,True,True,0,2.815,True
safe_two_release_branches,83,True,True,True,0,2.815,True
safe_two_release_branches,84,True,True,True,0,2.815,True
safe_two_release_branches,85,True,True,True,0,2.815,True
safe_two_release_branches,86,True,True,True,0,2.815,True
safe_two_release_branches,87,True,True,True,0,2.815,True
safe_two_release_branches,88,True,True,True,0,2.815,True
safe_two_release_branches,89,True,True,True,0,2.815,True
safe_two_release_branches,90,True,True,True,0,2.815,True
safe_two_release_branches,91,True,True,True,0,2.815,True
safe_two_release_branches,92,True,True,True,0,2.815,True
safe_two_release_branches,93,True,True,True,0,2.815,True
safe_two_release_branches,94,True,True,True,0,2.815,True
safe_two_release_branches,95,True,True,True,0,2.815,True
safe_two_release_branches,96,True,True,True,0,2.815,True
safe_two_release_branches,97,True,True,True,0,2.815,True
safe_two_release_branches,98,True,True,True,0,2.815,True
safe_two_release_branches,99,True,True,True,0,2.815,True
safe_two_release_branches,100,True,True,True,0,2.815,True
safe_two_release_branches,101,True,True,True,0,2.815,True
safe_two_release_branches,102,True,True,True,0,2.815,True
safe_two_release_branches,103,True,True,True,0,2.815,True
safe_two_release_branches,104,True,True,True,0,2.815,True
safe_two_release_branches,105,True,True,True,0,2.815,True
safe_two_release_branches,106,True,True,True,0,2.815,True
safe_two_release_branches,107,True,True,True,0,2.815,True
safe_two_release_branches,108,True,True,True,0,2.815,True
safe_two_release_branches,109,True,True,True,0,2.815,True
safe_two_release_branches,110,True,True,True,0,2.815,True
safe_two_release_branches,111,True,True,True,0,2.815,True
safe_two_release_branches,112,True,True,True,0,2.815,True
safe_two_release_branches,113,True,True,True,0,2.815,True
safe_two_release_branches,114,True,True,True,0,2.815,True
safe_two_release_branches,115,True,True,True,0,2.815,True
safe_two_release_branches,116,True,True,True,0,2.815,True
safe_two_release_branches,117,True,True,True,0,2.815,True
safe_two_release_branches,118,True,True,True,0,2.815,True
safe_two_release_branches,119,True,True,True,0,2.815,True
safe_two_release_branches,120,True,True,True,0,2.815,True
safe_two_release_branches,121,True,True,True,0,2.815,True
safe_two_release_branches,122,True,True,True,0,2.815,True
safe_two_release_branches,123,True,True,True,0,2.815,True
safe_two_release_branches,124,True,True,True,0,2.815,True
safe_two_release_branches,125,True,True,True,0,2.815,True
safe_two_release_branches,126,True,True,True,0,2.815,True
safe_two_release_branches,127,True,True,True,0,2.815,True
safe_unsupported_allow_narrowing,0,True,True,True,1,2.471,False
safe_unsupported_allow_narrowing,1,True,True,True,1,2.471,True
safe_unsupported_allow_narrowing,2,True,True,True,1,2.471,True
safe_unsupported_allow_narrowing,3,True,True,True,1,2.471,True
safe_unsupported_allow_narrowing,4,True,True,True,1,2.471,True
safe_unsupported_allow_narrowing,5,True,True,True,1,2.471,True
safe_unsupported_allow_narrowing,6,True,True,True,1,2.471,True
safe_unsupported_allow_narrowing,7,True,True,True,1,2.471,True
safe_unsupported_allow_narrowing,8,True,True,True,1,2.471,True
safe_unsupported_allow_narrowing,9,True,True,True,1,2.471,True
safe_unsupported_allow_narrowing,10,True,True,True,1,2.471,True
safe_unsupported_allow_narrowing,11,True,True,True,1,2.471,True
safe_unsupported_allow_narrowing,12,True,True,True,1,2.471,True
safe_unsupported_allow_narrowing,13,True,True,True,1,2.471,True
safe_unsupported_allow_narrowing,14,True,True,True,1,2.471,True
safe_unsupported_allow_narrowing,15,True,True,True,1,2.471,True
safe_unsupported_allow_narrowing,16,True,True,True,1,2.471,True
safe_unsupported_allow_narrowing,17,True,True,True,1,2.471,True
safe_unsupported_allow_narrowing,18,True,True,True,1,2.471,True
safe_unsupported_allow_narrowing,19,True,True,True,1,2.471,True
safe_unsupported_allow_narrowing,20,True,True,True,1,2.471,True
safe_unsupported_allow_narrowing,21,True,True,True,1,2.471,True
safe_unsupported_allow_narrowing,22,True,True,True,1,2.471,True
safe_unsupported_allow_narrowing,23,True,True,True,1,2.471,True
safe_unsupported_allow_narrowing,24,True,True,True,1,2.471,True
safe_unsupported_allow_narrowing,25,True,True,True,1,2.471,True
safe_unsupported_allow_narrowing,26,True,True,True,1,2.471,True
safe_unsupported_allow_narrowing,27,True,True,True,1,2.471,True
safe_unsupported_allow_narrowing,28,True,True,True,1,2.471,True
safe_unsupported_allow_narrowing,29,True,True,True,1,2.471,True
safe_unsupported_allow_narrowing,30,True,True,True,1,2.471,True
safe_unsupported_allow_narrowing,31,True,True,True,1,2.471,True
safe_unsupported_allow_narrowing,32,True,True,True,1,2.471,True
safe_unsupported_allow_narrowing,33,True,True,True,1,2.471,True
safe_unsupported_allow_narrowing,34,True,True,True,1,2.471,True
safe_unsupported_allow_narrowing,35,True,True,True,1,2.471,True
safe_unsupported_allow_narrowing,36,True,True,True,1,2.471,True
safe_unsupported_allow_narrowing,37,True,True,True,1,2.471,True
safe_unsupported_allow_narrowing,38,True,True,True,1,2.471,True
safe_unsupported_allow_narrowing,39,True,True,True,1,2.471,True
safe_unsupported_allow_narrowing,40,True,True,True,1,2.471,True
safe_unsupported_allow_narrowing,41,True,True,True,1,2.471,True
safe_unsupported_allow_narrowing,42,True,True,True,1,2.471,True
safe_unsupported_allow_narrowing,43,True,True,True,1,2.471,True
safe_unsupported_allow_narrowing,44,True,True,True,1,2.471,True
safe_unsupported_allow_narrowing,45,True,True,True,1,2.471,True
safe_unsupported_allow_narrowing,46,True,True,True,1,2.471,True
safe_unsupported_allow_narrowing,47,True,True,True,1,2.471,True
safe_unsupported_allow_narrowing,48,True,True,True,1,2.471,True
safe_unsupported_allow_narrowing,49,True,True,True,1,2.471,True
safe_unsupported_allow_narrowing,50,True,True,True,1,2.471,True
safe_unsupported_allow_narrowing,51,True,True,True,1,2.471,True
safe_unsupported_allow_narrowing,52,True,True,True,1,2.471,True
safe_unsupported_allow_narrowing,53,True,True,True,1,2.471,True
safe_unsupported_allow_narrowing,54,True,True,True,1,2.471,True
safe_unsupported_allow_narrowing,55,True,True,True,1,2.471,True
safe_unsupported_allow_narrowing,56,True,True,True,1,2.471,True
safe_unsupported_allow_narrowing,57,True,True,True,1,2.471,True
safe_unsupported_allow_narrowing,58,True,True,True,1,2.471,True
safe_unsupported_allow_narrowing,59,True,True,True,1,2.471,True
safe_unsupported_allow_narrowing,60,True,True,True,1,2.471,True
safe_unsupported_allow_narrowing,61,True,True,True,1,2.471,True
safe_unsupported_allow_narrowing,62,True,True,True,1,2.471,True
safe_unsupported_allow_narrowing,63,True,True,True,1,2.471,True
safe_unsupported_allow_narrowing,64,True,True,True,1,2.471,True
safe_unsupported_allow_narrowing,65,True,True,True,1,2.471,True
safe_unsupported_allow_narrowing,66,True,True,True,1,2.471,True
safe_unsupported_allow_narrowing,67,True,True,True,1,2.471,True
safe_unsupported_allow_narrowing,68,True,True,True,1,2.471,True
safe_unsupported_allow_narrowing,69,True,True,True,1,2.471,True
safe_unsupported_allow_narrowing,70,True,True,True,1,2.471,True
safe_unsupported_allow_narrowing,71,True,True,True,1,2.471,True
safe_unsupported_allow_narrowing,72,True,True,True,1,2.471,True
safe_unsupported_allow_narrowing,73,True,True,True,1,2.471,True
safe_unsupported_allow_narrowing,74,True,True,True,1,2.471,True
safe_unsupported_allow_narrowing,75,True,True,True,1,2.471,True
safe_unsupported_allow_narrowing,76,True,True,True,1,2.471,True
safe_unsupported_allow_narrowing,77,True,True,True,1,2.471,True
safe_unsupported_allow_narrowing,78,True,True,True,1,2.471,True
safe_unsupported_allow_narrowing,79,True,True,True,1,2.471,True
safe_unsupported_allow_narrowing,80,True,True,True,1,2.471,True
safe_unsupported_allow_narrowing,81,True,True,True,1,2.471,True
safe_unsupported_allow_narrowing,82,True,True,True,1,2.471,True
safe_unsupported_allow_narrowing,83,True,True,True,1,2.471,True
safe_unsupported_allow_narrowing,84,True,True,True,1,2.471,True
safe_unsupported_allow_narrowing,85,True,True,True,1,2.471,True
safe_unsupported_allow_narrowing,86,True,True,True,1,2.471,True
safe_unsupported_allow_narrowing,87,True,True,True,1,2.471,True
safe_unsupported_allow_narrowing,88,True,True,True,1,2.471,True
safe_unsupported_allow_narrowing,89,True,True,True,1,2.471,True
safe_unsupported_allow_narrowing,90,True,True,True,1,2.471,True
safe_unsupported_allow_narrowing,91,True,True,True,1,2.471,True
safe_unsupported_allow_narrowing,92,True,True,True,1,2.471,True
safe_unsupported_allow_narrowing,93,True,True,True,1,2.471,True
safe_unsupported_allow_narrowing,94,True,True,True,1,2.471,True
safe_unsupported_allow_narrowing,95,True,True,True,1,2.471,True
safe_unsupported_allow_narrowing,96,True,True,True,1,2.471,True
safe_unsupported_allow_narrowing,97,True,True,True,1,2.471,True
safe_unsupported_allow_narrowing,98,True,True,True,1,2.471,True
safe_unsupported_allow_narrowing,99,True,True,True,1,2.471,True
safe_unsupported_allow_narrowing,100,True,True,True,1,2.471,True
safe_unsupported_allow_narrowing,101,True,True,True,1,2.471,True
safe_unsupported_allow_narrowing,102,True,True,True,1,2.471,True
safe_unsupported_allow_narrowing,103,True,True,True,1,2.471,True
safe_unsupported_allow_narrowing,104,True,True,True,1,2.471,True
safe_unsupported_allow_narrowing,105,True,True,True,1,2.471,True
safe_unsupported_allow_narrowing,106,True,True,True,1,2.471,True
safe_unsupported_allow_narrowing,107,True,True,True,1,2.471,True
safe_unsupported_allow_narrowing,108,True,True,True,1,2.471,True
safe_unsupported_allow_narrowing,109,True,True,True,1,2.471,True
safe_unsupported_allow_narrowing,110,True,True,True,1,2.471,True
safe_unsupported_allow_narrowing,111,True,True,True,1,2.471,True
safe_unsupported_allow_narrowing,112,True,True,True,1,2.471,True
safe_unsupported_allow_narrowing,113,True,True,True,1,2.471,True
safe_unsupported_allow_narrowing,114,True,True,True,1,2.471,True
safe_unsupported_allow_narrowing,115,True,True,True,1,2.471,True
safe_unsupported_allow_narrowing,116,True,True,True,1,2.471,True
safe_unsupported_allow_narrowing,117,True,True,True,1,2.471,True
safe_unsupported_allow_narrowing,118,True,True,True,1,2.471,True
safe_unsupported_allow_narrowing,119,True,True,True,1,2.471,True
safe_unsupported_allow_narrowing,120,True,True,True,1,2.471,True
safe_unsupported_allow_narrowing,121,True,True,True,1,2.471,True
safe_unsupported_allow_narrowing,122,True,True,True,1,2.471,True
safe_unsupported_allow_narrowing,123,True,True,True,1,2.471,True
safe_unsupported_allow_narrowing,124,True,True,True,1,2.471,True
safe_unsupported_allow_narrowing,125,True,True,True,1,2.471,True
safe_unsupported_allow_narrowing,126,True,True,True,1,2.471,True
safe_unsupported_allow_narrowing,127,True,True,True,1,2.471,True
selected_claim_custom_property_without_ref_unsafe,0,False,False,True,1,0.072,False
selected_claim_custom_property_without_ref_unsafe,1,False,False,True,1,0.072,True
selected_claim_custom_property_without_ref_unsafe,2,False,False,True,1,0.072,True
selected_claim_custom_property_without_ref_unsafe,3,False,False,True,1,0.072,True
selected_claim_custom_property_without_ref_unsafe,4,False,False,True,1,0.072,True
selected_claim_custom_property_without_ref_unsafe,5,False,False,True,1,0.072,True
selected_claim_custom_property_without_ref_unsafe,6,False,False,True,1,0.072,True
selected_claim_custom_property_without_ref_unsafe,7,False,False,True,1,0.072,True
selected_claim_custom_property_without_ref_unsafe,8,False,False,True,1,0.072,True
selected_claim_custom_property_without_ref_unsafe,9,False,False,True,1,0.072,True
selected_claim_custom_property_without_ref_unsafe,10,False,False,True,1,0.072,True
selected_claim_custom_property_without_ref_unsafe,11,False,False,True,1,0.072,True
selected_claim_custom_property_without_ref_unsafe,12,False,False,True,1,0.072,True
selected_claim_custom_property_without_ref_unsafe,13,False,False,True,1,0.072,True
selected_claim_custom_property_without_ref_unsafe,14,False,False,True,1,0.072,True
selected_claim_custom_property_without_ref_unsafe,15,False,False,True,1,0.072,True
selected_claim_custom_property_without_ref_unsafe,16,False,False,True,1,0.072,True
selected_claim_custom_property_without_ref_unsafe,17,False,False,True,1,0.072,True
selected_claim_custom_property_without_ref_unsafe,18,False,False,True,1,0.072,True
selected_claim_custom_property_without_ref_unsafe,19,False,False,True,1,0.072,True
selected_claim_custom_property_without_ref_unsafe,20,False,False,True,1,0.072,True
selected_claim_custom_property_without_ref_unsafe,21,False,False,True,1,0.072,True
selected_claim_custom_property_without_ref_unsafe,22,False,False,True,1,0.072,True
selected_claim_custom_property_without_ref_unsafe,23,False,False,True,1,0.072,True
selected_claim_custom_property_without_ref_unsafe,24,False,False,True,1,0.072,True
selected_claim_custom_property_without_ref_unsafe,25,False,False,True,1,0.072,True
selected_claim_custom_property_without_ref_unsafe,26,False,False,True,1,0.072,True
selected_claim_custom_property_without_ref_unsafe,27,False,False,True,1,0.072,True
selected_claim_custom_property_without_ref_unsafe,28,False,False,True,1,0.072,True
selected_claim_custom_property_without_ref_unsafe,29,False,False,True,1,0.072,True
selected_claim_custom_property_without_ref_unsafe,30,False,False,True,1,0.072,True
selected_claim_custom_property_without_ref_unsafe,31,False,False,True,1,0.072,True
selected_claim_custom_property_without_ref_unsafe,32,False,False,True,1,0.072,True
selected_claim_custom_property_without_ref_unsafe,33,False,False,True,1,0.072,True
selected_claim_custom_property_without_ref_unsafe,34,False,False,True,1,0.072,True
selected_claim_custom_property_without_ref_unsafe,35,False,False,True,1,0.072,True
selected_claim_custom_property_without_ref_unsafe,36,False,False,True,1,0.072,True
selected_claim_custom_property_without_ref_unsafe,37,False,False,True,1,0.072,True
selected_claim_custom_property_without_ref_unsafe,38,False,False,True,1,0.072,True
selected_claim_custom_property_without_ref_unsafe,39,False,False,True,1,0.072,True
selected_claim_custom_property_without_ref_unsafe,40,False,False,True,1,0.072,True
selected_claim_custom_property_without_ref_unsafe,41,False,False,True,1,0.072,True
selected_claim_custom_property_without_ref_unsafe,42,False,False,True,1,0.072,True
selected_claim_custom_property_without_ref_unsafe,43,False,False,True,1,0.072,True
selected_claim_custom_property_without_ref_unsafe,44,False,False,True,1,0.072,True
selected_claim_custom_property_without_ref_unsafe,45,False,False,True,1,0.072,True
selected_claim_custom_property_without_ref_unsafe,46,False,False,True,1,0.072,True
selected_claim_custom_property_without_ref_unsafe,47,False,False,True,1,0.072,True
selected_claim_custom_property_without_ref_unsafe,48,False,False,True,1,0.072,True
selected_claim_custom_property_without_ref_unsafe,49,False,False,True,1,0.072,True
selected_claim_custom_property_without_ref_unsafe,50,False,False,True,1,0.072,True
selected_claim_custom_property_without_ref_unsafe,51,False,False,True,1,0.072,True
selected_claim_custom_property_without_ref_unsafe,52,False,False,True,1,0.072,True
selected_claim_custom_property_without_ref_unsafe,53,False,False,True,1,0.072,True
selected_claim_custom_property_without_ref_unsafe,54,False,False,True,1,0.072,True
selected_claim_custom_property_without_ref_unsafe,55,False,False,True,1,0.072,True
selected_claim_custom_property_without_ref_unsafe,56,False,False,True,1,0.072,True
selected_claim_custom_property_without_ref_unsafe,57,False,False,True,1,0.072,True
selected_claim_custom_property_without_ref_unsafe,58,False,False,True,1,0.072,True
selected_claim_custom_property_without_ref_unsafe,59,False,False,True,1,0.072,True
selected_claim_custom_property_without_ref_unsafe,60,False,False,True,1,0.072,True
selected_claim_custom_property_without_ref_unsafe,61,False,False,True,1,0.072,True
selected_claim_custom_property_without_ref_unsafe,62,False,False,True,1,0.072,True
selected_claim_custom_property_without_ref_unsafe,63,False,False,True,1,0.072,True
selected_claim_custom_property_without_ref_unsafe,64,False,False,True,1,0.072,True
selected_claim_custom_property_without_ref_unsafe,65,False,False,True,1,0.072,True
selected_claim_custom_property_without_ref_unsafe,66,False,False,True,1,0.072,True
selected_claim_custom_property_without_ref_unsafe,67,False,False,True,1,0.072,True
selected_claim_custom_property_without_ref_unsafe,68,False,False,True,1,0.072,True
selected_claim_custom_property_without_ref_unsafe,69,False,False,True,1,0.072,True
selected_claim_custom_property_without_ref_unsafe,70,False,False,True,1,0.072,True
selected_claim_custom_property_without_ref_unsafe,71,False,False,True,1,0.072,True
selected_claim_custom_property_without_ref_unsafe,72,False,False,True,1,0.072,True
selected_claim_custom_property_without_ref_unsafe,73,False,False,True,1,0.072,True
selected_claim_custom_property_without_ref_unsafe,74,False,False,True,1,0.072,True
selected_claim_custom_property_without_ref_unsafe,75,False,False,True,1,0.072,True
selected_claim_custom_property_without_ref_unsafe,76,False,False,True,1,0.072,True
selected_claim_custom_property_without_ref_unsafe,77,False,False,True,1,0.072,True
selected_claim_custom_property_without_ref_unsafe,78,False,False,True,1,0.072,True
selected_claim_custom_property_without_ref_unsafe,79,False,False,True,1,0.072,True
selected_claim_custom_property_without_ref_unsafe,80,False,False,True,1,0.072,True
selected_claim_custom_property_without_ref_unsafe,81,False,False,True,1,0.072,True
selected_claim_custom_property_without_ref_unsafe,82,False,False,True,1,0.072,True
selected_claim_custom_property_without_ref_unsafe,83,False,False,True,1,0.072,True
selected_claim_custom_property_without_ref_unsafe,84,False,False,True,1,0.072,True
selected_claim_custom_property_without_ref_unsafe,85,False,False,True,1,0.072,True
selected_claim_custom_property_without_ref_unsafe,86,False,False,True,1,0.072,True
selected_claim_custom_property_without_ref_unsafe,87,False,False,True,1,0.072,True
selected_claim_custom_property_without_ref_unsafe,88,False,False,True,1,0.072,True
selected_claim_custom_property_without_ref_unsafe,89,False,False,True,1,0.072,True
selected_claim_custom_property_without_ref_unsafe,90,False,False,True,1,0.072,True
selected_claim_custom_property_without_ref_unsafe,91,False,False,True,1,0.072,True
selected_claim_custom_property_without_ref_unsafe,92,False,False,True,1,0.072,True
selected_claim_custom_property_without_ref_unsafe,93,False,False,True,1,0.072,True
selected_claim_custom_property_without_ref_unsafe,94,False,False,True,1,0.072,True
selected_claim_custom_property_without_ref_unsafe,95,False,False,True,1,0.072,True
selected_claim_custom_property_without_ref_unsafe,96,False,False,True,1,0.072,True
selected_claim_custom_property_without_ref_unsafe,97,False,False,True,1,0.072,True
selected_claim_custom_property_without_ref_unsafe,98,False,False,True,1,0.072,True
selected_claim_custom_property_without_ref_unsafe,99,False,False,True,1,0.072,True
selected_claim_custom_property_without_ref_unsafe,100,False,False,True,1,0.072,True
selected_claim_custom_property_without_ref_unsafe,101,False,False,True,1,0.072,True
selected_claim_custom_property_without_ref_unsafe,102,False,False,True,1,0.072,True
selected_claim_custom_property_without_ref_unsafe,103,False,False,True,1,0.072,True
selected_claim_custom_property_without_ref_unsafe,104,False,False,True,1,0.072,True
selected_claim_custom_property_without_ref_unsafe,105,False,False,True,1,0.072,True
selected_claim_custom_property_without_ref_unsafe,106,False,False,True,1,0.072,True
selected_claim_custom_property_without_ref_unsafe,107,False,False,True,1,0.072,True
selected_claim_custom_property_without_ref_unsafe,108,False,False,True,1,0.072,True
selected_claim_custom_property_without_ref_unsafe,109,False,False,True,1,0.072,True
selected_claim_custom_property_without_ref_unsafe,110,False,False,True,1,0.072,True
selected_claim_custom_property_without_ref_unsafe,111,False,False,True,1,0.072,True
selected_claim_custom_property_without_ref_unsafe,112,False,False,True,1,0.072,True
selected_claim_custom_property_without_ref_unsafe,113,False,False,True,1,0.072,True
selected_claim_custom_property_without_ref_unsafe,114,False,False,True,1,0.072,True
selected_claim_custom_property_without_ref_unsafe,115,False,False,True,1,0.072,True
selected_claim_custom_property_without_ref_unsafe,116,False,False,True,1,0.072,True
selected_claim_custom_property_without_ref_unsafe,117,False,False,True,1,0.072,True
selected_claim_custom_property_without_ref_unsafe,118,False,False,True,1,0.072,True
selected_claim_custom_property_without_ref_unsafe,119,False,False,True,1,0.072,True
selected_claim_custom_property_without_ref_unsafe,120,False,False,True,1,0.072,True
selected_claim_custom_property_without_ref_unsafe,121,False,False,True,1,0.072,True
selected_claim_custom_property_without_ref_unsafe,122,False,False,True,1,0.072,True
selected_claim_custom_property_without_ref_unsafe,123,False,False,True,1,0.072,True
selected_claim_custom_property_without_ref_unsafe,124,False,False,True,1,0.072,True
selected_claim_custom_property_without_ref_unsafe,125,False,False,True,1,0.072,True
selected_claim_custom_property_without_ref_unsafe,126,False,False,True,1,0.072,True
selected_claim_custom_property_without_ref_unsafe,127,False,False,True,1,0.072,True
selected_claim_ref_env_repoid_safe,0,True,True,True,0,1.612,False
selected_claim_ref_env_repoid_safe,1,True,True,True,0,1.612,True
selected_claim_ref_env_repoid_safe,2,True,True,True,0,1.612,True
selected_claim_ref_env_repoid_safe,3,True,True,True,0,1.612,True
selected_claim_ref_env_repoid_safe,4,True,True,True,0,1.612,True
selected_claim_ref_env_repoid_safe,5,True,True,True,0,1.612,True
selected_claim_ref_env_repoid_safe,6,True,True,True,0,1.612,True
selected_claim_ref_env_repoid_safe,7,True,True,True,0,1.612,True
selected_claim_ref_env_repoid_safe,8,True,True,True,0,1.612,True
selected_claim_ref_env_repoid_safe,9,True,True,True,0,1.612,True
selected_claim_ref_env_repoid_safe,10,True,True,True,0,1.612,True
selected_claim_ref_env_repoid_safe,11,True,True,True,0,1.612,True
selected_claim_ref_env_repoid_safe,12,True,True,True,0,1.612,True
selected_claim_ref_env_repoid_safe,13,True,True,True,0,1.612,True
selected_claim_ref_env_repoid_safe,14,True,True,True,0,1.612,True
selected_claim_ref_env_repoid_safe,15,True,True,True,0,1.612,True
selected_claim_ref_env_repoid_safe,16,True,True,True,0,1.612,True
selected_claim_ref_env_repoid_safe,17,True,True,True,0,1.612,True
selected_claim_ref_env_repoid_safe,18,True,True,True,0,1.612,True
selected_claim_ref_env_repoid_safe,19,True,True,True,0,1.612,True
selected_claim_ref_env_repoid_safe,20,True,True,True,0,1.612,True
selected_claim_ref_env_repoid_safe,21,True,True,True,0,1.612,True
selected_claim_ref_env_repoid_safe,22,True,True,True,0,1.612,True
selected_claim_ref_env_repoid_safe,23,True,True,True,0,1.612,True
selected_claim_ref_env_repoid_safe,24,True,True,True,0,1.612,True
selected_claim_ref_env_repoid_safe,25,True,True,True,0,1.612,True
selected_claim_ref_env_repoid_safe,26,True,True,True,0,1.612,True
selected_claim_ref_env_repoid_safe,27,True,True,True,0,1.612,True
selected_claim_ref_env_repoid_safe,28,True,True,True,0,1.612,True
selected_claim_ref_env_repoid_safe,29,True,True,True,0,1.612,True
selected_claim_ref_env_repoid_safe,30,True,True,True,0,1.612,True
selected_claim_ref_env_repoid_safe,31,True,True,True,0,1.612,True
selected_claim_ref_env_repoid_safe,32,True,True,True,0,1.612,True
selected_claim_ref_env_repoid_safe,33,True,True,True,0,1.612,True
selected_claim_ref_env_repoid_safe,34,True,True,True,0,1.612,True
selected_claim_ref_env_repoid_safe,35,True,True,True,0,1.612,True
selected_claim_ref_env_repoid_safe,36,True,True,True,0,1.612,True
selected_claim_ref_env_repoid_safe,37,True,True,True,0,1.612,True
selected_claim_ref_env_repoid_safe,38,True,True,True,0,1.612,True
selected_claim_ref_env_repoid_safe,39,True,True,True,0,1.612,True
selected_claim_ref_env_repoid_safe,40,True,True,True,0,1.612,True
selected_claim_ref_env_repoid_safe,41,True,True,True,0,1.612,True
selected_claim_ref_env_repoid_safe,42,True,True,True,0,1.612,True
selected_claim_ref_env_repoid_safe,43,True,True,True,0,1.612,True
selected_claim_ref_env_repoid_safe,44,True,True,True,0,1.612,True
selected_claim_ref_env_repoid_safe,45,True,True,True,0,1.612,True
selected_claim_ref_env_repoid_safe,46,True,True,True,0,1.612,True
selected_claim_ref_env_repoid_safe,47,True,True,True,0,1.612,True
selected_claim_ref_env_repoid_safe,48,True,True,True,0,1.612,True
selected_claim_ref_env_repoid_safe,49,True,True,True,0,1.612,True
selected_claim_ref_env_repoid_safe,50,True,True,True,0,1.612,True
selected_claim_ref_env_repoid_safe,51,True,True,True,0,1.612,True
selected_claim_ref_env_repoid_safe,52,True,True,True,0,1.612,True
selected_claim_ref_env_repoid_safe,53,True,True,True,0,1.612,True
selected_claim_ref_env_repoid_safe,54,True,True,True,0,1.612,True
selected_claim_ref_env_repoid_safe,55,True,True,True,0,1.612,True
selected_claim_ref_env_repoid_safe,56,True,True,True,0,1.612,True
selected_claim_ref_env_repoid_safe,57,True,True,True,0,1.612,True
selected_claim_ref_env_repoid_safe,58,True,True,True,0,1.612,True
selected_claim_ref_env_repoid_safe,59,True,True,True,0,1.612,True
selected_claim_ref_env_repoid_safe,60,True,True,True,0,1.612,True
selected_claim_ref_env_repoid_safe,61,True,True,True,0,1.612,True
selected_claim_ref_env_repoid_safe,62,True,True,True,0,1.612,True
selected_claim_ref_env_repoid_safe,63,True,True,True,0,1.612,True
selected_claim_ref_env_repoid_safe,64,True,True,True,0,1.612,True
selected_claim_ref_env_repoid_safe,65,True,True,True,0,1.612,True
selected_claim_ref_env_repoid_safe,66,True,True,True,0,1.612,True
selected_claim_ref_env_repoid_safe,67,True,True,True,0,1.612,True
selected_claim_ref_env_repoid_safe,68,True,True,True,0,1.612,True
selected_claim_ref_env_repoid_safe,69,True,True,True,0,1.612,True
selected_claim_ref_env_repoid_safe,70,True,True,True,0,1.612,True
selected_claim_ref_env_repoid_safe,71,True,True,True,0,1.612,True
selected_claim_ref_env_repoid_safe,72,True,True,True,0,1.612,True
selected_claim_ref_env_repoid_safe,73,True,True,True,0,1.612,True
selected_claim_ref_env_repoid_safe,74,True,True,True,0,1.612,True
selected_claim_ref_env_repoid_safe,75,True,True,True,0,1.612,True
selected_claim_ref_env_repoid_safe,76,True,True,True,0,1.612,True
selected_claim_ref_env_repoid_safe,77,True,True,True,0,1.612,True
selected_claim_ref_env_repoid_safe,78,True,True,True,0,1.612,True
selected_claim_ref_env_repoid_safe,79,True,True,True,0,1.612,True
selected_claim_ref_env_repoid_safe,80,True,True,True,0,1.612,True
selected_claim_ref_env_repoid_safe,81,True,True,True,0,1.612,True
selected_claim_ref_env_repoid_safe,82,True,True,True,0,1.612,True
selected_claim_ref_env_repoid_safe,83,True,True,True,0,1.612,True
selected_claim_ref_env_repoid_safe,84,True,True,True,0,1.612,True
selected_claim_ref_env_repoid_safe,85,True,True,True,0,1.612,True
selected_claim_ref_env_repoid_safe,86,True,True,True,0,1.612,True
selected_claim_ref_env_repoid_safe,87,True,True,True,0,1.612,True
selected_claim_ref_env_repoid_safe,88,True,True,True,0,1.612,True
selected_claim_ref_env_repoid_safe,89,True,True,True,0,1.612,True
selected_claim_ref_env_repoid_safe,90,True,True,True,0,1.612,True
selected_claim_ref_env_repoid_safe,91,True,True,True,0,1.612,True
selected_claim_ref_env_repoid_safe,92,True,True,True,0,1.612,True
selected_claim_ref_env_repoid_safe,93,True,True,True,0,1.612,True
selected_claim_ref_env_repoid_safe,94,True,True,True,0,1.612,True
selected_claim_ref_env_repoid_safe,95,True,True,True,0,1.612,True
selected_claim_ref_env_repoid_safe,96,True,True,True,0,1.612,True
selected_claim_ref_env_repoid_safe,97,True,True,True,0,1.612,True
selected_claim_ref_env_repoid_safe,98,True,True,True,0,1.612,True
selected_claim_ref_env_repoid_safe,99,True,True,True,0,1.612,True
selected_claim_ref_env_repoid_safe,100,True,True,True,0,1.612,True
selected_claim_ref_env_repoid_safe,101,True,True,True,0,1.612,True
selected_claim_ref_env_repoid_safe,102,True,True,True,0,1.612,True
selected_claim_ref_env_repoid_safe,103,True,True,True,0,1.612,True
selected_claim_ref_env_repoid_safe,104,True,True,True,0,1.612,True
selected_claim_ref_env_repoid_safe,105,True,True,True,0,1.612,True
selected_claim_ref_env_repoid_safe,106,True,True,True,0,1.612,True
selected_claim_ref_env_repoid_safe,107,True,True,True,0,1.612,True
selected_claim_ref_env_repoid_safe,108,True,True,True,0,1.612,True
selected_claim_ref_env_repoid_safe,109,True,True,True,0,1.612,True
selected_claim_ref_env_repoid_safe,110,True,True,True,0,1.612,True
selected_claim_ref_env_repoid_safe,111,True,True,True,0,1.612,True
selected_claim_ref_env_repoid_safe,112,True,True,True,0,1.612,True
selected_claim_ref_env_repoid_safe,113,True,True,True,0,1.612,True
selected_claim_ref_env_repoid_safe,114,True,True,True,0,1.612,True
selected_claim_ref_env_repoid_safe,115,True,True,True,0,1.612,True
selected_claim_ref_env_repoid_safe,116,True,True,True,0,1.612,True
selected_claim_ref_env_repoid_safe,117,True,True,True,0,1.612,True
selected_claim_ref_env_repoid_safe,118,True,True,True,0,1.612,True
selected_claim_ref_env_repoid_safe,119,True,True,True,0,1.612,True
selected_claim_ref_env_repoid_safe,120,True,True,True,0,1.612,True
selected_claim_ref_env_repoid_safe,121,True,True,True,0,1.612,True
selected_claim_ref_env_repoid_safe,122,True,True,True,0,1.612,True
selected_claim_ref_env_repoid_safe,123,True,True,True,0,1.612,True
selected_claim_ref_env_repoid_safe,124,True,True,True,0,1.612,True
selected_claim_ref_env_repoid_safe,125,True,True,True,0,1.612,True
selected_claim_ref_env_repoid_safe,126,True,True,True,0,1.612,True
selected_claim_ref_env_repoid_safe,127,True,True,True,0,1.612,True
substring_principal,0,False,False,True,1,0.666,False
substring_principal,1,False,False,True,1,0.666,True
substring_principal,2,False,False,True,1,0.666,True
substring_principal,3,False,False,True,1,0.666,True
substring_principal,4,False,False,True,1,0.666,True
substring_principal,5,False,False,True,1,0.666,True
substring_principal,6,False,False,True,1,0.666,True
substring_principal,7,False,False,True,1,0.666,True
substring_principal,8,False,False,True,1,0.666,True
substring_principal,9,False,False,True,1,0.666,True
substring_principal,10,False,False,True,1,0.666,True
substring_principal,11,False,False,True,1,0.666,True
substring_principal,12,False,False,True,1,0.666,True
substring_principal,13,False,False,True,1,0.666,True
substring_principal,14,False,False,True,1,0.666,True
substring_principal,15,False,False,True,1,0.666,True
substring_principal,16,False,False,True,1,0.666,True
substring_principal,17,False,False,True,1,0.666,True
substring_principal,18,False,False,True,1,0.666,True
substring_principal,19,False,False,True,1,0.666,True
substring_principal,20,False,False,True,1,0.666,True
substring_principal,21,False,False,True,1,0.666,True
substring_principal,22,False,False,True,1,0.666,True
substring_principal,23,False,False,True,1,0.666,True
substring_principal,24,False,False,True,1,0.666,True
substring_principal,25,False,False,True,1,0.666,True
substring_principal,26,False,False,True,1,0.666,True
substring_principal,27,False,False,True,1,0.666,True
substring_principal,28,False,False,True,1,0.666,True
substring_principal,29,False,False,True,1,0.666,True
substring_principal,30,False,False,True,1,0.666,True
substring_principal,31,False,False,True,1,0.666,True
substring_principal,32,False,False,True,1,0.666,True
substring_principal,33,False,False,True,1,0.666,True
substring_principal,34,False,False,True,1,0.666,True
substring_principal,35,False,False,True,1,0.666,True
substring_principal,36,False,False,True,1,0.666,True
substring_principal,37,False,False,True,1,0.666,True
substring_principal,38,False,False,True,1,0.666,True
substring_principal,39,False,False,True,1,0.666,True
substring_principal,40,False,False,True,1,0.666,True
substring_principal,41,False,False,True,1,0.666,True
substring_principal,42,False,False,True,1,0.666,True
substring_principal,43,False,False,True,1,0.666,True
substring_principal,44,False,False,True,1,0.666,True
substring_principal,45,False,False,True,1,0.666,True
substring_principal,46,False,False,True,1,0.666,True
substring_principal,47,False,False,True,1,0.666,True
substring_principal,48,False,False,True,1,0.666,True
substring_principal,49,False,False,True,1,0.666,True
substring_principal,50,False,False,True,1,0.666,True
substring_principal,51,False,False,True,1,0.666,True
substring_principal,52,False,False,True,1,0.666,True
substring_principal,53,False,False,True,1,0.666,True
substring_principal,54,False,False,True,1,0.666,True
substring_principal,55,False,False,True,1,0.666,True
substring_principal,56,False,False,True,1,0.666,True
substring_principal,57,False,False,True,1,0.666,True
substring_principal,58,False,False,True,1,0.666,True
substring_principal,59,False,False,True,1,0.666,True
substring_principal,60,False,False,True,1,0.666,True
substring_principal,61,False,False,True,1,0.666,True
substring_principal,62,False,False,True,1,0.666,True
substring_principal,63,False,False,True,1,0.666,True
substring_principal,64,False,False,True,1,0.666,True
substring_principal,65,False,False,True,1,0.666,True
substring_principal,66,False,False,True,1,0.666,True
substring_principal,67,False,False,True,1,0.666,True
substring_principal,68,False,False,True,1,0.666,True
substring_principal,69,False,False,True,1,0.666,True
substring_principal,70,False,False,True,1,0.666,True
substring_principal,71,False,False,True,1,0.666,True
substring_principal,72,False,False,True,1,0.666,True
substring_principal,73,False,False,True,1,0.666,True
substring_principal,74,False,False,True,1,0.666,True
substring_principal,75,False,False,True,1,0.666,True
substring_principal,76,False,False,True,1,0.666,True
substring_principal,77,False,False,True,1,0.666,True
substring_principal,78,False,False,True,1,0.666,True
substring_principal,79,False,False,True,1,0.666,True
substring_principal,80,False,False,True,1,0.666,True
substring_principal,81,False,False,True,1,0.666,True
substring_principal,82,False,False,True,1,0.666,True
substring_principal,83,False,False,True,1,0.666,True
substring_principal,84,False,False,True,1,0.666,True
substring_principal,85,False,False,True,1,0.666,True
substring_principal,86,False,False,True,1,0.666,True
substring_principal,87,False,False,True,1,0.666,True
substring_principal,88,False,False,True,1,0.666,True
substring_principal,89,False,False,True,1,0.666,True
substring_principal,90,False,False,True,1,0.666,True
substring_principal,91,False,False,True,1,0.666,True
substring_principal,92,False,False,True,1,0.666,True
substring_principal,93,False,False,True,1,0.666,True
substring_principal,94,False,False,True,1,0.666,True
substring_principal,95,False,False,True,1,0.666,True
substring_principal,96,False,False,True,1,0.666,True
substring_principal,97,False,False,True,1,0.666,True
substring_principal,98,False,False,True,1,0.666,True
substring_principal,99,False,False,True,1,0.666,True
substring_principal,100,False,False,True,1,0.666,True
substring_principal,101,False,False,True,1,0.666,True
substring_principal,102,False,False,True,1,0.666,True
substring_principal,103,False,False,True,1,0.666,True
substring_principal,104,False,False,True,1,0.666,True
substring_principal,105,False,False,True,1,0.666,True
substring_principal,106,False,False,True,1,0.666,True
substring_principal,107,False,False,True,1,0.666,True
substring_principal,108,False,False,True,1,0.666,True
substring_principal,109,False,False,True,1,0.666,True
substring_principal,110,False,False,True,1,0.666,True
substring_principal,111,False,False,True,1,0.666,True
substring_principal,112,False,False,True,1,0.666,True
substring_principal,113,False,False,True,1,0.666,True
substring_principal,114,False,False,True,1,0.666,True
substring_principal,115,False,False,True,1,0.666,True
substring_principal,116,False,False,True,1,0.666,True
substring_principal,117,False,False,True,1,0.666,True
substring_principal,118,False,False,True,1,0.666,True
substring_principal,119,False,False,True,1,0.666,True
substring_principal,120,False,False,True,1,0.666,True
substring_principal,121,False,False,True,1,0.666,True
substring_principal,122,False,False,True,1,0.666,True
substring_principal,123,False,False,True,1,0.666,True
substring_principal,124,False,False,True,1,0.666,True
substring_principal,125,False,False,True,1,0.666,True
substring_principal,126,False,False,True,1,0.666,True
substring_principal,127,False,False,True,1,0.666,True
tag_as_prod,0,False,False,True,1,3.592,False
tag_as_prod,1,False,False,True,1,3.592,True
tag_as_prod,2,False,False,True,1,3.592,True
tag_as_prod,3,False,False,True,1,3.592,True
tag_as_prod,4,False,False,True,1,3.592,True
tag_as_prod,5,False,False,True,1,3.592,True
tag_as_prod,6,False,False,True,1,3.592,True
tag_as_prod,7,False,False,True,1,3.592,True
tag_as_prod,8,False,False,True,1,3.592,True
tag_as_prod,9,False,False,True,1,3.592,True
tag_as_prod,10,False,False,True,1,3.592,True
tag_as_prod,11,False,False,True,1,3.592,True
tag_as_prod,12,False,False,True,1,3.592,True
tag_as_prod,13,False,False,True,1,3.592,True
tag_as_prod,14,False,False,True,1,3.592,True
tag_as_prod,15,False,False,True,1,3.592,True
tag_as_prod,16,False,False,True,1,3.592,True
tag_as_prod,17,False,False,True,1,3.592,True
tag_as_prod,18,False,False,True,1,3.592,True
tag_as_prod,19,False,False,True,1,3.592,True
tag_as_prod,20,False,False,True,1,3.592,True
tag_as_prod,21,False,False,True,1,3.592,True
tag_as_prod,22,False,False,True,1,3.592,True
tag_as_prod,23,False,False,True,1,3.592,True
tag_as_prod,24,False,False,True,1,3.592,True
tag_as_prod,25,False,False,True,1,3.592,True
tag_as_prod,26,False,False,True,1,3.592,True
tag_as_prod,27,False,False,True,1,3.592,True
tag_as_prod,28,False,False,True,1,3.592,True
tag_as_prod,29,False,False,True,1,3.592,True
tag_as_prod,30,False,False,True,1,3.592,True
tag_as_prod,31,False,False,True,1,3.592,True
tag_as_prod,32,False,False,True,1,3.592,True
tag_as_prod,33,False,False,True,1,3.592,True
tag_as_prod,34,False,False,True,1,3.592,True
tag_as_prod,35,False,False,True,1,3.592,True
tag_as_prod,36,False,False,True,1,3.592,True
tag_as_prod,37,False,False,True,1,3.592,True
tag_as_prod,38,False,False,True,1,3.592,True
tag_as_prod,39,False,False,True,1,3.592,True
tag_as_prod,40,False,False,True,1,3.592,True
tag_as_prod,41,False,False,True,1,3.592,True
tag_as_prod,42,False,False,True,1,3.592,True
tag_as_prod,43,False,False,True,1,3.592,True
tag_as_prod,44,False,False,True,1,3.592,True
tag_as_prod,45,False,False,True,1,3.592,True
tag_as_prod,46,False,False,True,1,3.592,True
tag_as_prod,47,False,False,True,1,3.592,True
tag_as_prod,48,False,False,True,1,3.592,True
tag_as_prod,49,False,False,True,1,3.592,True
tag_as_prod,50,False,False,True,1,3.592,True
tag_as_prod,51,False,False,True,1,3.592,True
tag_as_prod,52,False,False,True,1,3.592,True
tag_as_prod,53,False,False,True,1,3.592,True
tag_as_prod,54,False,False,True,1,3.592,True
tag_as_prod,55,False,False,True,1,3.592,True
tag_as_prod,56,False,False,True,1,3.592,True
tag_as_prod,57,False,False,True,1,3.592,True
tag_as_prod,58,False,False,True,1,3.592,True
tag_as_prod,59,False,False,True,1,3.592,True
tag_as_prod,60,False,False,True,1,3.592,True
tag_as_prod,61,False,False,True,1,3.592,True
tag_as_prod,62,False,False,True,1,3.592,True
tag_as_prod,63,False,False,True,1,3.592,True
tag_as_prod,64,False,False,True,1,3.592,True
tag_as_prod,65,False,False,True,1,3.592,True
tag_as_prod,66,False,False,True,1,3.592,True
tag_as_prod,67,False,False,True,1,3.592,True
tag_as_prod,68,False,False,True,1,3.592,True
tag_as_prod,69,False,False,True,1,3.592,True
tag_as_prod,70,False,False,True,1,3.592,True
tag_as_prod,71,False,False,True,1,3.592,True
tag_as_prod,72,False,False,True,1,3.592,True
tag_as_prod,73,False,False,True,1,3.592,True
tag_as_prod,74,False,False,True,1,3.592,True
tag_as_prod,75,False,False,True,1,3.592,True
tag_as_prod,76,False,False,True,1,3.592,True
tag_as_prod,77,False,False,True,1,3.592,True
tag_as_prod,78,False,False,True,1,3.592,True
tag_as_prod,79,False,False,True,1,3.592,True
tag_as_prod,80,False,False,True,1,3.592,True
tag_as_prod,81,False,False,True,1,3.592,True
tag_as_prod,82,False,False,True,1,3.592,True
tag_as_prod,83,False,False,True,1,3.592,True
tag_as_prod,84,False,False,True,1,3.592,True
tag_as_prod,85,False,False,True,1,3.592,True
tag_as_prod,86,False,False,True,1,3.592,True
tag_as_prod,87,False,False,True,1,3.592,True
tag_as_prod,88,False,False,True,1,3.592,True
tag_as_prod,89,False,False,True,1,3.592,True
tag_as_prod,90,False,False,True,1,3.592,True
tag_as_prod,91,False,False,True,1,3.592,True
tag_as_prod,92,False,False,True,1,3.592,True
tag_as_prod,93,False,False,True,1,3.592,True
tag_as_prod,94,False,False,True,1,3.592,True
tag_as_prod,95,False,False,True,1,3.592,True
tag_as_prod,96,False,False,True,1,3.592,True
tag_as_prod,97,False,False,True,1,3.592,True
tag_as_prod,98,False,False,True,1,3.592,True
tag_as_prod,99,False,False,True,1,3.592,True
tag_as_prod,100,False,False,True,1,3.592,True
tag_as_prod,101,False,False,True,1,3.592,True
tag_as_prod,102,False,False,True,1,3.592,True
tag_as_prod,103,False,False,True,1,3.592,True
tag_as_prod,104,False,False,True,1,3.592,True
tag_as_prod,105,False,False,True,1,3.592,True
tag_as_prod,106,False,False,True,1,3.592,True
tag_as_prod,107,False,False,True,1,3.592,True
tag_as_prod,108,False,False,True,1,3.592,True
tag_as_prod,109,False,False,True,1,3.592,True
tag_as_prod,110,False,False,True,1,3.592,True
tag_as_prod,111,False,False,True,1,3.592,True
tag_as_prod,112,False,False,True,1,3.592,True
tag_as_prod,113,False,False,True,1,3.592,True
tag_as_prod,114,False,False,True,1,3.592,True
tag_as_prod,115,False,False,True,1,3.592,True
tag_as_prod,116,False,False,True,1,3.592,True
tag_as_prod,117,False,False,True,1,3.592,True
tag_as_prod,118,False,False,True,1,3.592,True
tag_as_prod,119,False,False,True,1,3.592,True
tag_as_prod,120,False,False,True,1,3.592,True
tag_as_prod,121,False,False,True,1,3.592,True
tag_as_prod,122,False,False,True,1,3.592,True
tag_as_prod,123,False,False,True,1,3.592,True
tag_as_prod,124,False,False,True,1,3.592,True
tag_as_prod,125,False,False,True,1,3.592,True
tag_as_prod,126,False,False,True,1,3.592,True
tag_as_prod,127,False,False,True,1,3.592,True
unprotected_environment,0,False,False,True,1,2.46,False
unprotected_environment,1,False,False,True,1,2.46,True
unprotected_environment,2,False,False,True,1,2.46,True
unprotected_environment,3,False,False,True,1,2.46,True
unprotected_environment,4,False,False,True,1,2.46,True
unprotected_environment,5,False,False,True,1,2.46,True
unprotected_environment,6,False,False,True,1,2.46,True
unprotected_environment,7,False,False,True,1,2.46,True
unprotected_environment,8,False,False,True,1,2.46,True
unprotected_environment,9,False,False,True,1,2.46,True
unprotected_environment,10,False,False,True,1,2.46,True
unprotected_environment,11,False,False,True,1,2.46,True
unprotected_environment,12,False,False,True,1,2.46,True
unprotected_environment,13,False,False,True,1,2.46,True
unprotected_environment,14,False,False,True,1,2.46,True
unprotected_environment,15,False,False,True,1,2.46,True
unprotected_environment,16,False,False,True,1,2.46,True
unprotected_environment,17,False,False,True,1,2.46,True
unprotected_environment,18,False,False,True,1,2.46,True
unprotected_environment,19,False,False,True,1,2.46,True
unprotected_environment,20,False,False,True,1,2.46,True
unprotected_environment,21,False,False,True,1,2.46,True
unprotected_environment,22,False,False,True,1,2.46,True
unprotected_environment,23,False,False,True,1,2.46,True
unprotected_environment,24,False,False,True,1,2.46,True
unprotected_environment,25,False,False,True,1,2.46,True
unprotected_environment,26,False,False,True,1,2.46,True
unprotected_environment,27,False,False,True,1,2.46,True
unprotected_environment,28,False,False,True,1,2.46,True
unprotected_environment,29,False,False,True,1,2.46,True
unprotected_environment,30,False,False,True,1,2.46,True
unprotected_environment,31,False,False,True,1,2.46,True
unprotected_environment,32,False,False,True,1,2.46,True
unprotected_environment,33,False,False,True,1,2.46,True
unprotected_environment,34,False,False,True,1,2.46,True
unprotected_environment,35,False,False,True,1,2.46,True
unprotected_environment,36,False,False,True,1,2.46,True
unprotected_environment,37,False,False,True,1,2.46,True
unprotected_environment,38,False,False,True,1,2.46,True
unprotected_environment,39,False,False,True,1,2.46,True
unprotected_environment,40,False,False,True,1,2.46,True
unprotected_environment,41,False,False,True,1,2.46,True
unprotected_environment,42,False,False,True,1,2.46,True
unprotected_environment,43,False,False,True,1,2.46,True
unprotected_environment,44,False,False,True,1,2.46,True
unprotected_environment,45,False,False,True,1,2.46,True
unprotected_environment,46,False,False,True,1,2.46,True
unprotected_environment,47,False,False,True,1,2.46,True
unprotected_environment,48,False,False,True,1,2.46,True
unprotected_environment,49,False,False,True,1,2.46,True
unprotected_environment,50,False,False,True,1,2.46,True
unprotected_environment,51,False,False,True,1,2.46,True
unprotected_environment,52,False,False,True,1,2.46,True
unprotected_environment,53,False,False,True,1,2.46,True
unprotected_environment,54,False,False,True,1,2.46,True
unprotected_environment,55,False,False,True,1,2.46,True
unprotected_environment,56,False,False,True,1,2.46,True
unprotected_environment,57,False,False,True,1,2.46,True
unprotected_environment,58,False,False,True,1,2.46,True
unprotected_environment,59,False,False,True,1,2.46,True
unprotected_environment,60,False,False,True,1,2.46,True
unprotected_environment,61,False,False,True,1,2.46,True
unprotected_environment,62,False,False,True,1,2.46,True
unprotected_environment,63,False,False,True,1,2.46,True
unprotected_environment,64,False,False,True,1,2.46,True
unprotected_environment,65,False,False,True,1,2.46,True
unprotected_environment,66,False,False,True,1,2.46,True
unprotected_environment,67,False,False,True,1,2.46,True
unprotected_environment,68,False,False,True,1,2.46,True
unprotected_environment,69,False,False,True,1,2.46,True
unprotected_environment,70,False,False,True,1,2.46,True
unprotected_environment,71,False,False,True,1,2.46,True
unprotected_environment,72,False,False,True,1,2.46,True
unprotected_environment,73,False,False,True,1,2.46,True
unprotected_environment,74,False,False,True,1,2.46,True
unprotected_environment,75,False,False,True,1,2.46,True
unprotected_environment,76,False,False,True,1,2.46,True
unprotected_environment,77,False,False,True,1,2.46,True
unprotected_environment,78,False,False,True,1,2.46,True
unprotected_environment,79,False,False,True,1,2.46,True
unprotected_environment,80,False,False,True,1,2.46,True
unprotected_environment,81,False,False,True,1,2.46,True
unprotected_environment,82,False,False,True,1,2.46,True
unprotected_environment,83,False,False,True,1,2.46,True
unprotected_environment,84,False,False,True,1,2.46,True
unprotected_environment,85,False,False,True,1,2.46,True
unprotected_environment,86,False,False,True,1,2.46,True
unprotected_environment,87,False,False,True,1,2.46,True
unprotected_environment,88,False,False,True,1,2.46,True
unprotected_environment,89,False,False,True,1,2.46,True
unprotected_environment,90,False,False,True,1,2.46,True
unprotected_environment,91,False,False,True,1,2.46,True
unprotected_environment,92,False,False,True,1,2.46,True
unprotected_environment,93,False,False,True,1,2.46,True
unprotected_environment,94,False,False,True,1,2.46,True
unprotected_environment,95,False,False,True,1,2.46,True
unprotected_environment,96,False,False,True,1,2.46,True
unprotected_environment,97,False,False,True,1,2.46,True
unprotected_environment,98,False,False,True,1,2.46,True
unprotected_environment,99,False,False,True,1,2.46,True
unprotected_environment,100,False,False,True,1,2.46,True
unprotected_environment,101,False,False,True,1,2.46,True
unprotected_environment,102,False,False,True,1,2.46,True
unprotected_environment,103,False,False,True,1,2.46,True
unprotected_environment,104,False,False,True,1,2.46,True
unprotected_environment,105,False,False,True,1,2.46,True
unprotected_environment,106,False,False,True,1,2.46,True
unprotected_environment,107,False,False,True,1,2.46,True
unprotected_environment,108,False,False,True,1,2.46,True
unprotected_environment,109,False,False,True,1,2.46,True
unprotected_environment,110,False,False,True,1,2.46,True
unprotected_environment,111,False,False,True,1,2.46,True
unprotected_environment,112,False,False,True,1,2.46,True
unprotected_environment,113,False,False,True,1,2.46,True
unprotected_environment,114,False,False,True,1,2.46,True
unprotected_environment,115,False,False,True,1,2.46,True
unprotected_environment,116,False,False,True,1,2.46,True
unprotected_environment,117,False,False,True,1,2.46,True
unprotected_environment,118,False,False,True,1,2.46,True
unprotected_environment,119,False,False,True,1,2.46,True
unprotected_environment,120,False,False,True,1,2.46,True
unprotected_environment,121,False,False,True,1,2.46,True
unprotected_environment,122,False,False,True,1,2.46,True
unprotected_environment,123,False,False,True,1,2.46,True
unprotected_environment,124,False,False,True,1,2.46,True
unprotected_environment,125,False,False,True,1,2.46,True
unprotected_environment,126,False,False,True,1,2.46,True
unprotected_environment,127,False,False,True,1,2.46,True
unqualified_claim_keys,0,False,False,True,5,6.302,False
unqualified_claim_keys,1,False,False,True,5,6.302,True
unqualified_claim_keys,2,False,False,True,5,6.302,True
unqualified_claim_keys,3,False,False,True,5,6.302,True
unqualified_claim_keys,4,False,False,True,5,6.302,True
unqualified_claim_keys,5,False,False,True,5,6.302,True
unqualified_claim_keys,6,False,False,True,5,6.302,True
unqualified_claim_keys,7,False,False,True,5,6.302,True
unqualified_claim_keys,8,False,False,True,5,6.302,True
unqualified_claim_keys,9,False,False,True,5,6.302,True
unqualified_claim_keys,10,False,False,True,5,6.302,True
unqualified_claim_keys,11,False,False,True,5,6.302,True
unqualified_claim_keys,12,False,False,True,5,6.302,True
unqualified_claim_keys,13,False,False,True,5,6.302,True
unqualified_claim_keys,14,False,False,True,5,6.302,True
unqualified_claim_keys,15,False,False,True,5,6.302,True
unqualified_claim_keys,16,False,False,True,5,6.302,True
unqualified_claim_keys,17,False,False,True,5,6.302,True
unqualified_claim_keys,18,False,False,True,5,6.302,True
unqualified_claim_keys,19,False,False,True,5,6.302,True
unqualified_claim_keys,20,False,False,True,5,6.302,True
unqualified_claim_keys,21,False,False,True,5,6.302,True
unqualified_claim_keys,22,False,False,True,5,6.302,True
unqualified_claim_keys,23,False,False,True,5,6.302,True
unqualified_claim_keys,24,False,False,True,5,6.302,True
unqualified_claim_keys,25,False,False,True,5,6.302,True
unqualified_claim_keys,26,False,False,True,5,6.302,True
unqualified_claim_keys,27,False,False,True,5,6.302,True
unqualified_claim_keys,28,False,False,True,5,6.302,True
unqualified_claim_keys,29,False,False,True,5,6.302,True
unqualified_claim_keys,30,False,False,True,5,6.302,True
unqualified_claim_keys,31,False,False,True,5,6.302,True
unqualified_claim_keys,32,False,False,True,5,6.302,True
unqualified_claim_keys,33,False,False,True,5,6.302,True
unqualified_claim_keys,34,False,False,True,5,6.302,True
unqualified_claim_keys,35,False,False,True,5,6.302,True
unqualified_claim_keys,36,False,False,True,5,6.302,True
unqualified_claim_keys,37,False,False,True,5,6.302,True
unqualified_claim_keys,38,False,False,True,5,6.302,True
unqualified_claim_keys,39,False,False,True,5,6.302,True
unqualified_claim_keys,40,False,False,True,5,6.302,True
unqualified_claim_keys,41,False,False,True,5,6.302,True
unqualified_claim_keys,42,False,False,True,5,6.302,True
unqualified_claim_keys,43,False,False,True,5,6.302,True
unqualified_claim_keys,44,False,False,True,5,6.302,True
unqualified_claim_keys,45,False,False,True,5,6.302,True
unqualified_claim_keys,46,False,False,True,5,6.302,True
unqualified_claim_keys,47,False,False,True,5,6.302,True
unqualified_claim_keys,48,False,False,True,5,6.302,True
unqualified_claim_keys,49,False,False,True,5,6.302,True
unqualified_claim_keys,50,False,False,True,5,6.302,True
unqualified_claim_keys,51,False,False,True,5,6.302,True
unqualified_claim_keys,52,False,False,True,5,6.302,True
unqualified_claim_keys,53,False,False,True,5,6.302,True
unqualified_claim_keys,54,False,False,True,5,6.302,True
unqualified_claim_keys,55,False,False,True,5,6.302,True
unqualified_claim_keys,56,False,False,True,5,6.302,True
unqualified_claim_keys,57,False,False,True,5,6.302,True
unqualified_claim_keys,58,False,False,True,5,6.302,True
unqualified_claim_keys,59,False,False,True,5,6.302,True
unqualified_claim_keys,60,False,False,True,5,6.302,True
unqualified_claim_keys,61,False,False,True,5,6.302,True
unqualified_claim_keys,62,False,False,True,5,6.302,True
unqualified_claim_keys,63,False,False,True,5,6.302,True
unqualified_claim_keys,64,False,False,True,5,6.302,True
unqualified_claim_keys,65,False,False,True,5,6.302,True
unqualified_claim_keys,66,False,False,True,5,6.302,True
unqualified_claim_keys,67,False,False,True,5,6.302,True
unqualified_claim_keys,68,False,False,True,5,6.302,True
unqualified_claim_keys,69,False,False,True,5,6.302,True
unqualified_claim_keys,70,False,False,True,5,6.302,True
unqualified_claim_keys,71,False,False,True,5,6.302,True
unqualified_claim_keys,72,False,False,True,5,6.302,True
unqualified_claim_keys,73,False,False,True,5,6.302,True
unqualified_claim_keys,74,False,False,True,5,6.302,True
unqualified_claim_keys,75,False,False,True,5,6.302,True
unqualified_claim_keys,76,False,False,True,5,6.302,True
unqualified_claim_keys,77,False,False,True,5,6.302,True
unqualified_claim_keys,78,False,False,True,5,6.302,True
unqualified_claim_keys,79,False,False,True,5,6.302,True
unqualified_claim_keys,80,False,False,True,5,6.302,True
unqualified_claim_keys,81,False,False,True,5,6.302,True
unqualified_claim_keys,82,False,False,True,5,6.302,True
unqualified_claim_keys,83,False,False,True,5,6.302,True
unqualified_claim_keys,84,False,False,True,5,6.302,True
unqualified_claim_keys,85,False,False,True,5,6.302,True
unqualified_claim_keys,86,False,False,True,5,6.302,True
unqualified_claim_keys,87,False,False,True,5,6.302,True
unqualified_claim_keys,88,False,False,True,5,6.302,True
unqualified_claim_keys,89,False,False,True,5,6.302,True
unqualified_claim_keys,90,False,False,True,5,6.302,True
unqualified_claim_keys,91,False,False,True,5,6.302,True
unqualified_claim_keys,92,False,False,True,5,6.302,True
unqualified_claim_keys,93,False,False,True,5,6.302,True
unqualified_claim_keys,94,False,False,True,5,6.302,True
unqualified_claim_keys,95,False,False,True,5,6.302,True
unqualified_claim_keys,96,False,False,True,5,6.302,True
unqualified_claim_keys,97,False,False,True,5,6.302,True
unqualified_claim_keys,98,False,False,True,5,6.302,True
unqualified_claim_keys,99,False,False,True,5,6.302,True
unqualified_claim_keys,100,False,False,True,5,6.302,True
unqualified_claim_keys,101,False,False,True,5,6.302,True
unqualified_claim_keys,102,False,False,True,5,6.302,True
unqualified_claim_keys,103,False,False,True,5,6.302,True
unqualified_claim_keys,104,False,False,True,5,6.302,True
unqualified_claim_keys,105,False,False,True,5,6.302,True
unqualified_claim_keys,106,False,False,True,5,6.302,True
unqualified_claim_keys,107,False,False,True,5,6.302,True
unqualified_claim_keys,108,False,False,True,5,6.302,True
unqualified_claim_keys,109,False,False,True,5,6.302,True
unqualified_claim_keys,110,False,False,True,5,6.302,True
unqualified_claim_keys,111,False,False,True,5,6.302,True
unqualified_claim_keys,112,False,False,True,5,6.302,True
unqualified_claim_keys,113,False,False,True,5,6.302,True
unqualified_claim_keys,114,False,False,True,5,6.302,True
unqualified_claim_keys,115,False,False,True,5,6.302,True
unqualified_claim_keys,116,False,False,True,5,6.302,True
unqualified_claim_keys,117,False,False,True,5,6.302,True
unqualified_claim_keys,118,False,False,True,5,6.302,True
unqualified_claim_keys,119,False,False,True,5,6.302,True
unqualified_claim_keys,120,False,False,True,5,6.302,True
unqualified_claim_keys,121,False,False,True,5,6.302,True
unqualified_claim_keys,122,False,False,True,5,6.302,True
unqualified_claim_keys,123,False,False,True,5,6.302,True
unqualified_claim_keys,124,False,False,True,5,6.302,True
unqualified_claim_keys,125,False,False,True,5,6.302,True
unqualified_claim_keys,126,False,False,True,5,6.302,True
unqualified_claim_keys,127,False,False,True,5,6.302,True
unsupported_deny_cannot_discharge,0,False,False,True,1,3.961,False
unsupported_deny_cannot_discharge,1,False,False,True,1,3.961,True
unsupported_deny_cannot_discharge,2,False,False,True,1,3.961,True
unsupported_deny_cannot_discharge,3,False,False,True,1,3.961,True
unsupported_deny_cannot_discharge,4,False,False,True,1,3.961,True
unsupported_deny_cannot_discharge,5,False,False,True,1,3.961,True
unsupported_deny_cannot_discharge,6,False,False,True,1,3.961,True
unsupported_deny_cannot_discharge,7,False,False,True,1,3.961,True
unsupported_deny_cannot_discharge,8,False,False,True,1,3.961,True
unsupported_deny_cannot_discharge,9,False,False,True,1,3.961,True
unsupported_deny_cannot_discharge,10,False,False,True,1,3.961,True
unsupported_deny_cannot_discharge,11,False,False,True,1,3.961,True
unsupported_deny_cannot_discharge,12,False,False,True,1,3.961,True
unsupported_deny_cannot_discharge,13,False,False,True,1,3.961,True
unsupported_deny_cannot_discharge,14,False,False,True,1,3.961,True
unsupported_deny_cannot_discharge,15,False,False,True,1,3.961,True
unsupported_deny_cannot_discharge,16,False,False,True,1,3.961,True
unsupported_deny_cannot_discharge,17,False,False,True,1,3.961,True
unsupported_deny_cannot_discharge,18,False,False,True,1,3.961,True
unsupported_deny_cannot_discharge,19,False,False,True,1,3.961,True
unsupported_deny_cannot_discharge,20,False,False,True,1,3.961,True
unsupported_deny_cannot_discharge,21,False,False,True,1,3.961,True
unsupported_deny_cannot_discharge,22,False,False,True,1,3.961,True
unsupported_deny_cannot_discharge,23,False,False,True,1,3.961,True
unsupported_deny_cannot_discharge,24,False,False,True,1,3.961,True
unsupported_deny_cannot_discharge,25,False,False,True,1,3.961,True
unsupported_deny_cannot_discharge,26,False,False,True,1,3.961,True
unsupported_deny_cannot_discharge,27,False,False,True,1,3.961,True
unsupported_deny_cannot_discharge,28,False,False,True,1,3.961,True
unsupported_deny_cannot_discharge,29,False,False,True,1,3.961,True
unsupported_deny_cannot_discharge,30,False,False,True,1,3.961,True
unsupported_deny_cannot_discharge,31,False,False,True,1,3.961,True
unsupported_deny_cannot_discharge,32,False,False,True,1,3.961,True
unsupported_deny_cannot_discharge,33,False,False,True,1,3.961,True
unsupported_deny_cannot_discharge,34,False,False,True,1,3.961,True
unsupported_deny_cannot_discharge,35,False,False,True,1,3.961,True
unsupported_deny_cannot_discharge,36,False,False,True,1,3.961,True
unsupported_deny_cannot_discharge,37,False,False,True,1,3.961,True
unsupported_deny_cannot_discharge,38,False,False,True,1,3.961,True
unsupported_deny_cannot_discharge,39,False,False,True,1,3.961,True
unsupported_deny_cannot_discharge,40,False,False,True,1,3.961,True
unsupported_deny_cannot_discharge,41,False,False,True,1,3.961,True
unsupported_deny_cannot_discharge,42,False,False,True,1,3.961,True
unsupported_deny_cannot_discharge,43,False,False,True,1,3.961,True
unsupported_deny_cannot_discharge,44,False,False,True,1,3.961,True
unsupported_deny_cannot_discharge,45,False,False,True,1,3.961,True
unsupported_deny_cannot_discharge,46,False,False,True,1,3.961,True
unsupported_deny_cannot_discharge,47,False,False,True,1,3.961,True
unsupported_deny_cannot_discharge,48,False,False,True,1,3.961,True
unsupported_deny_cannot_discharge,49,False,False,True,1,3.961,True
unsupported_deny_cannot_discharge,50,False,False,True,1,3.961,True
unsupported_deny_cannot_discharge,51,False,False,True,1,3.961,True
unsupported_deny_cannot_discharge,52,False,False,True,1,3.961,True
unsupported_deny_cannot_discharge,53,False,False,True,1,3.961,True
unsupported_deny_cannot_discharge,54,False,False,True,1,3.961,True
unsupported_deny_cannot_discharge,55,False,False,True,1,3.961,True
unsupported_deny_cannot_discharge,56,False,False,True,1,3.961,True
unsupported_deny_cannot_discharge,57,False,False,True,1,3.961,True
unsupported_deny_cannot_discharge,58,False,False,True,1,3.961,True
unsupported_deny_cannot_discharge,59,False,False,True,1,3.961,True
unsupported_deny_cannot_discharge,60,False,False,True,1,3.961,True
unsupported_deny_cannot_discharge,61,False,False,True,1,3.961,True
unsupported_deny_cannot_discharge,62,False,False,True,1,3.961,True
unsupported_deny_cannot_discharge,63,False,False,True,1,3.961,True
unsupported_deny_cannot_discharge,64,False,False,True,1,3.961,True
unsupported_deny_cannot_discharge,65,False,False,True,1,3.961,True
unsupported_deny_cannot_discharge,66,False,False,True,1,3.961,True
unsupported_deny_cannot_discharge,67,False,False,True,1,3.961,True
unsupported_deny_cannot_discharge,68,False,False,True,1,3.961,True
unsupported_deny_cannot_discharge,69,False,False,True,1,3.961,True
unsupported_deny_cannot_discharge,70,False,False,True,1,3.961,True
unsupported_deny_cannot_discharge,71,False,False,True,1,3.961,True
unsupported_deny_cannot_discharge,72,False,False,True,1,3.961,True
unsupported_deny_cannot_discharge,73,False,False,True,1,3.961,True
unsupported_deny_cannot_discharge,74,False,False,True,1,3.961,True
unsupported_deny_cannot_discharge,75,False,False,True,1,3.961,True
unsupported_deny_cannot_discharge,76,False,False,True,1,3.961,True
unsupported_deny_cannot_discharge,77,False,False,True,1,3.961,True
unsupported_deny_cannot_discharge,78,False,False,True,1,3.961,True
unsupported_deny_cannot_discharge,79,False,False,True,1,3.961,True
unsupported_deny_cannot_discharge,80,False,False,True,1,3.961,True
unsupported_deny_cannot_discharge,81,False,False,True,1,3.961,True
unsupported_deny_cannot_discharge,82,False,False,True,1,3.961,True
unsupported_deny_cannot_discharge,83,False,False,True,1,3.961,True
unsupported_deny_cannot_discharge,84,False,False,True,1,3.961,True
unsupported_deny_cannot_discharge,85,False,False,True,1,3.961,True
unsupported_deny_cannot_discharge,86,False,False,True,1,3.961,True
unsupported_deny_cannot_discharge,87,False,False,True,1,3.961,True
unsupported_deny_cannot_discharge,88,False,False,True,1,3.961,True
unsupported_deny_cannot_discharge,89,False,False,True,1,3.961,True
unsupported_deny_cannot_discharge,90,False,False,True,1,3.961,True
unsupported_deny_cannot_discharge,91,False,False,True,1,3.961,True
unsupported_deny_cannot_discharge,92,False,False,True,1,3.961,True
unsupported_deny_cannot_discharge,93,False,False,True,1,3.961,True
unsupported_deny_cannot_discharge,94,False,False,True,1,3.961,True
unsupported_deny_cannot_discharge,95,False,False,True,1,3.961,True
unsupported_deny_cannot_discharge,96,False,False,True,1,3.961,True
unsupported_deny_cannot_discharge,97,False,False,True,1,3.961,True
unsupported_deny_cannot_discharge,98,False,False,True,1,3.961,True
unsupported_deny_cannot_discharge,99,False,False,True,1,3.961,True
unsupported_deny_cannot_discharge,100,False,False,True,1,3.961,True
unsupported_deny_cannot_discharge,101,False,False,True,1,3.961,True
unsupported_deny_cannot_discharge,102,False,False,True,1,3.961,True
unsupported_deny_cannot_discharge,103,False,False,True,1,3.961,True
unsupported_deny_cannot_discharge,104,False,False,True,1,3.961,True
unsupported_deny_cannot_discharge,105,False,False,True,1,3.961,True
unsupported_deny_cannot_discharge,106,False,False,True,1,3.961,True
unsupported_deny_cannot_discharge,107,False,False,True,1,3.961,True
unsupported_deny_cannot_discharge,108,False,False,True,1,3.961,True
unsupported_deny_cannot_discharge,109,False,False,True,1,3.961,True
unsupported_deny_cannot_discharge,110,False,False,True,1,3.961,True
unsupported_deny_cannot_discharge,111,False,False,True,1,3.961,True
unsupported_deny_cannot_discharge,112,False,False,True,1,3.961,True
unsupported_deny_cannot_discharge,113,False,False,True,1,3.961,True
unsupported_deny_cannot_discharge,114,False,False,True,1,3.961,True
unsupported_deny_cannot_discharge,115,False,False,True,1,3.961,True
unsupported_deny_cannot_discharge,116,False,False,True,1,3.961,True
unsupported_deny_cannot_discharge,117,False,False,True,1,3.961,True
unsupported_deny_cannot_discharge,118,False,False,True,1,3.961,True
unsupported_deny_cannot_discharge,119,False,False,True,1,3.961,True
unsupported_deny_cannot_discharge,120,False,False,True,1,3.961,True
unsupported_deny_cannot_discharge,121,False,False,True,1,3.961,True
unsupported_deny_cannot_discharge,122,False,False,True,1,3.961,True
unsupported_deny_cannot_discharge,123,False,False,True,1,3.961,True
unsupported_deny_cannot_discharge,124,False,False,True,1,3.961,True
unsupported_deny_cannot_discharge,125,False,False,True,1,3.961,True
unsupported_deny_cannot_discharge,126,False,False,True,1,3.961,True
unsupported_deny_cannot_discharge,127,False,False,True,1,3.961,True
